mona_cd,member_name,is_current,disclosed,row_2024,net_worth_2024,net_worth_2025,total_assets_2024,total_assets_2025,total_realestate_2024,total_realestate_2025,disclosed_prev_total,disclosed_total,change,log_ratio,prev_total_matches
04T3751T,남인순,True,True,True,608914.0,708928.0,878914.0,978928.0,590000.0,640000.0,608914.0,708928.0,100014.0,0.15207692726309485,True
0698755I,이해민,False,True,True,5685539.0,6738636.0,5685539.0,6738636.0,2728684.0,2827240.0,5685539.0,6738636.0,1053097.0,0.16993159694249474,True
0R68099X,이수진,True,True,True,1120928.0,1397526.0,1214062.0,1631836.0,624600.0,880000.0,1120928.0,1397526.0,276598.0,0.2205466168654517,True
0VU8517U,황희,True,True,True,735633.0,737435.0,805633.0,807435.0,420000.0,420000.0,735633.0,737435.0,1802.0,0.0024465956749750257,True
0YT3774N,황운하,True,True,True,1375039.0,1465262.0,1375039.0,1465262.0,793000.0,871000.0,1375039.0,1465262.0,90223.0,0.06355197171692314,True
1A82234K,박은정,True,True,True,3181086.0,3249157.0,3181086.0,3249157.0,1560798.0,2124471.0,3181086.0,3249157.0,68071.0,0.021172930155279684,True
1JI2689F,박용갑,True,True,True,1256373.0,1368591.0,1256373.0,1368591.0,465000.0,475000.0,1256373.0,1368591.0,112218.0,0.08555274497141264,True
1S05899F,채현일,True,True,True,398284.0,433227.0,448284.0,483227.0,260000.0,260000.0,398284.0,433227.0,34943.0,0.0840965213992534,True
1SR94244,김소희,True,True,True,1170565.0,1459181.0,1170565.0,1668381.0,208077.0,559514.0,1170565.0,1459181.0,288616.0,0.22038878118882427,True
1WE5693J,김태년,True,True,True,1103383.0,1236887.0,1208089.0,1287887.0,734000.0,770300.0,1103383.0,1236887.0,133504.0,0.11421682438380887,True
1Y73132H,김상훈,True,True,True,1260991.0,1381348.0,2284595.0,2267480.0,1764000.0,1755000.0,1260991.0,1381348.0,120357.0,0.09116191422871354,True
2385336L,정청래,True,True,True,1711036.0,2074349.0,1781295.0,2074349.0,774000.0,792000.0,1711036.0,2074349.0,363313.0,0.19254833450179448,True
25G2571T,전현희,True,True,True,2604975.0,2899459.0,3754975.0,4149459.0,3432000.0,3705000.0,2604975.0,2899459.0,294484.0,0.10710108963505645,True
2KM3589W,손솔,True,True,False,,18402.0,,74906.0,,50000.0,-7977.0,18402.0,,,False
2NV6751W,장철민,True,True,True,932861.0,1030613.0,1618147.0,1696067.0,1008877.0,1007000.0,932861.0,1030613.0,97752.0,0.09965284185657425,True
2S73768V,이훈기,True,True,True,907582.0,917173.0,1014909.0,971750.0,648848.0,646000.0,907582.0,917173.0,9591.0,0.010512192948552743,True
3249208I,송옥주,True,True,True,890542.0,928095.0,890542.0,928095.0,427000.0,427000.0,890542.0,928095.0,37553.0,0.041303832104510954,True
3BC6890E,김미애,True,True,True,2576424.0,2705721.0,2940094.0,3163713.0,1702281.0,2419112.0,2576424.0,2705721.0,129297.0,0.04896602924921244,True
3C23171A,진성준,True,True,True,1114026.0,1240046.0,1462392.0,1544365.0,1259300.0,1256500.0,1114026.0,1240046.0,126020.0,0.1071679951525623,True
3CC88975,김기표,True,True,True,2967847.0,3132421.0,8406580.0,8477838.0,8145051.0,8146282.0,2967847.0,3132421.0,164574.0,0.05396941388564095,True
3LP22204,이재강,True,True,True,314839.0,429326.0,614841.0,651826.0,497000.0,490000.0,314839.0,429326.0,114487.0,0.31015514005225575,True
3NI5978A,조지연,True,True,True,211491.0,199876.0,702407.0,686396.0,647000.0,644000.0,211491.0,199876.0,-11615.0,-0.056485270120873524,True
3OQ8273H,양문석,False,True,True,3120126.0,1977976.0,3573496.0,2175776.0,3125000.0,1105000.0,3120126.0,1977976.0,-1142150.0,-0.45579928596257935,True
3TP65086,윤종오,True,True,True,505394.0,672832.0,659029.0,1019467.0,384784.0,484784.0,505394.0,672832.0,167438.0,0.286157346854467,True
3UI95829,김우영,True,True,True,356942.0,643188.0,535342.0,1121588.0,350000.0,670225.0,356942.0,643188.0,286246.0,0.5888637573795207,True
3ZR4438W,이인영,True,True,True,1330271.0,1358525.0,1330271.0,1358525.0,464000.0,465000.0,1330271.0,1358525.0,28254.0,0.021016871488888422,True
4019850M,박정,True,True,True,36035714.0,37456689.0,46152390.0,46495617.0,38252303.0,38792831.0,36035714.0,37456689.0,1420975.0,0.038674803246310036,True
42K7317Y,강승규,True,True,True,2007688.0,2359038.0,2073250.0,2382139.0,1813109.0,2059266.0,2007688.0,2359038.0,351350.0,0.16127009754541724,True
43Q3892U,박희승,True,True,True,3141404.0,3441709.0,3689532.0,3969197.0,2209263.0,2223368.0,3141404.0,3441709.0,300305.0,0.0912983166018568,True
4L695580,김원이,True,True,True,1503320.0,1668864.0,1528500.0,1763815.0,649730.0,1335730.0,1503320.0,1668864.0,165544.0,0.10446715981228269,True
4T026790,임오경,True,True,True,1103058.0,1113918.0,1183058.0,1113918.0,860000.0,860000.0,1103058.0,1113918.0,10860.0,0.00979720742717407,True
4U29186R,문진석,True,True,True,2400886.0,3168840.0,2700886.0,3418840.0,1493487.0,1586154.0,2400886.0,3168840.0,767954.0,0.27752775442556193,True
4X525582,배현진,True,True,True,661575.0,716163.0,661575.0,716163.0,44400.0,44400.0,661575.0,716163.0,54588.0,0.07928443886983437,True
51A45980,서미화,True,True,True,1725577.0,1713142.0,1807204.0,1920824.0,678954.0,583389.0,1725577.0,1713142.0,-12435.0,-0.007232375895414559,True
5762459L,이정헌,True,True,True,1364683.0,1418673.0,1842483.0,1933673.0,1043000.0,1043000.0,1364683.0,1418673.0,53990.0,0.038799760412885936,True
5765663F,김영진,True,True,True,1182853.0,1223543.0,1182853.0,1223543.0,456700.0,425400.0,1182853.0,1223543.0,40690.0,0.03382143143835581,True
57B28032,김재섭,True,True,True,516333.0,690182.0,578967.0,751413.0,314170.0,442170.0,516333.0,690182.0,173849.0,0.290203424755795,True
5K93695T,김승수,True,True,True,2136799.0,2045399.0,2164221.0,2070861.0,926300.0,883973.0,2136799.0,2045399.0,-91400.0,-0.04371603433625791,True
5KV82250,조경태,True,True,True,1804750.0,1864457.0,2051750.0,2093457.0,1130800.0,1178900.0,1804750.0,1864457.0,59707.0,0.032547779850422384,True
5KV96424,강준현,True,True,True,1637569.0,1793194.0,1757569.0,1913194.0,1234221.0,1239470.0,1637569.0,1793194.0,155625.0,0.09078556227577671,True
5MD4184K,홍기원,True,True,True,2507094.0,2624873.0,2607094.0,2724873.0,2019354.0,2088365.0,2507094.0,2624873.0,117779.0,0.045908200433613336,True
5N65159P,김윤,True,True,True,3694945.0,3963531.0,3721309.0,4011603.0,2296508.0,2553000.0,3694945.0,3963531.0,268586.0,0.07016962532480758,True
5TQ6306B,박수현,False,True,True,397311.0,744190.0,397311.0,744190.0,280000.0,470000.0,397311.0,744190.0,346879.0,0.6275770292504277,True
68P7228G,진선미,True,True,True,-860684.0,-792273.0,861293.0,904153.0,300000.0,300000.0,-860684.0,-792273.0,68411.0,,True
6AU2417B,박주민,True,True,True,2002622.0,2011530.0,2191946.0,2015891.0,1440000.0,1400000.0,2002622.0,2011530.0,8908.0,0.004438304589803194,True
6EN68926,송언석,True,True,True,6485892.0,7318712.0,7285892.0,8118712.0,4248365.0,4935871.0,6485892.0,7318712.0,832820.0,0.12080499970929502,True
6I88973D,부승찬,True,True,True,183490.0,347818.0,1070266.0,1307360.0,830507.0,873477.0,183490.0,347818.0,164328.0,0.6395191843656756,True
6K79158C,이용우,True,True,True,1562889.0,1753033.0,1591223.0,1754695.0,1320000.0,1280000.0,1562889.0,1753033.0,190144.0,0.11481139899053905,True
6RD62559,박정하,True,True,True,1292162.0,1431689.0,1483045.0,1615337.0,944000.0,965000.0,1292162.0,1431689.0,139527.0,0.1025380816837581,True
6U243644,박형수,True,True,True,2263669.0,2594771.0,2273669.0,2604771.0,1681241.0,1826026.0,2263669.0,2594771.0,331102.0,0.13651131785671766,True
6VC83722,김현정,True,True,True,3245377.0,3733424.0,3645377.0,4133424.0,1246000.0,1392000.0,3245377.0,3733424.0,488047.0,0.14009425290798738,True
6WK3815W,김태선,True,True,True,567431.0,770195.0,1038197.0,1189445.0,870000.0,870000.0,567431.0,770195.0,202764.0,0.3055245734791212,True
7469929V,구자근,True,True,True,745153.0,787840.0,879704.0,915908.0,255800.0,305800.0,745153.0,787840.0,42687.0,0.055705457134310236,True
7BM2933Y,김영호,True,True,True,1314194.0,1303940.0,1897465.0,1880563.0,1412619.0,1413967.0,1314194.0,1303940.0,-10254.0,-0.007833099780140558,True
7GW5372Y,김선민,True,True,True,1562912.0,1991950.0,1574548.0,1991950.0,450040.0,472540.0,1562912.0,1991950.0,429038.0,0.24256331057482156,True
7R156073,박범계,True,True,True,1150313.0,1300066.0,1150313.0,1300066.0,413318.0,413925.0,1150313.0,1300066.0,149753.0,0.12238095315394443,True
7XY7109I,성일종,True,True,True,6657049.0,6976302.0,6657049.0,6976302.0,2842672.0,2842697.0,6657049.0,6976302.0,319253.0,0.046842683689588854,True
7YC6702R,이건태,True,True,True,4848721.0,5533006.0,5178721.0,5863006.0,1558968.0,1812489.0,4848721.0,5533006.0,684285.0,0.1320162894868239,True
7YL9580G,김현,True,True,True,768313.0,978901.0,1209821.0,1345742.0,990000.0,990000.0,768313.0,978901.0,210588.0,0.24223331161745643,True
80C5885Z,서왕진,True,True,True,713409.0,848498.0,713409.0,848498.0,154000.0,154000.0,713409.0,848498.0,135089.0,0.17341283908212451,True
8348421R,엄태영,True,True,True,1131413.0,1139784.0,1228473.0,1234324.0,661000.0,679000.0,1131413.0,1139784.0,8371.0,0.007371476719734554,True
86R9476S,김문수,True,True,True,289175.0,380496.0,630698.0,666410.0,413790.0,442790.0,289175.0,380496.0,91321.0,0.2744436235814446,True
88O1334C,김성회,True,True,True,501471.0,740132.0,855926.0,1390132.0,682000.0,1014000.0,501471.0,740132.0,238661.0,0.3892827694595287,True
8A05621B,김준형,True,True,True,772119.0,942119.0,772119.0,942119.0,320000.0,300000.0,772119.0,942119.0,170000.0,0.1989929103383261,True
8BF5855P,박지원,True,True,True,3002150.0,3365880.0,3119983.0,3466774.0,2179000.0,2416000.0,3002150.0,3365880.0,363730.0,0.11436074585737882,True
8FB1535Y,어기구,True,True,True,833471.0,1098217.0,941429.0,1102055.0,597179.0,607648.0,833471.0,1098217.0,264746.0,0.2758443260569562,True
8JG4358H,한민수,True,True,True,1303309.0,1691497.0,1303309.0,1691497.0,500000.0,500000.0,1303309.0,1691497.0,388188.0,0.2607075205851519,True
8L52480G,이상휘,True,True,True,1665155.0,819618.0,3553302.0,2751805.0,3367750.0,2412472.0,1665155.0,819618.0,-845537.0,-0.7088351131185092,True
8O34202I,김영환,True,True,True,1676685.0,1890972.0,1946196.0,2131781.0,593000.0,576000.0,1676685.0,1890972.0,214287.0,0.12027235280886607,True
8P37634C,강득구,True,True,True,1364369.0,1591399.0,1471369.0,1726399.0,545000.0,629000.0,1364369.0,1591399.0,227030.0,0.15392145288912593,True
8Q88373R,김병기,True,True,True,3544029.0,3969182.0,4344029.0,4769182.0,2794621.0,2926625.0,3544029.0,3969182.0,425153.0,0.11329581257519224,True
8SV6917G,주호영,True,True,True,4201851.0,5230650.0,5131851.0,6160650.0,4675991.0,5502236.0,4201851.0,5230650.0,1028799.0,0.21901041084811324,True
8TU8443O,조계원,True,True,True,876348.0,1235169.0,1626348.0,2022669.0,1178336.0,1276845.0,876348.0,1235169.0,358821.0,0.34319980948192075,True
8UC4779G,우재준,True,True,True,2515564.0,1097529.0,3124896.0,1097529.0,405000.0,419000.0,2515564.0,1097529.0,-1418035.0,-0.8294357435752929,True
8X15119P,윤한홍,True,True,True,2728077.0,2865268.0,2876037.0,3111868.0,1593710.0,1677350.0,2728077.0,2865268.0,137191.0,0.049064923159942424,True
8XE7026P,정연욱,True,True,True,1979950.0,2021169.0,2009950.0,2021169.0,655000.0,655000.0,1979950.0,2021169.0,41219.0,0.020604465032343196,True
95J3282H,이광희,True,True,True,281953.0,401041.0,452512.0,511313.0,250130.0,249130.0,281953.0,401041.0,119088.0,0.35232327608798075,True
9901388T,강명구,True,True,True,196079.0,451720.0,278688.0,525453.0,120000.0,180000.0,196079.0,451720.0,255641.0,0.8345448796078175,True
9D939735,김성원,True,True,True,969243.0,1149777.0,1132433.0,1275277.0,628000.0,676000.0,969243.0,1149777.0,180534.0,0.1708079350642203,True
9HE7226N,정진욱,True,True,True,1514119.0,1657305.0,1734598.0,1700245.0,376670.0,385675.0,1514119.0,1657305.0,143186.0,0.09035903743584016,True
9JF4562W,이용선,True,True,True,1147179.0,1258228.0,1172051.0,1270839.0,786584.0,810698.0,1147179.0,1258228.0,111049.0,0.0923984966635039,True
9LD2641Q,김정호,True,True,True,849943.0,1185263.0,849943.0,1185263.0,347740.0,145000.0,849943.0,1185263.0,335320.0,0.3325506814599679,True
9VR65006,윤영석,True,True,True,1476852.0,1914642.0,2361060.0,2777730.0,2310000.0,2582000.0,1476852.0,1914642.0,437790.0,0.25961786457231606,True
9YO73104,전재수,False,True,True,687034.0,717243.0,689296.0,1417243.0,170000.0,929730.0,687034.0,717243.0,30209.0,0.04303091377946039,True
A0P4646G,최형두,True,True,True,1955753.0,1971993.0,2015753.0,2091993.0,1487500.0,1487500.0,1955753.0,1971993.0,16240.0,0.008269420958139886,True
A494529E,천준호,True,True,True,1368845.0,1478881.0,1368845.0,1488881.0,697500.0,715000.0,1368845.0,1478881.0,110036.0,0.07731840215463119,True
AEJ19639,박정훈,True,True,True,3665575.0,4498017.0,4574399.0,5363034.0,4179695.0,4313183.0,3665575.0,4498017.0,832442.0,0.2046514204595483,True
AEO5706C,이강일,True,True,True,2599420.0,2804907.0,2599420.0,2804907.0,1210000.0,1109000.0,2599420.0,2804907.0,205487.0,0.07608204012580218,True
ANS8383S,김대식,True,True,True,3545747.0,2836824.0,4127747.0,3086824.0,2656058.0,1861066.0,3545747.0,2836824.0,-708923.0,-0.22306374056997738,True
ATB59635,김승원,True,True,True,521861.0,933324.0,1101071.0,1783112.0,551000.0,962584.0,521861.0,933324.0,411463.0,0.5813511385472037,True
B7D7534L,김영배,True,True,True,1122751.0,1346858.0,1365565.0,1594921.0,758200.0,794100.0,1122751.0,1346858.0,224107.0,0.18199254876503193,True
BCQ55105,한준호,True,True,True,596829.0,765273.0,909233.0,1020463.0,486604.0,471073.0,596829.0,765273.0,168444.0,0.24860199270899755,True
BNV6535N,정혜경,True,True,True,174158.0,252322.0,411661.0,417425.0,251179.0,252125.0,174158.0,252322.0,78164.0,0.37074311645872854,True
BRU2690F,오세희,True,True,True,8259654.0,8109637.0,8501563.0,8262086.0,2070000.0,2070000.0,8259654.0,8109637.0,-150017.0,-0.018329590466200116,True
BT62420K,박찬대,False,True,True,2965741.0,3076101.0,2965741.0,3124539.0,691200.0,676700.0,2965741.0,3076101.0,110360.0,0.036535969045866194,True
C7E79345,권칠승,True,True,True,753533.0,902098.0,808525.0,936168.0,315000.0,315000.0,753533.0,902098.0,148565.0,0.17995034888303996,True
CAA7713A,백종헌,True,True,True,32355140.0,31876622.0,36119140.0,35712622.0,18333700.0,19577289.0,32355140.0,31876622.0,-478518.0,-0.014900007038803372,True
CC78321E,최혁진,True,True,False,,442651.0,,641692.0,,406390.0,317646.0,442651.0,,,False
CCU1009B,이해식,True,True,True,2438177.0,2520632.0,3288177.0,2520632.0,2451000.0,1746000.0,2438177.0,2520632.0,82455.0,0.03325903481465668,True
CGW7415Z,정성국,True,True,True,209460.0,284400.0,879460.0,954400.0,534000.0,556000.0,209460.0,284400.0,74940.0,0.3058489075840862,True
CIZ8557P,장종태,True,True,True,749304.0,882014.0,749304.0,882014.0,492000.0,492000.0,749304.0,882014.0,132710.0,0.1630631532249117,True
CK143054,양부남,True,True,True,8537828.0,8838936.0,8713828.0,9014936.0,3414128.0,3442502.0,8537828.0,8838936.0,301108.0,0.034659864514739375,True
CNW5754J,송석준,True,True,True,1613832.0,1531858.0,2071575.0,1874541.0,1249204.0,1143127.0,1613832.0,1531858.0,-81974.0,-0.05213009748332527,True
CNZ51556,김예지,True,True,True,950788.0,1307380.0,950788.0,1554020.0,449000.0,1180000.0,950788.0,1307380.0,356592.0,0.3184892990689084,True
D6U6678O,김주영,True,True,True,3557386.0,3606453.0,3557386.0,3606453.0,1250180.0,1275499.0,3557386.0,3606453.0,49067.0,0.013698735358147987,True
D9I3309M,문대림,True,True,True,1549835.0,1860240.0,1549835.0,1860240.0,947090.0,939912.0,1549835.0,1860240.0,310405.0,0.18255703800735165,True
DAV7257X,이원택,False,True,True,1292748.0,1363042.0,1321908.0,1483042.0,434711.0,430238.0,1292748.0,1363042.0,70294.0,0.052948781416227025,True
DAY6557K,정동만,True,True,True,1739284.0,1868412.0,2546942.0,2565615.0,1666451.0,1700283.0,1739284.0,1868412.0,129128.0,0.07161533794619854,True
DMP1439I,김재원,True,True,True,486339.0,565994.0,662415.0,746010.0,555000.0,555000.0,486339.0,565994.0,79655.0,0.15167756583717457,True
DWK26447,이인선,True,True,True,6988070.0,7617155.0,7225570.0,7854655.0,2158085.0,2164016.0,6988070.0,7617155.0,629085.0,0.08619853100852705,True
E1J8836Y,김정재,True,True,True,1009962.0,1136938.0,1009962.0,1136938.0,491494.0,516636.0,1009962.0,1136938.0,126976.0,0.11842597743511302,True
E2B3753X,박해철,True,True,True,2165771.0,2488238.0,2165771.0,2488238.0,815826.0,812841.0,2165771.0,2488238.0,322467.0,0.13879841131475176,True
EB16073M,안도걸,True,True,True,3829124.0,4418437.0,5182274.0,6247537.0,4308200.0,5210800.0,3829124.0,4418437.0,589313.0,0.14314995723646945,True
EBH1101V,이연희,True,True,True,762088.0,778345.0,1249565.0,1576234.0,987165.0,1358305.0,762088.0,778345.0,16257.0,0.02110783603290533,True
EFU76868,권향엽,True,True,True,275596.0,364296.0,1094602.0,1157410.0,602000.0,602000.0,275596.0,364296.0,88700.0,0.2790306987465889,True
EH27538E,임이자,True,True,True,1210860.0,1452285.0,1570860.0,1812285.0,639000.0,644000.0,1210860.0,1452285.0,241425.0,0.1818073271822043,True
EMH4976E,박지혜,True,True,True,2256036.0,2715727.0,2256036.0,2715727.0,1535443.0,1783514.0,2256036.0,2715727.0,459691.0,0.18545039822521206,True
EPI69383,김용태,True,True,True,1809255.0,2305835.0,2112537.0,2604863.0,1747429.0,2113592.0,1809255.0,2305835.0,496580.0,0.24252770847870567,True
EVH1507C,이헌승,True,True,True,5718294.0,7673182.0,7287325.0,9015762.0,4589909.0,6517010.0,5718294.0,7673182.0,1954888.0,0.29406088329270325,True
FH777496,임호선,True,True,True,2824129.0,3083818.0,3010061.0,3262214.0,2338073.0,2426063.0,2824129.0,3083818.0,259689.0,0.08796844121810023,True
FIE6569O,곽상언,True,True,True,1781778.0,2137606.0,3907921.0,4169853.0,3387553.0,3459553.0,1781778.0,2137606.0,355828.0,0.18207476907906311,True
FJK3396E,맹성규,True,True,True,1914616.0,1965474.0,1914616.0,1965474.0,795036.0,841274.0,1914616.0,1965474.0,50858.0,0.02621635727393769,True
FOK3459D,서삼석,True,True,True,1692911.0,1756966.0,1816640.0,1861834.0,840000.0,962000.0,1692911.0,1756966.0,64055.0,0.0371389254852095,True
FU53642G,허영,True,True,True,1713265.0,1775174.0,2432265.0,2495174.0,1548138.0,1550045.0,1713265.0,1775174.0,61909.0,0.03549753955682331,True
FU87526G,박수영,True,True,True,3600545.0,4010253.0,4234149.0,4490253.0,2194886.0,2197808.0,3600545.0,4010253.0,409708.0,0.10776910870475917,True
FYI20317,조승래,True,True,True,1066830.0,1487668.0,1195813.0,1779947.0,680627.0,1344228.0,1066830.0,1487668.0,420838.0,0.3325181588216089,True
G152611B,추경호,False,True,True,4438914.0,4710692.0,4438914.0,4710692.0,2219000.0,2438000.0,4438914.0,4710692.0,271778.0,0.059425066748762474,True
G6W8250J,박준태,True,True,True,2315349.0,2509560.0,2375185.0,2555461.0,1998290.0,1998290.0,2315349.0,2509560.0,194211.0,0.08054700685709285,True
GE71932C,용혜인,True,True,True,446123.0,543835.0,1128226.0,1174326.0,923000.0,897000.0,446123.0,543835.0,97712.0,0.19805119327318615,True
GF286398,김병주,True,True,True,1244340.0,1537311.0,1244340.0,1687311.0,562000.0,625000.0,1244340.0,1537311.0,292971.0,0.21142951744194444,True
GJ56729D,복기왕,True,True,True,2136145.0,2532971.0,2202252.0,2554001.0,1182396.0,764756.0,2136145.0,2532971.0,396826.0,0.17039011939007515,True
GJK57930,주진우,True,True,True,7019536.0,7824081.0,7216936.0,7989081.0,3980197.0,3983029.0,7019536.0,7824081.0,804545.0,0.10850916645253408,True
GOC54665,문정복,True,True,True,1937945.0,1979533.0,1969756.0,2010255.0,493000.0,1172173.0,1937945.0,1979533.0,41588.0,0.021232825008675488,True
GP07421U,윤건영,True,True,True,1356295.0,1725473.0,1711333.0,2025473.0,1174000.0,1184000.0,1356295.0,1725473.0,369178.0,0.24074449831542974,True
GP21946O,박충권,True,True,True,55503.0,3383878.0,101872.0,5137528.0,10000.0,4587492.0,55503.0,3383878.0,3328375.0,4.110340594721193,True
GRP3908I,문금주,True,True,True,1530694.0,1768923.0,1530694.0,1768923.0,362000.0,365000.0,1530694.0,1768923.0,238229.0,0.1446496594811074,True
GX22581L,강민국,True,True,True,1772335.0,1986097.0,1942335.0,2056097.0,1392861.0,1399708.0,1772335.0,1986097.0,213762.0,0.11387352008994407,True
GX38539O,유동수,True,True,True,4139621.0,4209127.0,4139621.0,4209127.0,779385.0,779593.0,4139621.0,4209127.0,69506.0,0.016651025018173678,True
H5476989,한병도,True,True,True,1408966.0,1574052.0,1408966.0,1574052.0,241270.0,232293.0,1408966.0,1574052.0,165086.0,0.11079708426197411,True
HE08888N,김기웅,True,True,True,1605719.0,1815297.0,1655719.0,1865297.0,1372970.0,1442031.0,1605719.0,1815297.0,209578.0,0.12267745934449883,True
HHB5652A,허성무,True,True,True,2765729.0,2904333.0,3245729.0,3384333.0,2326142.0,2306158.0,2765729.0,2904333.0,138604.0,0.04889950678310272,True
HRG9655C,김희정,True,True,True,4788792.0,5626480.0,5838792.0,6676480.0,1465295.0,4018221.0,4788792.0,5626480.0,837688.0,0.1612058370436857,True
HS39431V,고동진,True,True,True,31674120.0,37359756.0,31674120.0,37359756.0,7247000.0,8181000.0,31674120.0,37359756.0,5685636.0,0.16509413863138145,True
HSS7466Y,백혜련,True,True,True,1891174.0,1940802.0,1891174.0,1940802.0,738778.0,816641.0,1891174.0,1940802.0,49628.0,0.025903489459804772,True
HSW1214Q,이종배,True,True,True,3208175.0,3304079.0,3208175.0,3304079.0,1868705.0,2077705.0,3208175.0,3304079.0,95904.0,0.029455526145900367,True
HVV5250J,박정현,True,True,True,429497.0,641487.0,735148.0,895671.0,603000.0,603000.0,429497.0,641487.0,211990.0,0.40117416231266373,True
HXT76735,박상혁,True,True,True,2497032.0,2864287.0,2497032.0,2864287.0,898000.0,1014000.0,2497032.0,2864287.0,367255.0,0.13721662698099557,True
I5I2468R,최기상,True,True,True,2070282.0,2293976.0,2970282.0,3193976.0,1973963.0,2143225.0,2070282.0,2293976.0,223694.0,0.10260172669485765,True
I7R13867,이개호,True,True,True,3138919.0,3252446.0,3273919.0,3387446.0,1095947.0,1210829.0,3138919.0,3252446.0,113527.0,0.03552885552275135,True
IC499858,정준호,True,True,True,-1128334.0,-1050308.0,1589892.0,1649882.0,1358000.0,1398000.0,-1128334.0,-1050308.0,78026.0,,True
IL74008M,박성준,True,True,True,3134250.0,3381112.0,3134250.0,3381112.0,1813960.0,1883313.0,3134250.0,3381112.0,246862.0,0.0758147384570839,True
IN328264,조정식,True,True,True,1497794.0,1595461.0,1536590.0,1603896.0,945000.0,945000.0,1497794.0,1595461.0,97667.0,0.06316936373954417,True
IUX1829H,김남근,True,True,True,4614657.0,5227800.0,4614657.0,5227800.0,865899.0,866045.0,4614657.0,5227800.0,613143.0,0.12475299715066254,True
IWK63872,조배숙,True,True,True,3121952.0,3312212.0,3280283.0,3427212.0,2080428.0,2251999.0,3121952.0,3312212.0,190260.0,0.059157796921039826,True
IWR8966I,박균택,True,True,True,2602902.0,2973726.0,5119202.0,5451814.0,4420651.0,4724337.0,2602902.0,2973726.0,370824.0,0.1331887355475565,True
J1G57517,모경종,True,True,True,19527.0,170154.0,380656.0,517995.0,250000.0,260000.0,19527.0,170154.0,150627.0,2.164905786081052,True
JC14718Q,윤준병,True,True,True,1825362.0,1875736.0,1827250.0,1875736.0,571595.0,585881.0,1825362.0,1875736.0,50374.0,0.02722279220579793,True
JEZ3130Q,김형동,True,True,True,1527407.0,1693303.0,2668160.0,2786343.0,2400774.0,2403106.0,1527407.0,1693303.0,165896.0,0.10310953296294165,True
JG77046J,이언주,True,True,True,6668072.0,7129068.0,8328306.0,8370068.0,7775018.0,7670172.0,6668072.0,7129068.0,460996.0,0.06684974792401603,True
JNL7001A,김선교,True,True,True,709423.0,1190674.0,1193207.0,1824784.0,783397.0,1238832.0,709423.0,1190674.0,481251.0,0.5178228487450519,True
JP222486,서천호,True,True,True,2043795.0,2157728.0,2369459.0,2731642.0,2033453.0,2448068.0,2043795.0,2157728.0,113933.0,0.05424744249018605,True
JQA21112,한기호,True,True,True,4031749.0,4426751.0,4031749.0,4426751.0,2641000.0,3044000.0,4031749.0,4426751.0,395002.0,0.09346562955632019,True
JSA8739I,손명수,True,True,True,3331444.0,4170581.0,3331444.0,4170581.0,1387000.0,1360000.0,3331444.0,4170581.0,839137.0,0.22464951100846817,True
JZV5283U,유영하,True,True,True,2542672.0,2686875.0,2813492.0,2944411.0,2327419.0,2481374.0,2542672.0,2686875.0,144203.0,0.05516331166514997,True
K5F2023J,이학영,True,True,True,1700736.0,1903340.0,1805736.0,1923340.0,961442.0,951061.0,1700736.0,1903340.0,202604.0,0.1125491390739943,True
KBK8836C,유용원,True,True,True,4940883.0,5767339.0,4940883.0,5767339.0,2822000.0,3394000.0,4940883.0,5767339.0,826456.0,0.1546667354688315,True
KFM1081G,장동혁,True,True,True,2934918.0,3219651.0,2944918.0,3229651.0,2091513.0,1479227.0,2934918.0,3219651.0,284733.0,0.09259345437050223,True
KNP22261,차규근,True,True,True,1326406.0,1361806.0,1596406.0,1876806.0,985000.0,1200000.0,1326406.0,1361806.0,35400.0,0.026338731079368266,True
L2I9861C,강대식,True,True,True,911163.0,1124200.0,1021163.0,1234200.0,457000.0,457000.0,911163.0,1124200.0,213037.0,0.21010514505399638,True
L5P27909,김은혜,True,True,True,27392391.0,29436068.0,29445087.0,31490994.0,20177369.0,20872428.0,27392391.0,29436068.0,2043677.0,0.0719554510600549,True
L7J93733,서범수,True,True,True,3555614.0,3893922.0,3747880.0,4073486.0,2640826.0,3073971.0,3555614.0,3893922.0,338308.0,0.09088911310433453,True
LCZ1711I,김위상,True,True,True,1835585.0,1883550.0,2298376.0,2328381.0,1901380.0,1905842.0,1835585.0,1883550.0,47965.0,0.025795062330763282,True
LG63087O,권영세,True,True,True,4577924.0,4569774.0,5729496.0,5832578.0,3894000.0,4484000.0,4577924.0,4569774.0,-8150.0,-0.0017818695274798293,True
LH97552Q,김도읍,True,True,True,5069713.0,5510918.0,5903640.0,6146308.0,5357336.0,5471614.0,5069713.0,5510918.0,441205.0,0.08344700695239718,True
LJK4960Z,정점식,True,True,True,9916186.0,8356729.0,10231186.0,9984789.0,8115984.0,7503617.0,9916186.0,8356729.0,-1559457.0,-0.17110128897180416,True
LT72093S,정일영,True,True,True,2667672.0,2760424.0,3797672.0,3610424.0,2535675.0,2155442.0,2667672.0,2760424.0,92752.0,0.03417810915354873,True
LYY5513O,권영진,True,True,True,2132960.0,2317415.0,2164628.0,2342921.0,1159912.0,1216066.0,2132960.0,2317415.0,184455.0,0.08294165394785583,True
M2Q9024I,김종민,True,True,True,446633.0,564254.0,1035343.0,1041174.0,690100.0,515000.0,446633.0,564254.0,117621.0,0.23376727642696568,True
M4O5221T,박민규,True,True,True,2665175.0,2996108.0,3692075.0,3859363.0,3034665.0,3050812.0,2665175.0,2996108.0,330933.0,0.11704439156617906,True
M7O7878U,신정훈,True,True,True,332651.0,299832.0,374560.0,348704.0,67998.0,69715.0,332651.0,299832.0,-32819.0,-0.10387157454837365,True
MDC3257K,백승아,True,True,True,545751.0,661842.0,775157.0,926303.0,410500.0,410500.0,545751.0,661842.0,116091.0,0.1928640289865712,True
ME83002L,조승환,True,True,True,685583.0,823766.0,725583.0,863766.0,599000.0,707000.0,685583.0,823766.0,138183.0,0.18361693781997698,True
MIS62075,김동아,True,True,True,1543836.0,1757852.0,1765836.0,1936852.0,750000.0,788161.0,1543836.0,1757852.0,214016.0,0.1298223807989288,True
MNZ4401T,강선우,True,True,True,285236.0,364491.0,1558455.0,1788598.0,1408100.0,1484400.0,285236.0,364491.0,79255.0,0.2451849520027184,True
MQK9493H,윤종군,True,True,True,497653.0,710883.0,1256954.0,1434565.0,962926.0,968028.0,497653.0,710883.0,213230.0,0.35660481229316504,True
MQU41854,조은희,True,True,True,4586018.0,5026278.0,6775989.0,7238396.0,5297475.0,6042302.0,4586018.0,5026278.0,440260.0,0.09166764055026683,True
MR210505,서일준,True,True,True,2201507.0,2190125.0,2671507.0,2670613.0,1916856.0,1773322.0,2201507.0,2190125.0,-11382.0,-0.005183506033740339,True
MSY7784L,윤상현,True,True,True,17721055.0,21800935.0,17721055.0,21800935.0,2831877.0,2884425.0,17721055.0,21800935.0,4079880.0,0.2071993781328413,True
MU69217P,유상범,True,True,True,3809005.0,4154515.0,3809005.0,4154515.0,2412000.0,2723000.0,3809005.0,4154515.0,345510.0,0.086827694483067,True
N2P9317N,이성윤,True,True,True,1317376.0,1456553.0,1317376.0,1456553.0,467000.0,490000.0,1317376.0,1456553.0,139177.0,0.10043080600114031,True
N378078V,김종양,True,True,True,3985452.0,3806915.0,4510048.0,4441218.0,3344356.0,3257597.0,3985452.0,3806915.0,-178537.0,-0.0458315812957824,True
N4R2421C,박덕흠,True,True,True,53503206.0,54794521.0,53533206.0,54824521.0,31484643.0,32347690.0,53503206.0,54794521.0,1291315.0,0.023848629863475967,True
NA61091D,정을호,False,True,True,2325551.0,3267220.0,2325551.0,3267220.0,824000.0,947000.0,2325551.0,3267220.0,941669.0,0.3399824702099169,True
NB64509Z,김용만,True,True,True,300015.0,284770.0,800015.0,659770.0,640000.0,540000.0,300015.0,284770.0,-15245.0,-0.05215063649541337,True
NLS46526,이종욱,True,True,True,2949316.0,3114655.0,3514316.0,3284655.0,2050629.0,2157000.0,2949316.0,3114655.0,165339.0,0.05454511263132679,True
NPD75153,신장식,True,True,True,780753.0,798982.0,780753.0,798982.0,45920.0,45920.0,780753.0,798982.0,18229.0,0.023079578737332074,True
NQO7187X,강선영,True,True,True,1082175.0,1135274.0,1713855.0,1761640.0,1083000.0,1083000.0,1082175.0,1135274.0,53099.0,0.04790112662107305,True
NUB4941Z,김한규,True,True,True,5840809.0,6877865.0,5840809.0,6877865.0,2518112.0,2824568.0,5840809.0,6877865.0,1037056.0,0.16343896937530583,True
NX534083,박성훈,True,True,True,5003323.0,5970491.0,6885076.0,7831573.0,6342510.0,7148220.0,5003323.0,5970491.0,967168.0,0.17672687689340522,True
NXB3178C,김남희,True,True,True,2604640.0,2834479.0,2604640.0,3834479.0,1720000.0,1720000.0,2604640.0,2834479.0,229839.0,0.08456367616265509,True
O0I2045I,이정문,True,True,True,479196.0,576772.0,671905.0,829512.0,480385.0,480603.0,479196.0,576772.0,97576.0,0.1853373415821437,True
O6D8329R,민홍철,True,True,True,2565100.0,2847371.0,2788198.0,3056696.0,2401000.0,2576000.0,2565100.0,2847371.0,282271.0,0.10439864819815402,True
O7R5461J,윤후덕,True,True,True,3366687.0,3770059.0,3385187.0,4350059.0,2172000.0,2788000.0,3366687.0,3770059.0,403372.0,0.11316147644000935,True
OFE45081,김용민,True,True,True,961446.0,1006102.0,1756730.0,2132804.0,1410900.0,1745900.0,961446.0,1006102.0,44656.0,0.045400335964811515,True
OIA3741M,오기형,True,True,True,1885618.0,1875152.0,1885618.0,1875152.0,1069000.0,1069000.0,1885618.0,1875152.0,-10466.0,-0.005565895823998007,True
OSV9142K,이만희,True,True,True,3041621.0,3229008.0,3556621.0,3742061.0,2312209.0,2605413.0,3041621.0,3229008.0,187387.0,0.059784372331188586,True
OWD1018N,신동욱,True,True,True,3263132.0,3615438.0,4370132.0,4722438.0,3101336.0,3212013.0,3263132.0,3615438.0,352306.0,0.10252553973365901,True
P0F1530P,김태호,True,True,True,1639650.0,1517512.0,1956630.0,1758136.0,1204617.0,1113984.0,1639650.0,1517512.0,-122138.0,-0.07741065276256849,True
P7U7800Z,서지영,True,True,True,1732519.0,1433345.0,2038282.0,1933345.0,1763000.0,1362000.0,1732519.0,1433345.0,-299174.0,-0.1895655452995881,True
P8A4624C,전종덕,True,True,True,530758.0,662847.0,875059.0,986880.0,573719.0,585136.0,530758.0,662847.0,132089.0,0.22223802084411662,True
PFG2137X,정희용,True,True,True,1247781.0,1430120.0,2457002.0,2639396.0,1871889.0,1909569.0,1247781.0,1430120.0,182339.0,0.13639158305552082,True
PYA8594I,안상훈,True,True,True,7044069.0,7925960.0,7044069.0,7925960.0,4208828.0,4933409.0,7044069.0,7925960.0,881891.0,0.11795746191702017,True
Q918403D,한지아,True,True,True,6277701.0,6597615.0,6293951.0,7245865.0,2979072.0,5637744.0,6277701.0,6597615.0,319914.0,0.04970438943555166,True
QDU1100U,진종오,True,True,True,3014958.0,3470654.0,3897266.0,3888654.0,3164734.0,3209143.0,3014958.0,3470654.0,455696.0,0.14075714908865092,True
QQ429063,서명옥,True,True,True,25517014.0,27058628.0,32154431.0,33688628.0,18674800.0,19842295.0,25517014.0,27058628.0,1541614.0,0.05866047395263064,True
QQP4727N,배준영,True,True,True,5465774.0,6067488.0,6711645.0,7291825.0,5341302.0,5860368.0,5465774.0,6067488.0,601714.0,0.10443894072094013,True
QUR40502,전진숙,True,True,True,479875.0,765981.0,1012885.0,1293911.0,929000.0,964000.0,479875.0,765981.0,286106.0,0.46763171193445513,True
QWL7778X,이준석,True,True,True,1470897.0,1324194.0,1615729.0,1466738.0,1088000.0,1088000.0,1470897.0,1324194.0,-146703.0,-0.10506844631273275,True
RAJ1024Z,임종득,True,True,True,791716.0,1426560.0,1298715.0,1625893.0,958600.0,1109900.0,791716.0,1426560.0,634844.0,0.5888184891088919,True
RBM5454A,이주희,True,True,False,,95300.0,,718691.0,,658260.0,153854.0,95300.0,,,False
RC885085,차지호,True,True,True,38176.0,164868.0,265972.0,573729.0,70000.0,310000.0,38176.0,164868.0,126692.0,1.4629381078143058,True
REG96285,곽규택,True,True,True,1081528.0,1071792.0,5026283.0,5030042.0,4172538.0,4244671.0,1081528.0,1071792.0,-9736.0,-0.009042842071837249,True
RG972910,송재봉,True,True,True,438064.0,458949.0,610701.0,646698.0,439179.0,425445.0,438064.0,458949.0,20885.0,0.0465740743525306,True
RJH6314D,황명선,True,True,True,512928.0,557025.0,547469.0,588587.0,248600.0,244600.0,512928.0,557025.0,44097.0,0.08247463777999936,True
RKS3658I,이재관,True,True,True,1026103.0,1170579.0,1322097.0,1445579.0,1120202.0,1129410.0,1026103.0,1170579.0,144476.0,0.13173036662247217,True
RMC1840P,신성범,True,True,True,1342557.0,1588157.0,1630806.0,1871874.0,1480192.0,1585647.0,1342557.0,1588157.0,245600.0,0.16799821983659263,True
ROS6754L,이달희,True,True,True,1103281.0,1225602.0,1403281.0,1564532.0,840000.0,840000.0,1103281.0,1225602.0,122321.0,0.10514368428488566,True
RPN2293B,장경태,True,True,True,850795.0,945026.0,965095.0,1059311.0,403896.0,406608.0,850795.0,945026.0,94231.0,0.10504123385577523,True
RQQ3807K,위성곤,False,True,True,527670.0,562891.0,778016.0,804462.0,294000.0,293000.0,527670.0,562891.0,35221.0,0.0646149153995109,True
RUZ25800,노종면,True,True,True,2344084.0,2293618.0,2678335.0,2606694.0,1605871.0,1606918.0,2344084.0,2293618.0,-50466.0,-0.021764223769251943,True
S824682L,박홍근,True,True,True,603045.0,585034.0,606848.0,588837.0,329123.0,340745.0,603045.0,585034.0,-18011.0,-0.030321855607316844,True
S9U45255,이양수,True,True,True,1866464.0,1907324.0,1866464.0,1927324.0,955000.0,999934.0,1866464.0,1907324.0,40860.0,0.02165548080379962,True
SLW27496,나경원,True,True,True,5953678.0,7902836.0,6723921.0,8732955.0,5186191.0,6163906.0,5953678.0,7902836.0,1949158.0,0.2832125025529593,True
SQ36001H,송기헌,True,True,True,331881.0,468667.0,1489913.0,1627676.0,1218548.0,1307824.0,331881.0,468667.0,136786.0,0.3451160240109773,True
T2T8225E,강경숙,True,True,True,2415937.0,2582487.0,2421762.0,2584273.0,869524.0,915470.0,2415937.0,2582487.0,166550.0,0.06666568454345008,True
T465023H,주철현,True,True,True,3506682.0,3702879.0,3529159.0,3702879.0,2457325.0,2639733.0,3506682.0,3702879.0,196197.0,0.054440333933648735,True
T4I4862D,한창민,True,True,True,77896.0,212609.0,322290.0,423176.0,113800.0,113100.0,77896.0,212609.0,134713.0,1.004080194355131,True
T6A6557F,황정아,True,True,True,2644794.0,3267319.0,2690944.0,3534744.0,838526.0,844870.0,2644794.0,3267319.0,622525.0,0.21137659147029061,True
TCP9838Y,김민전,True,True,True,1619318.0,1793327.0,2950398.0,3125991.0,2786000.0,2945000.0,1619318.0,1793327.0,174009.0,0.10206748095104358,True
TJW93720,전용기,True,True,True,687538.0,857685.0,729752.0,897163.0,350000.0,320000.0,687538.0,857685.0,170147.0,0.22111979847054083,True
TKJ4800F,서영교,True,True,True,3189160.0,3595079.0,3424160.0,3740079.0,945871.0,1192939.0,3189160.0,3595079.0,405919.0,0.11980840665961083,True
TQP7167T,김건,True,True,True,2593901.0,3004629.0,2602402.0,3011302.0,1770758.0,2008382.0,2593901.0,3004629.0,410728.0,0.14699117929693906,True
TZ228122,민병덕,True,True,True,692673.0,736048.0,1926982.0,1978811.0,1827781.0,1697781.0,692673.0,736048.0,43375.0,0.060737307637234346,True
TZP9391O,이철규,True,True,True,4321894.0,4980287.0,7435421.0,7792734.0,6933144.0,5808293.0,4321894.0,4980287.0,658393.0,0.14179378779669485,True
UF53617M,최은석,True,True,True,11643933.0,11119931.0,11643933.0,11139964.0,4636977.0,3617596.0,11643933.0,11119931.0,-524002.0,-0.04604618806319489,True
UHB5553T,정태호,True,True,True,3593949.0,4096569.0,3674486.0,4143567.0,1323110.0,1308644.0,3593949.0,4096569.0,502620.0,0.13089819616140688,True
UOS16250,최보윤,True,True,True,1804390.0,548882.0,2607884.0,1351882.0,2140900.0,888180.0,1804390.0,548882.0,-1255508.0,-1.190094381350758,True
UQ282145,이재정,True,True,True,782689.0,725725.0,1223298.0,1140808.0,870821.0,892864.0,782689.0,725725.0,-56964.0,-0.07556427160834489,True
URV1689Q,추미애,False,True,True,1687032.0,2823934.0,2939032.0,2843934.0,2548880.0,1035071.0,1687032.0,2823934.0,1136902.0,0.5151601762858573,True
URX8075K,염태영,True,True,True,2143396.0,2595264.0,2643396.0,2595264.0,2011811.0,1663769.0,2143396.0,2595264.0,451868.0,0.1912967584462144,True
V2R7430Z,이춘석,True,True,True,474272.0,490771.0,674657.0,665060.0,335462.0,312365.0,474272.0,490771.0,16499.0,0.03419662711197035,True
VA04150X,박상웅,True,True,True,531837.0,927002.0,735643.0,1108674.0,344535.0,372351.0,531837.0,927002.0,395165.0,0.5556186716439354,True
VCP96419,허종식,True,True,True,915020.0,991416.0,915020.0,991416.0,180410.0,182996.0,915020.0,991416.0,76396.0,0.08018830128973205,True
VDN5593C,김상욱,False,True,True,1824818.0,1945418.0,2099818.0,2129118.0,513803.0,113803.0,1824818.0,1945418.0,120600.0,0.06399660797217835,True
VRY5522V,민형배,False,True,True,1674116.0,1830261.0,1968916.0,2118341.0,1058499.0,1058499.0,1674116.0,1830261.0,156145.0,0.08917331486642112,True
VZA76236,박선원,True,True,True,833848.0,989138.0,1113374.0,1249138.0,827083.0,1002369.0,833848.0,989138.0,155290.0,0.17078272522055685,True
W3U3344O,이기헌,True,True,True,677834.0,1216996.0,967834.0,1406996.0,465000.0,733437.0,677834.0,1216996.0,539162.0,0.5852383860067516,True
W4X85128,박대출,True,True,True,1899080.0,2124130.0,1969080.0,2194130.0,1400000.0,1522000.0,1899080.0,2124130.0,225050.0,0.11199274840149016,True
W8L9421K,안태준,True,True,True,762946.0,1019631.0,1118032.0,1371493.0,789484.0,741967.0,762946.0,1019631.0,256685.0,0.2900088206033194,True
W8W95421,이상식,True,True,True,6618332.0,6571257.0,6700831.0,6780085.0,784422.0,580000.0,6618332.0,6571257.0,-47075.0,-0.007138236057203988,True
WCD5518S,고민정,True,True,True,978008.0,1018556.0,978008.0,1018556.0,549000.0,549000.0,978008.0,1018556.0,40548.0,0.04062336701276841,True
WI719547,이주영,True,True,True,6229894.0,5348319.0,6489823.0,6163276.0,1939167.0,1652335.0,6229894.0,5348319.0,-881575.0,-0.15257701228087225,True
WJG74792,최수진,True,True,True,6228506.0,6265216.0,6857239.0,6506597.0,3730072.0,3888751.0,6228506.0,6265216.0,36710.0,0.005876568350948019,True
WJL30106,조정훈,True,True,True,1367629.0,1454505.0,2617150.0,2621816.0,2440100.0,2440100.0,1367629.0,1454505.0,86876.0,0.06158705296573955,True
WTR5885Y,이소영,True,True,True,1043602.0,1248270.0,1824745.0,1941370.0,1322000.0,1326000.0,1043602.0,1248270.0,204668.0,0.17908040197994612,True
WXJ8352N,이성권,True,True,True,1265459.0,1619944.0,1921464.0,1825944.0,1417443.0,1125075.0,1265459.0,1619944.0,354485.0,0.24695667852892444,True
X1K3667J,김교흥,True,True,True,1051585.0,1293314.0,1116839.0,1307892.0,601890.0,618882.0,1051585.0,1293314.0,241729.0,0.20690936660857642,True
X3170462,박성민,True,True,True,1299987.0,1525118.0,1299987.0,1527360.0,431000.0,456000.0,1299987.0,1525118.0,225131.0,0.1597175196976151,True
X639721U,임미애,True,True,True,1566222.0,1676755.0,1689199.0,1801257.0,605666.0,647797.0,1566222.0,1676755.0,110533.0,0.06819402797903883,True
X7E7893P,김장겸,True,True,True,3482126.0,3496873.0,3732126.0,4009233.0,976847.0,1242297.0,3482126.0,3496873.0,14747.0,0.004226113787519159,True
X7I4680R,김기현,True,True,True,6909308.0,7071560.0,8104417.0,8195285.0,7642362.0,7666997.0,6909308.0,7071560.0,162252.0,0.023211618158240986,True
XBT9550Q,우원식,True,True,True,2632394.0,2860867.0,2792394.0,2920867.0,2418325.0,2433870.0,2632394.0,2860867.0,228473.0,0.08323102743681725,True
XEF29171,안호영,True,True,True,958988.0,1431018.0,1465988.0,1831018.0,476380.0,525708.0,958988.0,1431018.0,472030.0,0.40026279632295425,True
XG348314,정춘생,True,True,True,1054059.0,1221100.0,1054059.0,1221100.0,472500.0,472500.0,1054059.0,1221100.0,167041.0,0.14710366607473369,True
XPP2564T,한정애,True,True,True,1395732.0,1412891.0,1395732.0,1412891.0,800000.0,800000.0,1395732.0,1412891.0,17159.0,0.01221895105892171,True
XR24352K,서영석,True,True,True,577362.0,735645.0,985699.0,1123648.0,899412.0,969833.0,577362.0,735645.0,158283.0,0.24227821260921675,True
Y0X4618N,박수민,True,True,True,1510556.0,618925.0,4775142.0,4848272.0,650174.0,626020.0,1510556.0,618925.0,-891631.0,-0.8922489717787775,True
YGB8604T,천하람,True,True,True,793284.0,939852.0,876234.0,939852.0,150000.0,150000.0,793284.0,939852.0,146568.0,0.1695411248695873,True
YM42715P,김준혁,True,True,True,1487085.0,1928658.0,1507085.0,1928658.0,1204926.0,1427680.0,1487085.0,1928658.0,441573.0,0.2600065963548698,True
YN160848,백선희,True,True,False,,2151991.0,,2160788.0,,791500.0,1960308.0,2151991.0,,,False
YOG1280B,안철수,True,True,True,136789820.0,125717363.0,137659820.0,127138063.0,3605000.0,3613000.0,136789820.0,125717363.0,-11072457.0,-0.08440935068838457,True
YS38221N,최민희,True,True,True,1414509.0,1439031.0,2147384.0,1902656.0,880000.0,494000.0,1414509.0,1439031.0,24522.0,0.017187495999636274,True
ZDR63255,소병훈,True,True,True,3069420.0,3207425.0,3360031.0,3244354.0,960624.0,717870.0,3069420.0,3207425.0,138005.0,0.04397981586838918,True
ZKB18611,조인철,True,True,True,2003151.0,1986259.0,2223151.0,2206259.0,1243230.0,1400000.0,2003151.0,1986259.0,-16892.0,-0.00846847075165996,True
ZRF3039U,윤재옥,True,True,True,2740972.0,2851828.0,2777147.0,2891138.0,1828649.0,1929660.0,2740972.0,2851828.0,110856.0,0.03964759015945186,True
ZW43496R,박홍배,True,True,True,1989667.0,2166002.0,1989667.0,2166002.0,1020619.0,1120752.0,1989667.0,2166002.0,176335.0,0.08491578388876769,True
ZYP7962W,김석기,True,True,True,1788429.0,2124527.0,1803550.0,2139527.0,812246.0,1059403.0,1788429.0,2124527.0,336098.0,0.17221160850671127,True
29V4537Y,이진숙,True,False,False,,,,,,,,,,,False
4A067125,이광재,True,False,False,,,,,,,,,,,False
5DC8083A,한동훈,True,False,False,,,,,,,,,,,False
7ZS19508,김태규,True,False,False,,,,,,,,,,,False
AFH96856,신영대,False,False,True,788460.0,,795618.0,,257250.0,,,,,,False
ARP89147,정동영,True,False,True,2544260.0,,5384998.0,,2739451.0,,,,,,False
B7789327,인요한,False,False,True,1449774.0,,1462356.0,,0.0,,,,,,False
CST4991F,임광현,False,False,True,2598339.0,,2714836.0,,1876050.0,,,,,,False
DOZ1588B,김성범,True,False,False,,,,,,,,,,,False
FIC9046Z,김의겸,True,False,False,,,,,,,,,,,False
FYG6302V,전은수,True,False,False,,,,,,,,,,,False
GDG1847Z,권성동,False,False,True,5175213.0,,5175213.0,,2180579.0,,,,,,False
H7X3372O,박지원,True,False,False,,,,,,,,,,,False
HFV52269,이병진,False,False,True,-900458.0,,5064979.0,,4389079.0,,,,,,False
IUD9392R,이재명,False,False,True,3089143.0,,4469143.0,,1946100.0,,,,,,False
JVK71445,임문영,True,False,False,,,,,,,,,,,False
JZY9937U,김윤덕,True,False,True,1459574.0,,2199574.0,,1130422.0,,,,,,False
KBZ59750,김형연,True,False,False,,,,,,,,,,,False
M0A1658U,윤호중,True,False,True,2161113.0,,2178113.0,,1146076.0,,,,,,False
MLH1404S,김민석,True,False,True,154929.0,,871567.0,,599000.0,,,,,,False
MRK4871S,유의동,True,False,False,,,,,,,,,,,False
MRS4949T,이소희,True,False,False,,,,,,,,,,,False
PAO22428,송영길,True,False,False,,,,,,,,,,,False
Q129715Y,강유정,False,False,True,3080318.0,,4530713.0,,3894000.0,,,,,,False
QHL3248U,김남국,True,False,False,,,,,,,,,,,False
SKP6181Y,김남준,True,False,False,,,,,,,,,,,False
T3E4932G,조국,False,False,False,,,,,,,,,,,False
T9E37304,위성락,False,False,True,5664953.0,,7326953.0,,5605934.0,,,,,,False
TRE2429O,강훈식,False,False,True,728534.0,,728534.0,,50000.0,,,,,,False
TST4507I,안규백,True,False,True,6868853.0,,6872853.0,,714560.0,,,,,,False
V429892C,정성호,True,False,True,4602341.0,,4785319.0,,658145.0,,,,,,False
W0154979,윤용근,True,False,False,,,,,,,,,,,False
WMT66995,김준환,True,False,False,,,,,,,,,,,False
XSP20229,김성환,True,False,True,1095421.0,,1645421.0,,1283501.0,,,,,,False
