column,old,new,only_old,only_new,differ
(rows),2928,3215,0,287,0
member_name,2928,2928,0,0,0
total_assets,2928,2928,0,0,0
total_debt,2928,2928,0,0,0
net_worth,2928,2928,0,0,0
total_building,2928,2928,0,0,0
total_land,2928,2928,0,0,0
total_deposits,2928,2928,0,0,0
total_stocks,2928,2928,0,0,0
total_realestate,2928,2928,0,0,0
n_properties_all,2928,2928,0,0,0
n_properties_self,2928,2928,0,0,0
n_properties_owned,2928,2928,0,0,0
n_apt_total,2928,2928,0,0,0
n_apt_owned,2928,2928,0,0,0
n_rental_given,2928,2928,0,0,0
has_seoul_re,2928,2928,0,0,0
has_gangnam_re,2928,2928,0,0,0
n_seoul_bldg,2928,2928,0,0,0
re_self,2928,2928,0,0,0
re_spouse,2928,2928,0,0,0
n_stock_items,2928,2928,0,0,0
political_fund,2928,2928,0,0,0
n_family_relations,2928,2928,0,0,0
n_land_parcels,2928,2928,0,0,0
re_share,2928,2928,0,0,0
log_total_realestate,2923,2923,0,0,0
log_total_assets,2928,2928,0,0,0
log_net_worth,2902,2902,0,0,0
log_total_building,2922,2922,0,0,0
log_total_land,1618,1618,0,0,0
log_total_deposits,2928,2928,0,0,0
log_total_stocks,1396,1396,0,0,0
total_realestate_q,2928,2928,0,0,0
total_assets_q,2928,2928,0,0,0
net_worth_q,2928,2928,0,0,0
assembly,2928,2928,0,0,0
