age,ppsr_kind,law_bills,with_text,likms_scrape,bpmbillsummary,share_with_text
17,all,7489,7486,0,7486,0.9996
17,위원장,659,659,0,659,1.0
17,의원,5728,5727,0,5727,0.9998
17,정부,1102,1100,0,1100,0.9982
18,all,13913,13584,0,13584,0.9764
18,위원장,1029,1029,0,1029,1.0
18,의원,11191,11190,0,11190,0.9999
18,정부,1693,1365,0,1365,0.8063
19,all,17822,17822,0,17822,1.0
19,위원장,1285,1285,0,1285,1.0
19,의원,15444,15444,0,15444,1.0
19,정부,1093,1093,0,1093,1.0
20,all,24141,24109,21592,2517,0.9987
20,위원장,1453,1422,0,1422,0.9787
20,의원,21594,21593,21592,1,1.0
20,정부,1094,1094,0,1094,1.0
21,all,25858,25787,23314,2473,0.9973
21,위원장,1372,1346,0,1346,0.981
21,의원,23655,23617,23314,303,0.9984
21,정부,831,824,0,824,0.9916
22,all,21022,20968,15639,5329,0.9974
22,위원장,871,862,0,862,0.9897
22,의원,19651,19610,15639,3971,0.9979
22,정부,500,496,0,496,0.992
