age,member_id,member_name,deg_new,deg_new_capped,deg_old,deg_old_capped,gain_capped,initial
20,0135473I,이군현,164,20,161.0,17.0,3.0,ㅇ
20,04T3751T,남인순,1189,34,1189.0,34.0,0.0,ㄴ
20,0582116P,이우현,423,19,421.0,17.0,2.0,ㅇ
20,06571503,정태옥,1099,34,1081.0,16.0,18.0,ㅈ
20,06L2365K,홍일표,284,35,249.0,0.0,35.0,ㅎ
20,06X3845L,김종석,541,35,539.0,33.0,2.0,ㄱ
20,0827740Q,노웅래,1943,34,1943.0,34.0,0.0,ㄴ
20,09I2323E,김한정,453,30,453.0,30.0,0.0,ㄱ
20,0AI7568W,장정숙,1987,16,1984.0,13.0,3.0,ㅈ
20,0E97245Y,정양석,275,37,267.0,29.0,8.0,ㅈ
20,0GF6251P,정유섭,824,36,808.0,20.0,16.0,ㅈ
20,0ID22746,이진복,479,37,475.0,33.0,4.0,ㅇ
20,0VU8517U,황희,792,34,765.0,7.0,27.0,ㅎ
20,0W194007,김영주,741,27,741.0,27.0,0.0,ㄱ
20,11N7618M,이종명,1012,33,1009.0,30.0,3.0,ㅇ
20,16D7652C,이원욱,1560,34,1554.0,28.0,6.0,ㅇ
20,16I8621J,최연혜,658,34,624.0,0.0,34.0,ㅊ
20,1KD95875,함진규,1036,37,999.0,0.0,37.0,ㅎ
20,1MU99298,김철민,2433,35,2433.0,35.0,0.0,ㄱ
20,1PZ8289D,송희경,985,37,981.0,33.0,4.0,ㅅ
20,1WE5693J,김태년,469,32,469.0,32.0,0.0,ㄱ
20,1Y73132H,김상훈,859,36,857.0,34.0,2.0,ㄱ
20,21N57758,오영훈,859,36,853.0,30.0,6.0,ㅇ
20,23D73143,경대수,934,37,932.0,35.0,2.0,ㄱ
20,24E9427D,박남춘,1272,20,1272.0,20.0,0.0,ㅂ
20,25G2571T,전현희,1001,33,976.0,8.0,25.0,ㅈ
20,2SE64657,이장우,253,35,250.0,32.0,3.0,ㅇ
20,2WQ6656P,김세연,483,38,480.0,35.0,3.0,ㄱ
20,2XI97689,이종구,404,36,401.0,33.0,3.0,ㅇ
20,3249208I,송옥주,1764,33,1763.0,32.0,1.0,ㅅ
20,39P2522W,민병두,961,30,961.0,30.0,0.0,ㅁ
20,3NM5411H,김광수,1324,18,1321.0,15.0,3.0,ㄱ
20,3SP89633,천정배,764,14,762.0,12.0,2.0,ㅊ
20,3TP65086,윤종오,336,10,328.0,2.0,8.0,ㅇ
20,3UZ61136,허윤정,25,0,25.0,0.0,0.0,ㅎ
20,3ZR4438W,이인영,333,27,326.0,20.0,7.0,ㅇ
20,4019850M,박정,2812,35,2812.0,35.0,0.0,ㅂ
20,4Y54669I,서청원,272,15,271.0,14.0,1.0,ㅅ
20,5765663F,김영진,1092,32,1092.0,32.0,0.0,ㄱ
20,5CO4531H,유은혜,976,32,970.0,26.0,6.0,ㅇ
20,5DR6334X,윤일규,593,10,593.0,10.0,0.0,ㅇ
20,5HG31863,지상욱,295,16,281.0,2.0,14.0,ㅈ
20,5K343700,김수민,1244,18,1242.0,16.0,2.0,ㄱ
20,5KV82250,조경태,662,37,644.0,19.0,18.0,ㅈ
20,60490713,강병원,1078,32,1078.0,32.0,0.0,ㄱ
20,64G6894C,김정훈,189,36,186.0,33.0,3.0,ㄱ
20,68P7228G,진선미,746,31,721.0,6.0,25.0,ㅈ
20,6AU2417B,박주민,1259,28,1259.0,28.0,0.0,ㅂ
20,6DG91769,원혜영,942,30,936.0,24.0,6.0,ㅇ
20,6EN68926,송언석,350,20,350.0,20.0,0.0,ㅅ
20,6N28669V,서형수,1120,30,1120.0,30.0,0.0,ㅅ
20,6QU2958D,김해영,2392,30,2392.0,30.0,0.0,ㄱ
20,6RP89579,김정우,2170,31,2170.0,31.0,0.0,ㄱ
20,6V37131U,고용진,1284,32,1284.0,32.0,0.0,ㄱ
20,6YT83269,이명수,1271,39,1265.0,33.0,6.0,ㅇ
20,71M8132V,신상진,508,36,505.0,33.0,3.0,ㅅ
20,7AN97172,이정현,188,12,187.0,11.0,1.0,ㅇ
20,7BM2933Y,김영호,1157,31,1157.0,31.0,0.0,ㄱ
20,7BV5480O,송기석,445,12,445.0,12.0,0.0,ㅅ
20,7KD2317D,김순례,513,35,512.0,34.0,1.0,ㄱ
20,7R156073,박범계,284,27,284.0,27.0,0.0,ㅂ
20,7W35098M,윤준호,1002,13,1002.0,13.0,0.0,ㅇ
20,7XY7109I,성일종,1255,37,1251.0,33.0,4.0,ㅅ
20,8BF5855P,박지원,673,19,671.0,17.0,2.0,ㅂ
20,8DK7238W,백재현,770,33,770.0,33.0,0.0,ㅂ
20,8EL9225R,박준영,500,13,500.0,13.0,0.0,ㅂ
20,8FB1535Y,어기구,1002,29,996.0,23.0,6.0,ㅇ
20,8I61593E,강석호,585,36,583.0,34.0,2.0,ㄱ
20,8IN46764,이주영,311,36,307.0,32.0,4.0,ㅇ
20,8KB8281W,제윤경,923,34,898.0,9.0,25.0,ㅈ
20,8Q88373R,김병기,1573,30,1573.0,30.0,0.0,ㄱ
20,8SV6917G,주호영,739,30,717.0,8.0,22.0,ㅈ
20,8T51904N,박찬우,319,11,318.0,10.0,1.0,ㅂ
20,8WC7967F,김승희,1117,34,1117.0,34.0,0.0,ㄱ
20,8WV8289I,이완영,548,27,545.0,24.0,3.0,ㅇ
20,8X15119P,윤한홍,527,36,523.0,32.0,4.0,ㅇ
20,8X46899U,윤소하,1213,14,1199.0,0.0,14.0,ㅇ
20,9414335X,심기준,685,21,685.0,21.0,0.0,ㅅ
20,9BE5694R,유승희,1159,31,1153.0,25.0,6.0,ㅇ
20,9CR4440H,배덕광,219,10,218.0,9.0,1.0,ㅂ
20,9D939735,김성원,1376,37,1373.0,34.0,3.0,ㄱ
20,9EA39580,김명연,788,37,786.0,35.0,2.0,ㄱ
20,9FL71418,이규희,481,10,481.0,10.0,0.0,ㅇ
20,9LD2641Q,김정호,389,13,389.0,13.0,0.0,ㄱ
20,9S468336,정재호,1088,29,1063.0,4.0,25.0,ㅈ
20,9UW75767,김성태,538,34,538.0,34.0,0.0,ㄱ
20,9VR65006,윤영석,720,34,718.0,32.0,2.0,ㅇ
20,9WQ7845Z,강효상,393,34,393.0,34.0,0.0,ㄱ
20,9XB6464U,김현미,466,26,466.0,26.0,0.0,ㄱ
20,9YO73104,전재수,1357,32,1338.0,13.0,19.0,ㅈ
20,9ZP9014Q,이해찬,273,25,266.0,18.0,7.0,ㅇ
20,A3H7195R,박완주,417,30,417.0,30.0,0.0,ㅂ
20,A486635H,안상수,576,28,572.0,24.0,4.0,ㅇ
20,A8O42480,손금주,702,10,700.0,8.0,2.0,ㅅ
20,A935446Z,김종훈,490,11,484.0,5.0,6.0,ㄱ
20,ABT2266H,이용득,1212,33,1205.0,26.0,7.0,ㅇ
20,AFQ26679,주광덕,441,36,415.0,10.0,26.0,ㅈ
20,AJV31724,이학재,583,30,580.0,27.0,3.0,ㅇ
20,AMF4093D,김용태,466,37,463.0,34.0,3.0,ㄱ
20,ARP89147,정동영,1458,17,1455.0,14.0,3.0,ㅈ
20,B6F5266B,엄용수,640,30,637.0,27.0,3.0,ㅇ
20,B751170H,여영국,84,0,84.0,0.0,0.0,ㅇ
20,B7R2742J,기동민,1605,33,1605.0,33.0,0.0,ㄱ
20,BIR8594P,임재훈,281,6,280.0,5.0,1.0,ㅇ
20,BLC8630L,박병석,109,26,109.0,26.0,0.0,ㅂ
20,BM63269Y,전해철,649,32,630.0,13.0,19.0,ㅈ
20,BN49469V,신경민,1319,35,1317.0,33.0,2.0,ㅅ
20,BQS2021C,김성태,421,38,418.0,35.0,3.0,ㄱ
20,BT62420K,박찬대,1484,32,1484.0,32.0,0.0,ㅂ
20,BTP28870,이훈,655,36,637.0,18.0,18.0,ㅇ
20,BWD92364,이찬열,4205,25,4198.0,18.0,7.0,ㅇ
20,C7E79345,권칠승,1827,32,1827.0,32.0,0.0,ㄱ
20,C7Z8238W,황영철,436,30,407.0,1.0,29.0,ㅎ
20,CAL85655,유기준,495,34,493.0,32.0,2.0,ㅇ
20,CDL93608,조응천,298,29,275.0,6.0,23.0,ㅈ
20,CI15627C,김두관,740,34,740.0,34.0,0.0,ㄱ
20,CJX51868,정종섭,314,36,298.0,20.0,16.0,ㅈ
20,CNW5754J,송석준,466,36,463.0,33.0,3.0,ㅅ
20,CXA6162I,김현아,894,34,892.0,32.0,2.0,ㄱ
20,CYD5815E,정갑윤,1207,34,1205.0,32.0,2.0,ㅈ
20,CZB4125D,장제원,266,26,263.0,23.0,3.0,ㅈ
20,D0C85236,박완수,498,35,496.0,33.0,2.0,ㅂ
20,D397960C,조훈현,642,35,620.0,13.0,22.0,ㅈ
20,DAN6731C,박성중,732,39,727.0,34.0,5.0,ㅂ
20,DBA1057Z,이용호,673,14,670.0,11.0,3.0,ㅇ
20,DCN7433W,정세균,638,16,627.0,5.0,11.0,ㅈ
20,DCR84445,김동철,787,17,784.0,14.0,3.0,ㄱ
20,DKB8522X,정인화,1683,18,1681.0,16.0,2.0,ㅈ
20,DQL3007B,정은혜,102,2,100.0,0.0,2.0,ㅈ
20,DTG4846A,김선동,709,35,708.0,34.0,1.0,ㄱ
20,DVD2735W,이은권,720,35,717.0,32.0,3.0,ㅇ
20,E1J8836Y,김정재,1240,34,1240.0,34.0,0.0,ㄱ
20,E5N8503B,김종인,19,4,19.0,4.0,0.0,ㄱ
20,E6U4345C,임종성,1522,33,1504.0,15.0,18.0,ㅇ
20,EH27538E,임이자,918,36,914.0,32.0,4.0,ㅇ
20,EUR98126,박맹우,725,36,722.0,33.0,3.0,ㅂ
20,EVH1507C,이헌승,436,36,433.0,33.0,3.0,ㅇ
20,EX94352K,표창원,840,32,815.0,7.0,25.0,ㅍ
20,F5U2979W,김학용,466,36,463.0,33.0,3.0,ㄱ
20,FGX4881A,심재철,323,35,321.0,33.0,2.0,ㅅ
20,FJ03481D,최경환,29,18,11.0,0.0,18.0,ㅊ
20,FJK3396E,맹성규,479,11,479.0,11.0,0.0,ㅁ
20,FOK3459D,서삼석,516,13,516.0,13.0,0.0,ㅅ
20,FRN1867O,홍익표,618,28,592.0,2.0,26.0,ㅎ
20,FYI20317,조승래,1192,31,1167.0,6.0,25.0,ㅈ
20,G152611B,추경호,1172,35,1137.0,0.0,35.0,ㅊ
20,G1570880,신동근,675,31,673.0,29.0,2.0,ㅅ
20,GCA42857,주승용,1578,19,1576.0,17.0,2.0,ㅈ
20,GD131760,홍문표,969,41,929.0,1.0,40.0,ㅎ
20,GDG1847Z,권성동,592,36,590.0,34.0,2.0,ㄱ
20,GDN7894V,채이배,968,15,966.0,13.0,2.0,ㅊ
20,GFF1986K,김병욱,1522,31,1522.0,31.0,0.0,ㄱ
20,GMK1374L,이석현,637,32,630.0,25.0,7.0,ㅇ
20,GN240959,노회찬,400,15,385.0,0.0,15.0,ㄴ
20,GW55008L,홍의락,617,28,596.0,7.0,21.0,ㅎ
20,GX38539O,유동수,1450,30,1444.0,24.0,6.0,ㅇ
20,GXT11570,김성수,948,26,948.0,26.0,0.0,ㄱ
20,H337332S,오신환,368,17,367.0,16.0,1.0,ㅇ
20,HE838063,신보라,668,37,665.0,34.0,3.0,ㅅ
20,HSS7466Y,백혜련,1615,31,1615.0,31.0,0.0,ㅂ
20,HSW1214Q,이종배,865,35,862.0,32.0,3.0,ㅇ
20,HTK5293K,김종회,2006,19,2003.0,16.0,3.0,ㄱ
20,I0F2578R,김종대,769,13,756.0,0.0,13.0,ㄱ
20,I0S53762,하태경,621,20,604.0,3.0,17.0,ㅎ
20,I5V5327I,유민봉,529,36,525.0,32.0,4.0,ㅇ
20,I7R13867,이개호,840,34,833.0,27.0,7.0,ㅇ
20,I7Z3068X,유성엽,1139,18,1136.0,15.0,3.0,ㅇ
20,IDV9108J,진영,67,25,44.0,2.0,23.0,ㅈ
20,IH436704,강석진,694,34,694.0,34.0,0.0,ㄱ
20,IN328264,조정식,834,31,809.0,6.0,25.0,ㅈ
20,IQ54138I,박인숙,904,36,902.0,34.0,2.0,ㅂ
20,IQN7588X,이은재,391,35,388.0,32.0,3.0,ㅇ
20,IUE5875N,이정미,870,18,852.0,0.0,18.0,ㅇ
20,IWK63872,조배숙,1293,15,1290.0,12.0,3.0,ㅈ
20,IYD4143Y,문희상,472,21,472.0,21.0,0.0,ㅁ
20,J2O8643H,도종환,417,24,417.0,24.0,0.0,ㄷ
20,JG77046J,이언주,874,15,867.0,8.0,7.0,ㅇ
20,JMD3241I,박경미,775,34,775.0,34.0,0.0,ㅂ
20,JMY9959W,윤관석,2378,34,2372.0,28.0,6.0,ㅇ
20,JOY4394O,황주홍,3300,18,3297.0,15.0,3.0,ㅎ
20,JWW6081H,이상돈,236,10,235.0,9.0,1.0,ㅇ
20,K1Y45873,김종태,124,9,124.0,9.0,0.0,ㄱ
20,K3W33496,박광온,1701,33,1701.0,33.0,0.0,ㅂ
20,K5F2023J,이학영,1316,25,1313.0,22.0,3.0,ㅇ
20,KA04352K,최경환,911,19,908.0,16.0,3.0,ㅊ
20,KR14136C,홍영표,420,28,399.0,7.0,21.0,ㅎ
20,LCJ77278,이혜훈,207,17,205.0,15.0,2.0,ㅇ
20,LDY9563L,윤상직,429,35,426.0,32.0,3.0,ㅇ
20,LH97552Q,김도읍,990,36,988.0,34.0,2.0,ㄱ
20,LJK4960Z,정점식,80,8,77.0,5.0,3.0,ㅈ
20,LPB30152,최인호,1522,29,1497.0,4.0,25.0,ㅊ
20,LSK9789D,이철희,980,32,972.0,24.0,8.0,ㅇ
20,M0A1658U,윤호중,1034,32,1027.0,25.0,7.0,ㅇ
20,M2Q9024I,김종민,1074,35,1074.0,35.0,0.0,ㄱ
20,M3Z17237,김재경,417,34,417.0,34.0,0.0,ㄱ
20,M6K7940A,오세정,506,10,505.0,9.0,1.0,ㅇ
20,MBS2896E,이현재,537,35,533.0,31.0,4.0,ㅇ
20,MC32279F,박선숙,782,10,781.0,9.0,1.0,ㅂ
20,MD083627,정춘숙,1341,30,1316.0,5.0,25.0,ㅈ
20,MGE7194M,김광림,562,34,562.0,34.0,0.0,ㄱ
20,MHK9919B,곽상도,447,35,446.0,34.0,1.0,ㄱ
20,MO52543L,변재일,658,33,658.0,33.0,0.0,ㅂ
20,MPV9321A,김현권,1650,32,1650.0,32.0,0.0,ㄱ
20,MRK4871S,유의동,380,17,379.0,16.0,1.0,ㅇ
20,MSY7784L,윤상현,280,26,277.0,23.0,3.0,ㅇ
20,MTK2954E,신용현,1169,15,1168.0,14.0,1.0,ㅅ
20,N4R2421C,박덕흠,1837,37,1833.0,33.0,4.0,ㅂ
20,N6C1899K,김진태,332,33,332.0,33.0,0.0,ㄱ
20,N9X9673B,전혜숙,1846,34,1821.0,9.0,25.0,ㅈ
20,NNP30098,김기선,609,37,606.0,34.0,3.0,ㄱ
20,NQR1206Q,정진석,368,36,352.0,20.0,16.0,ㅈ
20,NS06841K,이철우,189,14,187.0,12.0,2.0,ㅇ
20,NTT8182Q,김민기,1196,31,1196.0,31.0,0.0,ㄱ
20,NZF1659U,정운천,651,17,638.0,4.0,13.0,ㅈ
20,O0G3169T,백승주,360,35,358.0,33.0,2.0,ㅂ
20,O149331C,권석창,462,16,460.0,14.0,2.0,ㄱ
20,O6D8329R,민홍철,1179,32,1179.0,32.0,0.0,ㅁ
20,O7R5461J,윤후덕,2097,33,2090.0,26.0,7.0,ㅇ
20,O8E1566L,최도자,1913,19,1910.0,16.0,3.0,ㅊ
20,OC037566,김규환,731,35,730.0,34.0,1.0,ㄱ
20,OQO34632,이동섭,2327,22,2325.0,20.0,2.0,ㅇ
20,OSV9142K,이만희,516,37,512.0,33.0,4.0,ㅇ
20,OTE19384,박명재,1427,35,1425.0,33.0,2.0,ㅂ
20,OW53107J,설훈,1099,34,1099.0,34.0,0.0,ㅅ
20,P303213F,정병국,607,20,602.0,15.0,5.0,ㅈ
20,PAB29217,김성찬,1250,35,1247.0,32.0,3.0,ㄱ
20,PAO22428,송영길,504,30,504.0,30.0,0.0,ㅅ
20,PEP6922S,박용진,699,25,699.0,25.0,0.0,ㅂ
20,PLR62452,김영우,372,36,371.0,35.0,1.0,ㄱ
20,PP08673W,김경수,281,20,281.0,20.0,0.0,ㄱ
20,PWU27609,유승민,373,8,371.0,6.0,2.0,ㅇ
20,Q6A9034Q,곽대훈,1056,36,1054.0,34.0,2.0,ㄱ
20,Q6G2914I,윤종필,923,35,920.0,32.0,3.0,ㅇ
20,Q9H5708M,김진표,330,26,330.0,26.0,0.0,ㄱ
20,QB390802,김병관,917,33,917.0,33.0,0.0,ㄱ
20,QKY38290,여상규,346,34,344.0,32.0,2.0,ㅇ
20,QTW6852F,이태규,347,11,346.0,10.0,1.0,ㅇ
20,QUO78839,박재호,1599,33,1599.0,33.0,0.0,ㅂ
20,QXD2505Y,이후삼,388,11,380.0,3.0,8.0,ㅇ
20,QZF33498,전희경,374,35,371.0,32.0,3.0,ㅈ
20,QZR19240,금태섭,817,26,817.0,26.0,0.0,ㄱ
20,QZU9232M,김재원,411,25,411.0,25.0,0.0,ㄱ
20,R365233W,홍철호,667,37,631.0,1.0,36.0,ㅎ
20,R7N74579,이수혁,603,15,602.0,14.0,1.0,ㅇ
20,RCF90176,김성식,193,14,191.0,12.0,2.0,ㄱ
20,RD42006Y,송갑석,996,12,996.0,12.0,0.0,ㅅ
20,RH454994,권미혁,1155,32,1155.0,32.0,0.0,ㄱ
20,RQQ3807K,위성곤,1557,34,1551.0,28.0,6.0,ㅇ
20,S824682L,박홍근,1607,34,1607.0,34.0,0.0,ㅂ
20,S8431719,박영선,356,27,356.0,27.0,0.0,ㅂ
20,S9U45255,이양수,815,37,811.0,33.0,4.0,ㅇ
20,SEK1881Q,유재중,378,35,375.0,32.0,3.0,ㅇ
20,SLW27496,나경원,324,36,321.0,33.0,3.0,ㄴ
20,SNJ6318D,김무성,307,37,305.0,35.0,2.0,ㄱ
20,SQ36001H,송기헌,819,32,819.0,32.0,0.0,ㅅ
20,SSF6805Q,염동열,500,35,497.0,32.0,3.0,ㅇ
20,SU53086M,심상정,649,17,633.0,1.0,16.0,ㅅ
20,SVH30067,오제세,767,29,761.0,23.0,6.0,ㅇ
20,SY09851R,김중로,1072,15,1071.0,14.0,1.0,ㄱ
20,T2K9554I,홍문종,363,27,340.0,4.0,23.0,ㅎ
20,TGL10010,문미옥,603,15,603.0,15.0,0.0,ㅁ
20,TIS61927,양승조,683,21,677.0,15.0,6.0,ㅇ
20,TKJ4800F,서영교,1834,26,1830.0,22.0,4.0,ㅅ
20,TO79481Z,최교일,521,34,491.0,4.0,30.0,ㅊ
20,TOU1222X,강창일,1131,34,1131.0,34.0,0.0,ㄱ
20,TRE2429O,강훈식,1478,33,1478.0,33.0,0.0,ㄱ
20,TST4507I,안규백,1462,32,1456.0,26.0,6.0,ㅇ
20,TVF3669B,김태흠,698,35,696.0,33.0,2.0,ㄱ
20,TWL5801D,김영춘,686,27,686.0,27.0,0.0,ㄱ
20,TZD17894,원유철,844,35,841.0,32.0,3.0,ㅇ
20,TZP9391O,이철규,487,29,482.0,24.0,5.0,ㅇ
20,U013741R,최명길,444,13,436.0,5.0,8.0,ㅊ
20,U9G5099O,윤영일,1610,15,1608.0,13.0,2.0,ㅇ
20,UDB4825U,박주현,958,13,956.0,11.0,2.0,ㅂ
20,UGH6481E,김상희,1843,33,1843.0,33.0,0.0,ㄱ
20,UIZ3103R,김부겸,286,28,286.0,28.0,0.0,ㄱ
20,UM51067K,인재근,1492,33,1475.0,16.0,17.0,ㅇ
20,UQ282145,이재정,859,28,852.0,21.0,7.0,ㅇ
20,URV1689Q,추미애,412,32,388.0,8.0,24.0,ㅊ
20,V0O5343U,우상호,149,28,144.0,23.0,5.0,ㅇ
20,V2R7430Z,이춘석,1314,33,1306.0,25.0,8.0,ㅇ
20,V429892C,정성호,1615,33,1590.0,8.0,25.0,ㅈ
20,V8I36226,장병완,909,15,906.0,12.0,3.0,ㅈ
20,VE469451,최재성,430,12,420.0,2.0,10.0,ㅊ
20,VHK3402G,정우택,303,37,295.0,29.0,8.0,ㅈ
20,VNF2868Z,조원진,137,10,128.0,1.0,9.0,ㅈ
20,VXQ28579,심재권,729,32,727.0,30.0,2.0,ㅅ
20,W168182V,김관영,1596,21,1593.0,18.0,3.0,ㄱ
20,W4X85128,박대출,399,34,398.0,33.0,1.0,ㅂ
20,WDR7061Y,이종걸,1194,27,1188.0,21.0,6.0,ㅇ
20,WDS6044S,이채익,814,37,810.0,33.0,4.0,ㅇ
20,WNN9272X,장석춘,648,36,644.0,32.0,4.0,ㅈ
20,WV97281W,문진국,1008,37,1005.0,34.0,3.0,ㅁ
20,WVU2479T,이상헌,595,11,595.0,11.0,0.0,ㅇ
20,WYC63862,신창현,3530,34,3528.0,32.0,2.0,ㅅ
20,X9Y63914,이용주,943,15,940.0,12.0,3.0,ㅇ
20,XBT9550Q,우원식,977,29,971.0,23.0,6.0,ㅇ
20,XEF29171,안호영,1377,31,1371.0,25.0,6.0,ㅇ
20,XPP2564T,한정애,1130,31,1104.0,5.0,26.0,ㅎ
20,XQ98168F,강길부,314,9,312.0,7.0,2.0,ㄱ
20,XSP20229,김성환,101,12,101.0,12.0,0.0,ㄱ
20,XT18076X,박주선,570,17,567.0,14.0,3.0,ㅂ
20,XTB3104O,추혜선,795,18,777.0,0.0,18.0,ㅊ
20,Y3E8697I,민경욱,741,36,738.0,33.0,3.0,ㅁ
20,YBM9779M,김한표,356,37,352.0,33.0,4.0,ㄱ
20,YKW37422,권은희,553,12,551.0,10.0,2.0,ㄱ
20,YLM92014,박순자,404,39,401.0,36.0,3.0,ㅂ
20,YOG1280B,안철수,45,6,45.0,6.0,0.0,ㅇ
20,YVN3115U,김경진,1429,17,1426.0,14.0,3.0,ㄱ
20,ZA54991S,안민석,975,31,969.0,25.0,6.0,ㅇ
20,ZBX31520,손혜원,767,28,765.0,26.0,2.0,ㅅ
20,ZDR63255,소병훈,1835,34,1835.0,34.0,0.0,ㅅ
20,ZGA4092Y,정용기,263,35,256.0,28.0,7.0,ㅈ
20,ZJI5740K,최운열,642,28,617.0,3.0,25.0,ㅊ
20,ZKU88693,김경협,1291,33,1291.0,33.0,0.0,ㄱ
20,ZL32287Z,김삼화,1745,17,1742.0,14.0,3.0,ㄱ
20,ZRF3039U,윤재옥,452,36,448.0,32.0,4.0,ㅇ
20,ZX71333R,한선교,235,33,203.0,1.0,32.0,ㅎ
20,ZYH1940A,이상민,192,25,186.0,19.0,6.0,ㅇ
20,ZYP7962W,김석기,1162,36,1160.0,34.0,2.0,ㄱ
21,04T3751T,남인순,1175,29,1174.0,28.0,1.0,ㄴ
21,0767470D,이낙연,89,13,83.0,7.0,6.0,ㅇ
21,0827740Q,노웅래,945,36,945.0,36.0,0.0,ㄴ
21,09I2323E,김한정,234,33,233.0,32.0,1.0,ㄱ
21,0PK7354M,서동용,1199,38,1197.0,36.0,2.0,ㅅ
21,0R68099X,이수진,1959,32,1932.0,5.0,27.0,ㅇ
21,0VU8517U,황희,323,32,291.0,0.0,32.0,ㅎ
21,0W194007,김영주,674,35,673.0,34.0,1.0,ㄱ
21,0WL9321T,유정주,1766,32,1765.0,31.0,1.0,ㅇ
21,0YT3774N,황운하,1692,32,1660.0,0.0,32.0,ㅎ
21,14M56632,강기윤,1259,18,1259.0,18.0,0.0,ㄱ
21,16D7652C,이원욱,1053,31,1026.0,4.0,27.0,ㅇ
21,17M85910,소병철,572,37,570.0,35.0,2.0,ㅅ
21,1BX7234U,김경만,1525,35,1523.0,33.0,2.0,ㄱ
21,1MU99298,김철민,1711,35,1711.0,35.0,0.0,ㄱ
21,1WE5693J,김태년,378,29,377.0,28.0,1.0,ㄱ
21,1X376850,이영,425,15,425.0,15.0,0.0,ㅇ
21,1Y73132H,김상훈,988,18,988.0,18.0,0.0,ㄱ
21,21N57758,오영훈,400,27,399.0,26.0,1.0,ㅇ
21,2385336L,정청래,741,36,707.0,2.0,34.0,ㅈ
21,25I8709Q,조오섭,1993,35,1960.0,2.0,33.0,ㅈ
21,2N793392,홍성국,1952,37,1917.0,2.0,35.0,ㅎ
21,2NV6751W,장철민,1283,31,1253.0,1.0,30.0,ㅈ
21,2UD1340H,김성주,995,35,994.0,34.0,1.0,ㄱ
21,3249208I,송옥주,1435,35,1434.0,34.0,1.0,ㅅ
21,3425169D,정필모,809,31,782.0,4.0,27.0,ㅈ
21,3BC6890E,김미애,585,17,585.0,17.0,0.0,ㄱ
21,3C23171A,진성준,978,37,942.0,1.0,36.0,ㅈ
21,3DK8989T,최춘식,1148,17,1145.0,14.0,3.0,ㅊ
21,3RW63706,이주환,1422,17,1422.0,17.0,0.0,ㅇ
21,3TO11703,권인숙,977,36,975.0,34.0,2.0,ㄱ
21,3ZR4438W,이인영,312,33,285.0,6.0,27.0,ㅇ
21,4019850M,박정,1454,36,1453.0,35.0,1.0,ㅂ
21,40E3739H,윤창현,1222,17,1222.0,17.0,0.0,ㅇ
21,40S1959J,박영순,1002,34,1002.0,34.0,0.0,ㅂ
21,4A067125,이광재,520,20,503.0,3.0,17.0,ㅇ
21,4L695580,김원이,1001,36,1000.0,35.0,1.0,ㄱ
21,4T026790,임오경,1095,37,1063.0,5.0,32.0,ㅇ
21,4U29186R,문진석,1384,36,1383.0,35.0,1.0,ㅁ
21,4X525582,배현진,368,17,368.0,17.0,0.0,ㅂ
21,4XG1439M,고영인,1206,37,1205.0,36.0,1.0,ㄱ
21,52P3934K,김희곤,1206,18,1206.0,18.0,0.0,ㄱ
21,5765663F,김영진,625,34,625.0,34.0,0.0,ㄱ
21,5K93695T,김승수,1187,17,1187.0,17.0,0.0,ㄱ
21,5KV82250,조경태,801,17,801.0,17.0,0.0,ㅈ
21,5KV96424,강준현,976,37,975.0,36.0,1.0,ㄱ
21,5MD4184K,홍기원,879,35,844.0,0.0,35.0,ㅎ
21,5UN9725L,이용,968,17,968.0,17.0,0.0,ㅇ
21,60490713,강병원,1059,35,1058.0,34.0,1.0,ㄱ
21,6399076T,김민철,1615,31,1613.0,29.0,2.0,ㄱ
21,66W6739S,허은아,583,17,577.0,11.0,6.0,ㅎ
21,68P7228G,진선미,469,35,435.0,1.0,34.0,ㅈ
21,6AR6743G,김희국,522,17,522.0,17.0,0.0,ㄱ
21,6AU2417B,박주민,497,33,496.0,32.0,1.0,ㅂ
21,6EN68926,송언석,821,16,821.0,16.0,0.0,ㅅ
21,6FS10566,강성희,91,1,90.0,0.0,1.0,ㄱ
21,6MO8786S,안병길,987,18,987.0,18.0,0.0,ㅇ
21,6RD62559,박정하,342,3,342.0,3.0,0.0,ㅂ
21,6RM29022,최재형,132,3,130.0,1.0,2.0,ㅊ
21,6U243644,박형수,370,17,370.0,17.0,0.0,ㅂ
21,6V37131U,고용진,910,37,909.0,36.0,1.0,ㄱ
21,6YT83269,이명수,1510,20,1510.0,20.0,0.0,ㅇ
21,71J2365L,전주혜,601,18,601.0,18.0,0.0,ㅈ
21,7469929V,구자근,1996,17,1996.0,17.0,0.0,ㄱ
21,7BM2933Y,김영호,811,29,810.0,28.0,1.0,ㄱ
21,7I09543O,이장섭,936,36,907.0,7.0,29.0,ㅇ
21,7JC3239L,윤두현,797,17,797.0,17.0,0.0,ㅇ
21,7O71647Z,양이원영,1037,34,1035.0,32.0,2.0,ㅇ
21,7R156073,박범계,173,31,172.0,30.0,1.0,ㅂ
21,7XY7109I,성일종,1401,18,1401.0,18.0,0.0,ㅅ
21,8348421R,엄태영,868,18,868.0,18.0,0.0,ㅇ
21,8FB1535Y,어기구,821,32,819.0,30.0,2.0,ㅇ
21,8FC9697X,유기홍,409,36,407.0,34.0,2.0,ㅇ
21,8KF7223D,이성만,1675,34,1650.0,9.0,25.0,ㅇ
21,8P37634C,강득구,1476,32,1475.0,31.0,1.0,ㄱ
21,8Q88373R,김병기,939,35,938.0,34.0,1.0,ㄱ
21,8SV6917G,주호영,408,17,408.0,17.0,0.0,ㅈ
21,8VJ8533R,최연숙,507,11,506.0,10.0,1.0,ㅊ
21,8VY63414,류성걸,627,17,627.0,17.0,0.0,ㄹ
21,8X15119P,윤한홍,659,18,659.0,18.0,0.0,ㅇ
21,9D939735,김성원,1667,18,1667.0,18.0,0.0,ㄱ
21,9JF4562W,이용선,904,36,877.0,9.0,27.0,ㅇ
21,9L57027L,유경준,975,17,975.0,17.0,0.0,ㅇ
21,9LD2641Q,김정호,2765,37,2764.0,36.0,1.0,ㄱ
21,9S151177,이탄희,802,37,773.0,8.0,29.0,ㅇ
21,9V18755A,양경숙,1251,34,1249.0,32.0,2.0,ㅇ
21,9VR65006,윤영석,626,19,626.0,19.0,0.0,ㅇ
21,9YO73104,전재수,848,32,818.0,2.0,30.0,ㅈ
21,A0P4646G,최형두,956,18,953.0,15.0,3.0,ㅊ
21,A2V51235,배진교,635,7,629.0,1.0,6.0,ㅂ
21,A3H7195R,박완주,457,28,454.0,25.0,3.0,ㅂ
21,A494529E,천준호,493,34,461.0,2.0,32.0,ㅊ
21,AE685067,이규민,1240,15,1234.0,9.0,6.0,ㅇ
21,AFH96856,신영대,748,36,746.0,34.0,2.0,ㅅ
21,ATB59635,김승원,1974,35,1973.0,34.0,1.0,ㄱ
21,B7D7534L,김영배,1446,36,1445.0,35.0,1.0,ㄱ
21,B7H6207C,박대수,2117,18,2117.0,18.0,0.0,ㅂ
21,B7R2742J,기동민,1282,36,1282.0,36.0,0.0,ㄱ
21,BCQ55105,한준호,1525,37,1489.0,1.0,36.0,ㅎ
21,BLC8630L,박병석,32,8,32.0,8.0,0.0,ㅂ
21,BM63269Y,전해철,344,34,312.0,2.0,32.0,ㅈ
21,BT62420K,박찬대,789,31,788.0,30.0,1.0,ㅂ
21,C7E79345,권칠승,856,34,855.0,33.0,1.0,ㄱ
21,C835799S,김근태,20,0,20.0,0.0,0.0,ㄱ
21,CAA7713A,백종헌,1397,18,1397.0,18.0,0.0,ㅂ
21,CCU1009B,이해식,993,37,963.0,7.0,30.0,ㅇ
21,CDL93608,조응천,407,26,381.0,0.0,26.0,ㅈ
21,CFE3998F,이상직,293,12,285.0,4.0,8.0,ㅇ
21,CI15627C,김두관,1034,36,1033.0,35.0,1.0,ㄱ
21,CNW5754J,송석준,643,17,643.0,17.0,0.0,ㅅ
21,CNZ51556,김예지,1617,17,1617.0,17.0,0.0,ㄱ
21,CT85313K,서병수,941,18,941.0,18.0,0.0,ㅅ
21,CZB4125D,장제원,254,17,254.0,17.0,0.0,ㅈ
21,D0C85236,박완수,265,15,265.0,15.0,0.0,ㅂ
21,D4L60530,이수진,1368,37,1341.0,10.0,27.0,ㅇ
21,D6U6678O,김주영,1384,35,1383.0,34.0,1.0,ㄱ
21,DAN6731C,박성중,640,17,640.0,17.0,0.0,ㅂ
21,DAV7257X,이원택,995,35,969.0,9.0,26.0,ㅇ
21,DAY6557K,정동만,846,17,846.0,17.0,0.0,ㅈ
21,DBA1057Z,이용호,567,5,565.0,3.0,2.0,ㅇ
21,DPZ7685X,전봉민,898,12,898.0,12.0,0.0,ㅈ
21,DV77269P,양경규,24,0,24.0,0.0,0.0,ㅇ
21,DWK26447,이인선,536,3,536.0,3.0,0.0,ㅇ
21,E1J8836Y,김정재,1135,18,1135.0,18.0,0.0,ㄱ
21,E6U4345C,임종성,1529,36,1497.0,4.0,32.0,ㅇ
21,E9R4507P,권명호,1748,17,1748.0,17.0,0.0,ㄱ
21,EH27538E,임이자,1070,17,1070.0,17.0,0.0,ㅇ
21,EMC8812P,홍석준,545,18,528.0,1.0,17.0,ㅎ
21,EVH1507C,이헌승,972,18,972.0,18.0,0.0,ㅇ
21,F0I5053J,우신구,38,0,38.0,0.0,0.0,ㅇ
21,F5U2979W,김학용,533,3,533.0,3.0,0.0,ㄱ
21,F5Y4026Q,신현영,563,29,562.0,28.0,1.0,ㅅ
21,FDC3144T,이종성,1688,17,1688.0,17.0,0.0,ㅇ
21,FGI27280,하영제,1140,18,1137.0,15.0,3.0,ㅎ
21,FH777496,임호선,2294,33,2263.0,2.0,31.0,ㅇ
21,FIC9046Z,김의겸,617,18,614.0,15.0,3.0,ㄱ
21,FJK3396E,맹성규,826,36,825.0,35.0,1.0,ㅁ
21,FOK3459D,서삼석,1064,35,1063.0,34.0,1.0,ㅅ
21,FRN1867O,홍익표,711,38,675.0,2.0,36.0,ㅎ
21,FU53642G,허영,1515,38,1479.0,2.0,36.0,ㅎ
21,FU87526G,박수영,363,17,363.0,17.0,0.0,ㅂ
21,FYI20317,조승래,1023,30,994.0,1.0,29.0,ㅈ
21,G152611B,추경호,1390,16,1388.0,14.0,2.0,ㅊ
21,G1570880,신동근,931,34,930.0,33.0,1.0,ㅅ
21,G7512472,이용우,1009,31,983.0,5.0,26.0,ㅇ
21,GAV6441G,장혜영,589,6,583.0,0.0,6.0,ㅈ
21,GD131760,홍문표,954,18,941.0,5.0,13.0,ㅎ
21,GDG1847Z,권성동,796,10,796.0,10.0,0.0,ㄱ
21,GE71932C,용혜인,783,7,782.0,6.0,1.0,ㅇ
21,GF286398,김병주,558,27,558.0,27.0,0.0,ㄱ
21,GFF1986K,김병욱,1294,31,1293.0,30.0,1.0,ㄱ
21,GKD32201,이용빈,2609,37,2581.0,9.0,28.0,ㅇ
21,GOC54665,문정복,753,31,752.0,30.0,1.0,ㅁ
21,GP07421U,윤건영,657,28,648.0,19.0,9.0,ㅇ
21,GX22581L,강민국,456,18,456.0,18.0,0.0,ㄱ
21,GX38539O,유동수,765,35,763.0,33.0,2.0,ㅇ
21,H5476989,한병도,1597,31,1567.0,1.0,30.0,ㅎ
21,HKJ99607,이병훈,1722,37,1696.0,11.0,26.0,ㅇ
21,HSS7466Y,백혜련,677,34,676.0,33.0,1.0,ㅂ
21,HSW1214Q,이종배,1293,18,1293.0,18.0,0.0,ㅇ
21,HXT76735,박상혁,1992,36,1991.0,35.0,1.0,ㅂ
21,I0S53762,하태경,334,17,331.0,14.0,3.0,ㅎ
21,I434361W,조태용,218,14,218.0,14.0,0.0,ㅈ
21,I5I2468R,최기상,742,30,713.0,1.0,29.0,ㅊ
21,I7R13867,이개호,1049,35,1023.0,9.0,26.0,ㅇ
21,ICH23251,최강욱,655,19,636.0,0.0,19.0,ㅊ
21,IL74008M,박성준,1697,37,1696.0,36.0,1.0,ㅂ
21,IN328264,조정식,426,26,400.0,0.0,26.0,ㅈ
21,IOW1101J,김영식,1360,17,1360.0,17.0,0.0,ㄱ
21,IOW8224X,이형석,1247,36,1218.0,7.0,29.0,ㅇ
21,IUD9392R,이재명,31,10,22.0,1.0,9.0,ㅇ
21,IUL4848V,윤희숙,123,10,123.0,10.0,0.0,ㅇ
21,J2O8643H,도종환,759,38,758.0,37.0,1.0,ㄷ
21,J9S37905,황보승희,1002,19,985.0,2.0,17.0,ㅎ
21,JC14718Q,윤준병,2223,35,2197.0,9.0,26.0,ㅇ
21,JEZ3130Q,김형동,1174,19,1174.0,19.0,0.0,ㄱ
21,JMY9959W,윤관석,723,33,707.0,17.0,16.0,ㅇ
21,JNL7001A,김선교,1073,16,1073.0,16.0,0.0,ㄱ
21,JQA21112,한기호,409,18,404.0,13.0,5.0,ㅎ
21,JVB6983V,노용호,388,3,388.0,3.0,0.0,ㄴ
21,JZY9937U,김윤덕,1260,31,1260.0,31.0,0.0,ㄱ
21,K3W33496,박광온,660,35,659.0,34.0,1.0,ㅂ
21,K5F2023J,이학영,1313,36,1284.0,7.0,29.0,ㅇ
21,KB04377U,김병욱,1510,17,1510.0,17.0,0.0,ㄱ
21,KFM1081G,장동혁,355,3,355.0,3.0,0.0,ㅈ
21,KFS1358P,윤영덕,1341,36,1323.0,18.0,18.0,ㅇ
21,KNM3215T,윤미향,1452,17,1445.0,10.0,7.0,ㅇ
21,KR14136C,홍영표,482,33,449.0,0.0,33.0,ㅎ
21,KUO3574J,양기대,843,30,841.0,28.0,2.0,ㅇ
21,L2I9861C,강대식,1025,18,1025.0,18.0,0.0,ㄱ
21,L5P27909,김은혜,257,14,257.0,14.0,0.0,ㄱ
21,L7J93733,서범수,706,18,706.0,18.0,0.0,ㅅ
21,L7T64271,김수흥,1158,37,1157.0,36.0,1.0,ㄱ
21,LBC8144B,김영선,299,3,299.0,3.0,0.0,ㄱ
21,LG63087O,권영세,494,19,494.0,19.0,0.0,ㄱ
21,LH97552Q,김도읍,811,17,811.0,17.0,0.0,ㄱ
21,LJK4960Z,정점식,370,18,370.0,18.0,0.0,ㅈ
21,LM13674V,송재호,1345,33,1342.0,30.0,3.0,ㅅ
21,LNR7932L,김진애,155,2,153.0,0.0,2.0,ㄱ
21,LPB30152,최인호,1124,30,1095.0,1.0,29.0,ㅊ
21,LQW3652K,김웅,248,17,248.0,17.0,0.0,ㄱ
21,LT72093S,정일영,1334,29,1306.0,1.0,28.0,ㅈ
21,M0A1658U,윤호중,311,35,287.0,11.0,24.0,ㅇ
21,M2Q9024I,김종민,833,33,832.0,32.0,1.0,ㄱ
21,M6H1705E,김회재,859,32,859.0,32.0,0.0,ㄱ
21,M7O7878U,신정훈,2396,37,2394.0,35.0,2.0,ㅅ
21,M7T9712V,최승재,815,17,815.0,17.0,0.0,ㅊ
21,MD083627,정춘숙,1283,38,1248.0,3.0,35.0,ㅈ
21,MHK9919B,곽상도,268,11,268.0,11.0,0.0,ㄱ
21,MLH1404S,김민석,918,33,917.0,32.0,1.0,ㄱ
21,MNZ4401T,강선우,1271,35,1270.0,34.0,1.0,ㄱ
21,MO52543L,변재일,536,35,535.0,34.0,1.0,ㅂ
21,MQU41854,조은희,342,3,342.0,3.0,0.0,ㅈ
21,MR210505,서일준,1512,18,1512.0,18.0,0.0,ㅅ
21,MRK4871S,유의동,535,17,535.0,17.0,0.0,ㅇ
21,MSO2590I,김은희,43,0,43.0,0.0,0.0,ㄱ
21,MSY7784L,윤상현,390,9,388.0,7.0,2.0,ㅇ
21,MU69217P,유상범,534,17,534.0,17.0,0.0,ㅇ
21,MY318392,오영환,3024,37,3022.0,35.0,2.0,ㅇ
21,N4R2421C,박덕흠,1691,13,1688.0,10.0,3.0,ㅂ
21,N9X9673B,전혜숙,1044,35,1010.0,1.0,34.0,ㅈ
21,NAL4555X,홍준표,290,6,284.0,0.0,6.0,ㅎ
21,NCO99988,허숙정,79,1,78.0,0.0,1.0,ㅎ
21,NCP9875N,류호정,809,6,804.0,1.0,5.0,ㄹ
21,NLR6572J,임병헌,397,3,397.0,3.0,0.0,ㅇ
21,NQR1206Q,정진석,647,19,647.0,19.0,0.0,ㅈ
21,NTT8182Q,김민기,759,36,758.0,35.0,1.0,ㄱ
21,NUB4941Z,김한규,391,10,390.0,9.0,1.0,ㄱ
21,NZF1659U,정운천,1096,17,1096.0,17.0,0.0,ㅈ
21,O0I2045I,이정문,1382,37,1353.0,8.0,29.0,ㅇ
21,O6D8329R,민홍철,681,35,680.0,34.0,1.0,ㅁ
21,O7R5461J,윤후덕,1140,35,1114.0,9.0,26.0,ㅇ
21,OFE45081,김용민,967,38,966.0,37.0,1.0,ㄱ
21,OIA3741M,오기형,246,28,245.0,27.0,1.0,ㅇ
21,OSV9142K,이만희,427,17,427.0,17.0,0.0,ㅇ
21,OW53107J,설훈,496,36,494.0,34.0,2.0,ㅅ
21,P0F1530P,김태호,614,10,613.0,9.0,1.0,ㄱ
21,P2N4585G,김승남,1503,37,1502.0,36.0,1.0,ㄱ
21,P2N50879,강민정,1702,21,1697.0,16.0,5.0,ㄱ
21,PAO22428,송영길,542,27,541.0,26.0,1.0,ㅅ
21,PEP6922S,박용진,716,29,715.0,28.0,1.0,ㅂ
21,PFG2137X,정희용,1098,17,1098.0,17.0,0.0,ㅈ
21,PO64874I,김홍걸,1739,17,1732.0,10.0,7.0,ㄱ
21,PZA4062H,양정숙,2959,12,2948.0,1.0,11.0,ㅇ
21,Q9H5708M,김진표,652,23,652.0,23.0,0.0,ㄱ
21,QD25323M,최혜영,1740,34,1707.0,1.0,33.0,ㅊ
21,QHL3248U,김남국,1167,32,1166.0,31.0,1.0,ㄱ
21,QKO6165V,박진,480,17,480.0,17.0,0.0,ㅂ
21,QQP4727N,배준영,794,17,794.0,17.0,0.0,ㅂ
21,QTW6852F,이태규,546,6,546.0,6.0,0.0,ㅇ
21,QUM8288K,이달곤,420,18,420.0,18.0,0.0,ㅇ
21,QUO78839,박재호,791,34,790.0,33.0,1.0,ㅂ
21,RD42006Y,송갑석,1789,37,1787.0,35.0,2.0,ㅅ
21,RO593601,이동주,1494,36,1468.0,10.0,26.0,ㅇ
21,RPN2293B,장경태,1502,36,1469.0,3.0,33.0,ㅈ
21,RQQ3807K,위성곤,1651,33,1649.0,31.0,2.0,ㅇ
21,S741317G,조명희,1336,18,1336.0,18.0,0.0,ㅈ
21,S824682L,박홍근,1372,38,1371.0,37.0,1.0,ㅂ
21,S9U45255,이양수,500,18,500.0,18.0,0.0,ㅇ
21,SBK1544B,정찬민,402,17,402.0,17.0,0.0,ㅈ
21,SE233396,윤재갑,1645,37,1619.0,11.0,26.0,ㅇ
21,SQ36001H,송기헌,482,29,480.0,27.0,2.0,ㅅ
21,SRP7336N,신원식,525,17,525.0,17.0,0.0,ㅅ
21,SU53086M,심상정,663,12,652.0,1.0,11.0,ㅅ
21,SVH3899R,김용판,2302,18,2302.0,18.0,0.0,ㄱ
21,SZ51175J,이자스민,20,0,20.0,0.0,0.0,ㅇ
21,T465023H,주철현,1347,32,1318.0,3.0,29.0,ㅈ
21,TJW93720,전용기,1454,36,1420.0,2.0,34.0,ㅈ
21,TKJ4800F,서영교,1496,38,1494.0,36.0,2.0,ㅅ
21,TP066860,정정순,153,11,142.0,0.0,11.0,ㅈ
21,TRE2429O,강훈식,768,33,767.0,32.0,1.0,ㄱ
21,TST4507I,안규백,1013,37,1011.0,35.0,2.0,ㅇ
21,TVF3669B,김태흠,426,14,426.0,14.0,0.0,ㄱ
21,TZ228122,민병덕,1745,36,1744.0,35.0,1.0,ㅁ
21,TZP9391O,이철규,584,18,584.0,18.0,0.0,ㅇ
21,UB114374,한무경,1167,17,1161.0,11.0,6.0,ㅎ
21,UGH6481E,김상희,792,33,791.0,32.0,1.0,ㄱ
21,UHB5553T,정태호,892,36,858.0,2.0,34.0,ㅈ
21,UM51067K,인재근,1381,37,1351.0,7.0,30.0,ㅇ
21,UQ282145,이재정,425,31,397.0,3.0,28.0,ㅇ
21,USR7059P,정경희,479,17,479.0,17.0,0.0,ㅈ
21,V0O5343U,우상호,157,35,155.0,33.0,2.0,ㅇ
21,V429892C,정성호,1099,31,1069.0,1.0,30.0,ㅈ
21,VCP96419,허종식,1372,34,1339.0,1.0,33.0,ㅎ
21,VG24001G,양금희,1254,18,1254.0,18.0,0.0,ㅇ
21,VHK3402G,정우택,669,3,669.0,3.0,0.0,ㅈ
21,VRY5522V,민형배,2594,26,2593.0,25.0,1.0,ㅁ
21,W1Q6753M,이은주,679,10,669.0,0.0,10.0,ㅇ
21,W4X85128,박대출,419,18,419.0,18.0,0.0,ㅂ
21,WCD5518S,고민정,401,30,401.0,30.0,0.0,ㄱ
21,WDS6044S,이채익,933,18,933.0,18.0,0.0,ㅇ
21,WFU14784,서정숙,587,17,587.0,17.0,0.0,ㅅ
21,WHV3448W,양향자,836,14,832.0,10.0,4.0,ㅇ
21,WJL30106,조정훈,358,2,357.0,1.0,1.0,ㅈ
21,WMG57662,강은미,687,12,676.0,1.0,11.0,ㄱ
21,WTR5885Y,이소영,521,30,495.0,4.0,26.0,ㅇ
21,WVU2479T,이상헌,1510,31,1483.0,4.0,27.0,ㅇ
21,X1K3667J,김교흥,823,32,823.0,32.0,0.0,ㄱ
21,X3170462,박성민,1335,17,1335.0,17.0,0.0,ㅂ
21,X7I4680R,김기현,602,18,602.0,18.0,0.0,ㄱ
21,XA42275R,홍정민,1346,37,1310.0,1.0,36.0,ㅎ
21,XBT9550Q,우원식,793,34,792.0,33.0,1.0,ㅇ
21,XEF29171,안호영,1105,35,1103.0,33.0,2.0,ㅇ
21,XJC13432,태영호,1659,17,1656.0,14.0,3.0,ㅌ
21,XPP2564T,한정애,584,35,551.0,2.0,33.0,ㅎ
21,XR24352K,서영석,1346,35,1345.0,34.0,1.0,ㅅ
21,XSP20229,김성환,689,35,688.0,34.0,1.0,ㄱ
21,XWX1513T,윤영찬,552,36,526.0,10.0,26.0,ㅇ
21,Y7K5946R,지성호,1390,17,1390.0,17.0,0.0,ㅈ
21,YKW37422,권은희,259,6,259.0,6.0,0.0,ㄱ
21,YLS4431M,조수진,972,17,972.0,17.0,0.0,ㅈ
21,YOG1280B,안철수,186,3,186.0,3.0,0.0,ㅇ
21,YTA7297R,최영희,560,3,558.0,1.0,2.0,ㅊ
21,Z6R3959C,조해진,225,18,225.0,18.0,0.0,ㅈ
21,Z7Y7827F,최종윤,1632,36,1597.0,1.0,35.0,ㅊ
21,ZA54991S,안민석,933,35,932.0,34.0,1.0,ㅇ
21,ZDP5704Q,윤주경,502,17,502.0,17.0,0.0,ㅇ
21,ZDR63255,소병훈,1024,38,1022.0,36.0,2.0,ㅅ
21,ZKU88693,김경협,738,33,737.0,32.0,1.0,ㄱ
21,ZRF3039U,윤재옥,396,17,396.0,17.0,0.0,ㅇ
21,ZYH1940A,이상민,266,29,240.0,3.0,26.0,ㅇ
21,ZYP7962W,김석기,1204,18,1204.0,18.0,0.0,ㄱ
22,04T3751T,남인순,837,42,673.0,42.0,0.0,ㄴ
22,0698755I,이해민,954,10,741.0,0.0,10.0,ㅇ
22,0R68099X,이수진,2020,46,1599.0,9.0,37.0,ㅇ
22,0VU8517U,황희,348,42,259.0,0.0,42.0,ㅎ
22,0YT3774N,황운하,1184,8,890.0,1.0,7.0,ㅎ
22,1A82234K,박은정,690,11,562.0,0.0,11.0,ㅂ
22,1JI2689F,박용갑,1636,42,1215.0,41.0,1.0,ㅂ
22,1S05899F,채현일,928,43,784.0,3.0,40.0,ㅊ
22,1SR94244,김소희,1335,42,1164.0,42.0,0.0,ㄱ
22,1WE5693J,김태년,794,43,692.0,42.0,1.0,ㄱ
22,1Y73132H,김상훈,1586,39,1138.0,39.0,0.0,ㄱ
22,2385336L,정청래,98,40,57.0,2.0,38.0,ㅈ
22,25G2571T,전현희,595,42,478.0,5.0,37.0,ㅈ
22,29V4537Y,이진숙,43,0,0.0,0.0,0.0,ㅇ
22,2KM3589W,손솔,396,4,201.0,0.0,4.0,ㅅ
22,2NV6751W,장철민,973,42,776.0,5.0,37.0,ㅈ
22,2S73768V,이훈기,1063,41,799.0,4.0,37.0,ㅇ
22,3249208I,송옥주,1415,47,1226.0,47.0,0.0,ㅅ
22,3BC6890E,김미애,966,41,702.0,41.0,0.0,ㄱ
22,3C23171A,진성준,712,46,443.0,6.0,40.0,ㅈ
22,3CC88975,김기표,757,40,607.0,40.0,0.0,ㄱ
22,3LP22204,이재강,655,42,549.0,4.0,38.0,ㅇ
22,3NI5978A,조지연,1027,37,809.0,36.0,1.0,ㅈ
22,3OQ8273H,양문석,510,41,491.0,41.0,0.0,ㅇ
22,3TP65086,윤종오,626,14,471.0,2.0,12.0,ㅇ
22,3UI95829,김우영,1228,43,955.0,43.0,0.0,ㄱ
22,3ZR4438W,이인영,445,39,304.0,2.0,37.0,ㅇ
22,4019850M,박정,1762,48,1477.0,47.0,1.0,ㅂ
22,42K7317Y,강승규,753,37,592.0,37.0,0.0,ㄱ
22,43Q3892U,박희승,2350,48,2062.0,48.0,0.0,ㅂ
22,4A067125,이광재,62,0,0.0,0.0,0.0,ㅇ
22,4L695580,김원이,660,42,541.0,41.0,1.0,ㄱ
22,4T026790,임오경,922,44,758.0,6.0,38.0,ㅇ
22,4U29186R,문진석,1551,44,1273.0,43.0,1.0,ㅁ
22,4X525582,배현진,161,37,136.0,37.0,0.0,ㅂ
22,51A45980,서미화,1561,42,1280.0,41.0,1.0,ㅅ
22,5762459L,이정헌,458,43,275.0,6.0,37.0,ㅇ
22,5765663F,김영진,526,43,416.0,43.0,0.0,ㄱ
22,57B28032,김재섭,655,37,419.0,37.0,0.0,ㄱ
22,5DC8083A,한동훈,25,0,0.0,0.0,0.0,ㅎ
22,5K93695T,김승수,1108,42,819.0,42.0,0.0,ㄱ
22,5KV82250,조경태,713,38,616.0,38.0,0.0,ㅈ
22,5KV96424,강준현,1833,42,1427.0,42.0,0.0,ㄱ
22,5MD4184K,홍기원,880,43,655.0,0.0,43.0,ㅎ
22,5N65159P,김윤,1841,41,1415.0,41.0,0.0,ㄱ
22,5TQ6306B,박수현,931,46,880.0,45.0,1.0,ㅂ
22,68P7228G,진선미,702,38,562.0,1.0,37.0,ㅈ
22,6AU2417B,박주민,237,41,213.0,41.0,0.0,ㅂ
22,6EN68926,송언석,461,41,369.0,41.0,0.0,ㅅ
22,6I88973D,부승찬,518,40,408.0,40.0,0.0,ㅂ
22,6K79158C,이용우,1141,40,965.0,3.0,37.0,ㅇ
22,6RD62559,박정하,831,44,706.0,44.0,0.0,ㅂ
22,6U243644,박형수,417,37,312.0,37.0,0.0,ㅂ
22,6VC83722,김현정,1212,46,1024.0,46.0,0.0,ㄱ
22,6WK3815W,김태선,1090,45,920.0,45.0,0.0,ㄱ
22,7469929V,구자근,1390,41,1146.0,41.0,0.0,ㄱ
22,7BM2933Y,김영호,483,48,432.0,47.0,1.0,ㄱ
22,7GW5372Y,김선민,936,10,738.0,0.0,10.0,ㄱ
22,7R156073,박범계,236,41,199.0,40.0,1.0,ㅂ
22,7XY7109I,성일종,868,38,703.0,38.0,0.0,ㅅ
22,7YC6702R,이건태,793,39,661.0,5.0,34.0,ㅇ
22,7YL9580G,김현,560,44,398.0,44.0,0.0,ㄱ
22,7ZS19508,김태규,139,0,0.0,0.0,0.0,ㄱ
22,80C5885Z,서왕진,943,8,727.0,0.0,8.0,ㅅ
22,8348421R,엄태영,1248,37,905.0,37.0,0.0,ㅇ
22,86R9476S,김문수,1986,46,1633.0,46.0,0.0,ㄱ
22,88O1334C,김성회,440,40,359.0,40.0,0.0,ㄱ
22,8A05621B,김준형,1117,11,901.0,0.0,11.0,ㄱ
22,8BF5855P,박지원,2173,48,1807.0,47.0,1.0,ㅂ
22,8FB1535Y,어기구,685,48,547.0,47.0,1.0,ㅇ
22,8JG4358H,한민수,1579,42,1275.0,5.0,37.0,ㅎ
22,8L52480G,이상휘,584,42,429.0,42.0,0.0,ㅇ
22,8O34202I,김영환,896,41,724.0,41.0,0.0,ㄱ
22,8P37634C,강득구,589,42,508.0,42.0,0.0,ㄱ
22,8Q88373R,김병기,285,38,275.0,37.0,1.0,ㄱ
22,8SV6917G,주호영,624,38,551.0,32.0,6.0,ㅈ
22,8TU8443O,조계원,1611,43,1264.0,5.0,38.0,ㅈ
22,8UC4779G,우재준,886,38,769.0,38.0,0.0,ㅇ
22,8X15119P,윤한홍,530,38,379.0,38.0,0.0,ㅇ
22,8XE7026P,정연욱,313,38,272.0,38.0,0.0,ㅈ
22,95J3282H,이광희,1555,40,1202.0,3.0,37.0,ㅇ
22,9901388T,강명구,745,38,480.0,38.0,0.0,ㄱ
22,9D939735,김성원,1666,40,1265.0,40.0,0.0,ㄱ
22,9HE7226N,정진욱,1198,45,937.0,7.0,38.0,ㅈ
22,9JF4562W,이용선,502,44,382.0,6.0,38.0,ㅇ
22,9LD2641Q,김정호,923,39,809.0,38.0,1.0,ㄱ
22,9VR65006,윤영석,496,39,399.0,39.0,0.0,ㅇ
22,9YO73104,전재수,394,41,352.0,3.0,38.0,ㅈ
22,A0P4646G,최형두,462,41,363.0,5.0,36.0,ㅊ
22,A494529E,천준호,189,40,131.0,1.0,39.0,ㅊ
22,AEJ19639,박정훈,305,38,256.0,38.0,0.0,ㅂ
22,AEO5706C,이강일,725,40,509.0,19.0,21.0,ㅇ
22,AFH96856,신영대,590,38,589.0,38.0,0.0,ㅅ
22,ANS8383S,김대식,782,41,520.0,41.0,0.0,ㄱ
22,ARP89147,정동영,583,40,531.0,2.0,38.0,ㅈ
22,ATB59635,김승원,715,47,606.0,46.0,1.0,ㄱ
22,B7789327,인요한,593,34,593.0,34.0,0.0,ㅇ
22,B7D7534L,김영배,792,47,697.0,46.0,1.0,ㄱ
22,BCQ55105,한준호,929,43,692.0,8.0,35.0,ㅎ
22,BNV6535N,정혜경,678,9,489.0,2.0,7.0,ㅈ
22,BRU2690F,오세희,1095,44,895.0,44.0,0.0,ㅇ
22,BT62420K,박찬대,169,41,156.0,41.0,0.0,ㅂ
22,C7E79345,권칠승,841,45,694.0,44.0,1.0,ㄱ
22,CAA7713A,백종헌,949,43,810.0,43.0,0.0,ㅂ
22,CC78321E,최혁진,1895,7,1486.0,0.0,7.0,ㅊ
22,CCU1009B,이해식,915,47,716.0,9.0,38.0,ㅇ
22,CGW7415Z,정성국,647,37,531.0,37.0,0.0,ㅈ
22,CIZ8557P,장종태,990,43,753.0,5.0,38.0,ㅈ
22,CK143054,양부남,1484,47,1152.0,46.0,1.0,ㅇ
22,CNW5754J,송석준,696,38,558.0,38.0,0.0,ㅅ
22,CNZ51556,김예지,1197,37,934.0,37.0,0.0,ㄱ
22,CST4991F,임광현,355,22,334.0,1.0,21.0,ㅇ
22,D6U6678O,김주영,958,43,761.0,42.0,1.0,ㄱ
22,D9I3309M,문대림,984,40,850.0,40.0,0.0,ㅁ
22,DAV7257X,이원택,895,39,811.0,2.0,37.0,ㅇ
22,DAY6557K,정동만,747,37,549.0,37.0,0.0,ㅈ
22,DMP1439I,김재원,1095,11,879.0,0.0,11.0,ㄱ
22,DOZ1588B,김성범,69,0,0.0,0.0,0.0,ㄱ
22,DWK26447,이인선,1426,39,1190.0,39.0,0.0,ㅇ
22,E1J8836Y,김정재,845,43,671.0,43.0,0.0,ㄱ
22,E2B3753X,박해철,1565,45,1363.0,45.0,0.0,ㅂ
22,EB16073M,안도걸,922,42,702.0,42.0,0.0,ㅇ
22,EBH1101V,이연희,1544,41,1245.0,3.0,38.0,ㅇ
22,EFU76868,권향엽,882,46,619.0,45.0,1.0,ㄱ
22,EH27538E,임이자,805,41,710.0,41.0,0.0,ㅇ
22,EMH4976E,박지혜,684,41,571.0,40.0,1.0,ㅂ
22,EPI69383,김용태,1167,43,835.0,43.0,0.0,ㄱ
22,EVH1507C,이헌승,1241,38,1016.0,38.0,0.0,ㅇ
22,FH777496,임호선,1405,46,1213.0,8.0,38.0,ㅇ
22,FIC9046Z,김의겸,101,0,0.0,0.0,0.0,ㄱ
22,FIE6569O,곽상언,228,42,159.0,42.0,0.0,ㄱ
22,FJK3396E,맹성규,477,43,390.0,43.0,0.0,ㅁ
22,FOK3459D,서삼석,950,48,743.0,47.0,1.0,ㅅ
22,FU53642G,허영,1587,45,1250.0,4.0,41.0,ㅎ
22,FU87526G,박수영,485,37,362.0,37.0,0.0,ㅂ
22,FYG6302V,전은수,32,0,0.0,0.0,0.0,ㅈ
22,FYI20317,조승래,702,45,569.0,7.0,38.0,ㅈ
22,G152611B,추경호,335,37,296.0,4.0,33.0,ㅊ
22,G6W8250J,박준태,1189,37,999.0,37.0,0.0,ㅂ
22,GDG1847Z,권성동,407,39,378.0,39.0,0.0,ㄱ
22,GE71932C,용혜인,538,11,417.0,11.0,0.0,ㅇ
22,GF286398,김병주,455,42,339.0,42.0,0.0,ㄱ
22,GJ56729D,복기왕,1479,43,1231.0,42.0,1.0,ㅂ
22,GJK57930,주진우,403,38,364.0,36.0,2.0,ㅈ
22,GOC54665,문정복,725,40,674.0,40.0,0.0,ㅁ
22,GP07421U,윤건영,504,41,440.0,38.0,3.0,ㅇ
22,GP21946O,박충권,1655,43,1272.0,43.0,0.0,ㅂ
22,GRP3908I,문금주,1134,44,908.0,43.0,1.0,ㅁ
22,GX22581L,강민국,168,38,154.0,38.0,0.0,ㄱ
22,GX38539O,유동수,342,40,286.0,37.0,3.0,ㅇ
22,H5476989,한병도,669,45,602.0,6.0,39.0,ㅎ
22,H7X3372O,박지원,76,0,0.0,0.0,0.0,ㅂ
22,HE08888N,김기웅,748,39,519.0,39.0,0.0,ㄱ
22,HFV52269,이병진,1574,42,1540.0,8.0,34.0,ㅇ
22,HHB5652A,허성무,1615,48,1223.0,4.0,44.0,ㅎ
22,HRG9655C,김희정,269,38,221.0,38.0,0.0,ㄱ
22,HS39431V,고동진,1825,38,1401.0,38.0,0.0,ㄱ
22,HSS7466Y,백혜련,678,45,512.0,45.0,0.0,ㅂ
22,HSW1214Q,이종배,1177,37,904.0,37.0,0.0,ㅇ
22,HVV5250J,박정현,1736,44,1380.0,44.0,0.0,ㅂ
22,HXT76735,박상혁,1348,43,1101.0,43.0,0.0,ㅂ
22,I5I2468R,최기상,492,38,411.0,0.0,38.0,ㅊ
22,I7R13867,이개호,968,43,753.0,9.0,34.0,ㅇ
22,IC499858,정준호,1928,44,1618.0,7.0,37.0,ㅈ
22,IL74008M,박성준,304,40,275.0,40.0,0.0,ㅂ
22,IN328264,조정식,392,45,319.0,6.0,39.0,ㅈ
22,IUD9392R,이재명,40,23,19.0,2.0,21.0,ㅇ
22,IUX1829H,김남근,1666,42,1320.0,42.0,0.0,ㄱ
22,IWK63872,조배숙,562,42,446.0,42.0,0.0,ㅈ
22,IWR8966I,박균택,1046,45,754.0,45.0,0.0,ㅂ
22,J1G57517,모경종,547,40,483.0,39.0,1.0,ㅁ
22,JC14718Q,윤준병,2266,44,1668.0,38.0,6.0,ㅇ
22,JEZ3130Q,김형동,560,38,479.0,38.0,0.0,ㄱ
22,JG77046J,이언주,353,41,230.0,4.0,37.0,ㅇ
22,JNL7001A,김선교,1690,39,1361.0,39.0,0.0,ㄱ
22,JP222486,서천호,1821,42,1357.0,42.0,0.0,ㅅ
22,JQA21112,한기호,256,38,164.0,1.0,37.0,ㅎ
22,JSA8739I,손명수,815,47,572.0,47.0,0.0,ㅅ
22,JVK71445,임문영,46,0,0.0,0.0,0.0,ㅇ
22,JZV5283U,유영하,158,36,136.0,36.0,0.0,ㅇ
22,JZY9937U,김윤덕,435,40,430.0,40.0,0.0,ㄱ
22,K5F2023J,이학영,1392,44,1134.0,6.0,38.0,ㅇ
22,KBK8836C,유용원,863,38,639.0,38.0,0.0,ㅇ
22,KBZ59750,김형연,13,0,0.0,0.0,0.0,ㄱ
22,KFM1081G,장동혁,420,37,401.0,37.0,0.0,ㅈ
22,KNP22261,차규근,741,6,551.0,0.0,6.0,ㅊ
22,L2I9861C,강대식,866,43,712.0,43.0,0.0,ㄱ
22,L5P27909,김은혜,714,37,443.0,37.0,0.0,ㄱ
22,L7J93733,서범수,589,37,468.0,37.0,0.0,ㅅ
22,LCZ1711I,김위상,906,37,753.0,37.0,0.0,ㄱ
22,LG63087O,권영세,437,39,360.0,39.0,0.0,ㄱ
22,LH97552Q,김도읍,693,42,580.0,42.0,0.0,ㄱ
22,LJK4960Z,정점식,308,42,260.0,42.0,0.0,ㅈ
22,LT72093S,정일영,673,47,513.0,9.0,38.0,ㅈ
22,LYY5513O,권영진,728,38,588.0,38.0,0.0,ㄱ
22,M0A1658U,윤호중,236,41,220.0,27.0,14.0,ㅇ
22,M2Q9024I,김종민,544,16,390.0,0.0,16.0,ㄱ
22,M4O5221T,박민규,1116,39,890.0,39.0,0.0,ㅂ
22,M7O7878U,신정훈,676,42,581.0,42.0,0.0,ㅅ
22,MDC3257K,백승아,823,40,707.0,40.0,0.0,ㅂ
22,ME83002L,조승환,626,43,513.0,43.0,0.0,ㅈ
22,MIS62075,김동아,1059,46,892.0,45.0,1.0,ㄱ
22,MLH1404S,김민석,140,40,137.0,39.0,1.0,ㄱ
22,MNZ4401T,강선우,388,43,386.0,41.0,2.0,ㄱ
22,MQK9493H,윤종군,1153,48,981.0,42.0,6.0,ㅇ
22,MQU41854,조은희,685,41,489.0,41.0,0.0,ㅈ
22,MR210505,서일준,838,41,747.0,41.0,0.0,ㅅ
22,MRK4871S,유의동,31,0,0.0,0.0,0.0,ㅇ
22,MRS4949T,이소희,112,3,5.0,3.0,0.0,ㅇ
22,MSY7784L,윤상현,448,37,315.0,37.0,0.0,ㅇ
22,MU69217P,유상범,553,38,442.0,38.0,0.0,ㅇ
22,N2P9317N,이성윤,1135,43,861.0,6.0,37.0,ㅇ
22,N378078V,김종양,671,42,520.0,42.0,0.0,ㄱ
22,N4R2421C,박덕흠,1565,37,1308.0,37.0,0.0,ㅂ
22,NA61091D,정을호,542,39,503.0,2.0,37.0,ㅈ
22,NB64509Z,김용만,579,41,453.0,41.0,0.0,ㄱ
22,NLS46526,이종욱,605,38,422.0,38.0,0.0,ㅇ
22,NPD75153,신장식,968,7,756.0,0.0,7.0,ㅅ
22,NQO7187X,강선영,712,42,588.0,42.0,0.0,ㄱ
22,NUB4941Z,김한규,1267,43,1004.0,43.0,0.0,ㄱ
22,NX534083,박성훈,1000,38,744.0,38.0,0.0,ㅂ
22,NXB3178C,김남희,1192,46,937.0,46.0,0.0,ㄱ
22,O0I2045I,이정문,1335,40,948.0,3.0,37.0,ㅇ
22,O6D8329R,민홍철,408,45,330.0,44.0,1.0,ㅁ
22,O7R5461J,윤후덕,819,43,671.0,21.0,22.0,ㅇ
22,OFE45081,김용민,385,40,333.0,40.0,0.0,ㄱ
22,OIA3741M,오기형,197,39,172.0,39.0,0.0,ㅇ
22,OSV9142K,이만희,739,42,563.0,42.0,0.0,ㅇ
22,OWD1018N,신동욱,449,41,407.0,41.0,0.0,ㅅ
22,P0F1530P,김태호,755,38,587.0,38.0,0.0,ㄱ
22,P7U7800Z,서지영,872,37,726.0,37.0,0.0,ㅅ
22,P8A4624C,전종덕,827,13,592.0,0.0,13.0,ㅈ
22,PAO22428,송영길,21,0,0.0,0.0,0.0,ㅅ
22,PFG2137X,정희용,449,41,409.0,41.0,0.0,ㅈ
22,PYA8594I,안상훈,539,38,404.0,38.0,0.0,ㅇ
22,Q129715Y,강유정,537,21,537.0,21.0,0.0,ㄱ
22,Q918403D,한지아,514,42,324.0,5.0,37.0,ㅎ
22,QDU1100U,진종오,459,38,354.0,7.0,31.0,ㅈ
22,QHL3248U,김남국,20,0,0.0,0.0,0.0,ㄱ
22,QQ429063,서명옥,668,37,496.0,37.0,0.0,ㅅ
22,QQP4727N,배준영,735,42,499.0,42.0,0.0,ㅂ
22,QUR40502,전진숙,1217,47,918.0,10.0,37.0,ㅈ
22,QWL7778X,이준석,157,9,106.0,9.0,0.0,ㅇ
22,RAJ1024Z,임종득,738,39,500.0,39.0,0.0,ㅇ
22,RBM5454A,이주희,852,19,412.0,3.0,16.0,ㅇ
22,RC885085,차지호,483,45,352.0,4.0,41.0,ㅊ
22,REG96285,곽규택,872,41,695.0,41.0,0.0,ㄱ
22,RG972910,송재봉,1235,41,977.0,41.0,0.0,ㅅ
22,RJH6314D,황명선,1247,41,979.0,0.0,41.0,ㅎ
22,RKS3658I,이재관,1174,48,973.0,10.0,38.0,ㅇ
22,RMC1840P,신성범,768,40,551.0,40.0,0.0,ㅅ
22,ROS6754L,이달희,862,39,633.0,39.0,0.0,ㅇ
22,RPN2293B,장경태,377,37,317.0,2.0,35.0,ㅈ
22,RQQ3807K,위성곤,1120,42,1091.0,41.0,1.0,ㅇ
22,RUZ25800,노종면,671,45,553.0,45.0,0.0,ㄴ
22,S824682L,박홍근,623,43,610.0,42.0,1.0,ㅂ
22,S9U45255,이양수,403,38,300.0,38.0,0.0,ㅇ
22,SKP6181Y,김남준,32,0,0.0,0.0,0.0,ㄱ
22,SLW27496,나경원,351,38,236.0,38.0,0.0,ㄴ
22,SQ36001H,송기헌,301,46,258.0,46.0,0.0,ㅅ
22,T2T8225E,강경숙,992,8,740.0,0.0,8.0,ㄱ
22,T3E4932G,조국,580,3,577.0,0.0,3.0,ㅈ
22,T465023H,주철현,1038,47,864.0,8.0,39.0,ㅈ
22,T4I4862D,한창민,700,13,593.0,0.0,13.0,ㅎ
22,T6A6557F,황정아,953,39,823.0,0.0,39.0,ㅎ
22,T9E37304,위성락,209,23,207.0,21.0,2.0,ㅇ
22,TCP9838Y,김민전,412,37,346.0,37.0,0.0,ㄱ
22,TJW93720,전용기,765,40,584.0,2.0,38.0,ㅈ
22,TKJ4800F,서영교,1307,45,1154.0,44.0,1.0,ㅅ
22,TQP7167T,김건,676,38,507.0,38.0,0.0,ㄱ
22,TRE2429O,강훈식,305,24,304.0,23.0,1.0,ㄱ
22,TST4507I,안규백,269,40,263.0,39.0,1.0,ㅇ
22,TZ228122,민병덕,2188,44,1802.0,44.0,0.0,ㅁ
22,TZP9391O,이철규,227,38,194.0,38.0,0.0,ㅇ
22,UF53617M,최은석,855,38,661.0,2.0,36.0,ㅊ
22,UHB5553T,정태호,771,45,592.0,7.0,38.0,ㅈ
22,UOS16250,최보윤,716,37,492.0,1.0,36.0,ㅊ
22,UQ282145,이재정,402,44,329.0,6.0,38.0,ㅇ
22,URV1689Q,추미애,567,48,501.0,4.0,44.0,ㅊ
22,URX8075K,염태영,1060,44,852.0,43.0,1.0,ㅇ
22,V2R7430Z,이춘석,561,25,369.0,2.0,23.0,ㅇ
22,V429892C,정성호,804,40,760.0,2.0,38.0,ㅈ
22,VA04150X,박상웅,531,38,432.0,38.0,0.0,ㅂ
22,VCP96419,허종식,986,46,798.0,2.0,44.0,ㅎ
22,VDN5593C,김상욱,394,52,387.0,52.0,0.0,ㄱ
22,VRY5522V,민형배,1411,40,1375.0,40.0,0.0,ㅁ
22,VZA76236,박선원,635,43,507.0,43.0,0.0,ㅂ
22,W0154979,윤용근,50,0,0.0,0.0,0.0,ㅇ
22,W3U3344O,이기헌,1619,45,1454.0,8.0,37.0,ㅇ
22,W4X85128,박대출,390,38,321.0,38.0,0.0,ㅂ
22,W8L9421K,안태준,892,42,649.0,41.0,1.0,ㅇ
22,W8W95421,이상식,611,42,435.0,4.0,38.0,ㅇ
22,WCD5518S,고민정,402,44,347.0,44.0,0.0,ㄱ
22,WI719547,이주영,141,5,107.0,5.0,0.0,ㅇ
22,WJG74792,최수진,1319,43,993.0,7.0,36.0,ㅊ
22,WJL30106,조정훈,563,37,455.0,37.0,0.0,ㅈ
22,WMT66995,김준환,58,0,0.0,0.0,0.0,ㄱ
22,WTR5885Y,이소영,298,38,236.0,1.0,37.0,ㅇ
22,WXJ8352N,이성권,764,41,574.0,41.0,0.0,ㅇ
22,X1K3667J,김교흥,708,47,625.0,47.0,0.0,ㄱ
22,X3170462,박성민,723,38,596.0,38.0,0.0,ㅂ
22,X639721U,임미애,1791,43,1313.0,5.0,38.0,ㅇ
22,X7E7893P,김장겸,620,39,503.0,39.0,0.0,ㄱ
22,X7I4680R,김기현,782,38,594.0,38.0,0.0,ㄱ
22,XBT9550Q,우원식,7,3,3.0,1.0,2.0,ㅇ
22,XEF29171,안호영,754,40,594.0,40.0,0.0,ㅇ
22,XG348314,정춘생,850,13,601.0,5.0,8.0,ㅈ
22,XPP2564T,한정애,1155,39,1014.0,1.0,38.0,ㅎ
22,XR24352K,서영석,982,44,745.0,43.0,1.0,ㅅ
22,XSP20229,김성환,604,38,603.0,38.0,0.0,ㄱ
22,Y0X4618N,박수민,419,39,353.0,39.0,0.0,ㅂ
22,YGB8604T,천하람,239,10,213.0,10.0,0.0,ㅊ
22,YM42715P,김준혁,873,45,749.0,45.0,0.0,ㄱ
22,YN160848,백선희,562,6,388.0,0.0,6.0,ㅂ
22,YOG1280B,안철수,958,38,570.0,38.0,0.0,ㅇ
22,YS38221N,최민희,864,45,650.0,4.0,41.0,ㅊ
22,ZDR63255,소병훈,1098,47,896.0,47.0,0.0,ㅅ
22,ZKB18611,조인철,1472,40,1188.0,2.0,38.0,ㅈ
22,ZRF3039U,윤재옥,278,41,203.0,41.0,0.0,ㅇ
22,ZW43496R,박홍배,2298,40,1935.0,39.0,1.0,ㅂ
22,ZYP7962W,김석기,418,41,323.0,41.0,0.0,ㄱ
