age,metric,old,new,diff
17,rows,8368,8368,0
17,columns,67,67,0
17,bill_no_duplicate_rows,0,0,0
17,gov_prefix_rows,0,0,0
17,ppsr_kind_null,0,0,0
17,pending_nonmember,0,0,0
17,enacted,2546,2546,0
17,passed,4457,4457,0
17,enacted_law,1913,1913,0
17,enacted_law_without_prom_dt,0,0,0
17,promulgated,1913,1913,0
17,law_reflected,4455,4455,0
17,vetoed,2,2,0
17,committee_nm_filled_nonmember,2180,2180,0
17,nonmember_rows,2304,2304,0
17,days_to_proc_filled,8368,8368,0
17,days_to_committee_filled,1075,1075,0
17,vote_total_filled,0,2167,2167
17,ppsr_kind=의원,6064,6064,0
17,proc_dt_filled|의원,6064,6064,0
17,ppsr_kind=정부,1284,1284,0
17,proc_dt_filled|정부,1284,1284,0
17,ppsr_kind=위원장,891,891,0
17,proc_dt_filled|위원장,891,891,0
17,ppsr_kind=의장,118,118,0
17,proc_dt_filled|의장,118,118,0
17,ppsr_kind=기타,11,11,0
17,proc_dt_filled|기타,11,11,0
17,status=임기만료폐기,3353,3353,0
17,status=대안반영폐기,1911,1911,0
17,status=원안가결,1553,1553,0
17,status=수정가결,993,993,0
17,status=폐기,447,447,0
17,status=철회,101,101,0
17,status=부결,10,10,0
17,committee_meetings_rows,24156,24156,0
17,committee_meetings_exact_duplicates,0,0,0
17,judiciary_meetings_rows,1628,1628,0
17,judiciary_meetings_exact_duplicates,0,0,0
18,rows,14762,14762,0
18,columns,67,67,0
18,bill_no_duplicate_rows,0,0,0
18,gov_prefix_rows,0,0,0
18,ppsr_kind_null,0,0,0
18,pending_nonmember,0,0,0
18,enacted,2930,2930,0
18,passed,6775,6775,0
18,enacted_law,2353,2353,0
18,enacted_law_without_prom_dt,0,0,0
18,promulgated,2353,2353,0
18,law_reflected,6775,6775,0
18,vetoed,0,0,0
18,committee_nm_filled_nonmember,3112,3112,0
18,nonmember_rows,3216,3216,0
18,days_to_proc_filled,14759,14759,0
18,days_to_committee_filled,6675,6675,0
18,vote_total_filled,0,2539,2539
18,ppsr_kind=의원,11546,11546,0
18,proc_dt_filled|의원,11545,11545,0
18,ppsr_kind=정부,1841,1841,0
18,proc_dt_filled|정부,1841,1841,0
18,ppsr_kind=위원장,1261,1261,0
18,proc_dt_filled|위원장,1259,1259,0
18,ppsr_kind=의장,103,103,0
18,proc_dt_filled|의장,103,103,0
18,ppsr_kind=기타,11,11,0
18,proc_dt_filled|기타,11,11,0
18,status=임기만료폐기,6489,6489,0
18,status=대안반영폐기,3845,3845,0
18,status=원안가결,2170,2170,0
18,status=폐기,944,944,0
18,status=수정가결,760,760,0
18,status=철회,545,545,0
18,status=부결,8,8,0
18,status=가결,1,1,0
18,committee_meetings_rows,105229,105229,0
18,committee_meetings_exact_duplicates,0,0,0
18,judiciary_meetings_rows,2810,2810,0
18,judiciary_meetings_exact_duplicates,0,0,0
19,rows,18735,18735,0
19,columns,67,67,0
19,bill_no_duplicate_rows,0,0,0
19,gov_prefix_rows,0,0,0
19,ppsr_kind_null,0,0,0
19,pending_nonmember,0,0,0
19,enacted,3414,3414,0
19,passed,8095,8095,0
19,enacted_law,2793,2793,0
19,enacted_law_without_prom_dt,0,0,0
19,promulgated,2793,2793,0
19,law_reflected,8084,8084,0
19,vetoed,3,3,0
19,committee_nm_filled_nonmember,2792,2792,0
19,nonmember_rows,2939,2939,0
19,days_to_proc_filled,18735,18735,0
19,days_to_committee_filled,6844,6844,0
19,vote_total_filled,0,3095,3095
19,ppsr_kind=의원,15796,15796,0
19,proc_dt_filled|의원,15796,15796,0
19,ppsr_kind=위원장,1521,1521,0
19,proc_dt_filled|위원장,1521,1521,0
19,ppsr_kind=정부,1267,1267,0
19,proc_dt_filled|정부,1267,1267,0
19,ppsr_kind=의장,141,141,0
19,proc_dt_filled|의장,141,141,0
19,ppsr_kind=기타,10,10,0
19,proc_dt_filled|기타,10,10,0
19,status=임기만료폐기,10052,10052,0
19,status=대안반영폐기,4681,4681,0
19,status=원안가결,2354,2354,0
19,status=수정가결,1060,1060,0
19,status=폐기,393,393,0
19,status=철회,188,188,0
19,status=부결,7,7,0
19,committee_meetings_rows,150192,150192,0
19,committee_meetings_exact_duplicates,0,0,0
19,judiciary_meetings_rows,3304,3304,0
19,judiciary_meetings_exact_duplicates,0,0,0
20,rows,24996,24996,0
20,columns,67,67,0
20,bill_no_duplicate_rows,0,0,0
20,gov_prefix_rows,0,0,0
20,ppsr_kind_null,0,0,0
20,pending_nonmember,0,0,0
20,enacted,3794,3794,0
20,passed,9362,9362,0
20,enacted_law,3195,3195,0
20,enacted_law_without_prom_dt,0,0,0
20,promulgated,3195,3195,0
20,law_reflected,9403,9403,0
20,vetoed,0,0,0
20,committee_nm_filled_nonmember,2951,2951,0
20,nonmember_rows,3072,3072,0
20,days_to_proc_filled,24996,24996,0
20,days_to_committee_filled,8100,8100,0
20,vote_total_filled,3475,3475,0
20,ppsr_kind=의원,21924,21924,0
20,proc_dt_filled|의원,21924,21924,0
20,ppsr_kind=위원장,1640,1640,0
20,proc_dt_filled|위원장,1640,1640,0
20,ppsr_kind=정부,1304,1304,0
20,proc_dt_filled|정부,1304,1304,0
20,ppsr_kind=의장,119,119,0
20,proc_dt_filled|의장,119,119,0
20,ppsr_kind=기타,9,9,0
20,proc_dt_filled|기타,9,9,0
20,status=임기만료폐기,15216,15216,0
20,status=대안반영폐기,5568,5568,0
20,status=원안가결,2671,2671,0
20,status=수정가결,1123,1123,0
20,status=철회,225,225,0
20,status=폐기,144,144,0
20,status=수정안반영폐기,41,41,0
20,status=부결,6,6,0
20,status=심사대상제외,2,2,0
20,committee_meetings_rows,202335,202335,0
20,committee_meetings_exact_duplicates,0,0,0
20,judiciary_meetings_rows,3325,3325,0
20,judiciary_meetings_exact_duplicates,0,0,0
21,rows,26707,26707,0
21,columns,67,67,0
21,bill_no_duplicate_rows,0,0,0
21,gov_prefix_rows,0,0,0
21,ppsr_kind_null,0,0,0
21,pending_nonmember,0,0,0
21,enacted,3550,3550,0
21,passed,9537,9537,0
21,enacted_law,2959,2959,0
21,enacted_law_without_prom_dt,0,0,0
21,promulgated,2959,2959,0
21,law_reflected,9701,9701,0
21,vetoed,14,14,0
21,committee_nm_filled_nonmember,2547,2547,0
21,nonmember_rows,2656,2656,0
21,days_to_proc_filled,26707,26707,0
21,days_to_committee_filled,8526,8526,0
21,vote_total_filled,3266,3266,0
21,ppsr_kind=의원,24051,24051,0
21,proc_dt_filled|의원,24051,24051,0
21,ppsr_kind=위원장,1516,1516,0
21,proc_dt_filled|위원장,1516,1516,0
21,ppsr_kind=정부,1026,1026,0
21,proc_dt_filled|정부,1026,1026,0
21,ppsr_kind=의장,104,104,0
21,proc_dt_filled|의장,104,104,0
21,ppsr_kind=기타,10,10,0
21,proc_dt_filled|기타,10,10,0
21,status=임기만료폐기,16579,16579,0
21,status=대안반영폐기,5987,5987,0
21,status=원안가결,2304,2304,0
21,status=수정가결,1246,1246,0
21,status=철회,239,239,0
21,status=수정안반영폐기,221,221,0
21,status=폐기,111,111,0
21,status=부결,20,20,0
21,committee_meetings_rows,199384,199384,0
21,committee_meetings_exact_duplicates,0,0,0
21,judiciary_meetings_rows,3217,3217,0
21,judiciary_meetings_exact_duplicates,0,0,0
22,rows,21581,21581,0
22,columns,67,67,0
22,bill_no_duplicate_rows,0,0,0
22,gov_prefix_rows,0,0,0
22,ppsr_kind_null,0,0,0
22,pending_nonmember,315,315,0
22,enacted,2012,2012,0
22,passed,6223,6223,0
22,enacted_law,1644,1644,0
22,enacted_law_without_prom_dt,89,89,0
22,promulgated,1555,1555,0
22,law_reflected,6138,6138,0
22,vetoed,28,28,0
22,committee_nm_filled_nonmember,1601,1601,0
22,nonmember_rows,1667,1667,0
22,days_to_proc_filled,6476,6476,0
22,days_to_committee_filled,5241,5241,0
22,vote_total_filled,1847,1847,0
22,ppsr_kind=의원,19914,19914,0
22,proc_dt_filled|의원,5124,5124,0
22,ppsr_kind=위원장,976,976,0
22,proc_dt_filled|위원장,960,960,0
22,ppsr_kind=정부,623,623,0
22,proc_dt_filled|정부,326,326,0
22,ppsr_kind=의장,62,62,0
22,proc_dt_filled|의장,62,62,0
22,ppsr_kind=기타,6,6,0
22,proc_dt_filled|기타,4,4,0
22,status=계류중,15105,15105,0
22,status=대안반영폐기,4211,4211,0
22,status=원안가결,1403,1403,0
22,status=수정가결,609,609,0
22,status=철회,171,171,0
22,status=수정안반영폐기,39,39,0
22,status=부결,33,33,0
22,status=폐기,10,10,0
22,committee_meetings_rows,137152,137152,0
22,committee_meetings_exact_duplicates,0,0,0
22,judiciary_meetings_rows,1574,1574,0
22,judiciary_meetings_exact_duplicates,0,0,0
