"member_id","coord1D","term","party","member_name","aligned","party_bloc"
"W168182V",0.207411244511604,20,"무소속","김관영",0.207411244511604,"independent"
"LH97552Q",-0.473134219646454,20,"국민의힘","김도읍",-0.473134219646454,"conservative"
"0W194007",0.311317026615143,20,"국민의힘","김영주",0.311317026615143,"conservative"
"1MU99298",0.23695108294487,20,"더불어민주당","김철민",0.23695108294487,"liberal"
"1WE5693J",0.286932349205017,20,"더불어민주당","김태년",0.286932349205017,"liberal"
"09I2323E",0.321744978427887,20,"더불어민주당","김한정",0.321744978427887,"liberal"
"SQ36001H",0.428573459386826,20,"더불어민주당","송기헌",0.428573459386826,"liberal"
"YOG1280B",1.25684091472067e-05,20,"국민의힘","안철수",1.25684091472067e-05,"conservative"
"Q6G2914I",-0.58755373954773,20,"미래한국당","윤종필",-0.58755373954773,"conservative"
"DKB8522X",0.165157735347748,20,"무소속","정인화",0.165157735347748,"independent"
"AFQ26679",-0.273805797100067,20,"미래통합당","주광덕",-0.273805797100067,"conservative"
"XQ98168F",-0.0257240850478411,20,"무소속","강길부",-0.0257240850478411,"independent"
"60490713",0.256018191576004,20,"더불어민주당","강병원",0.256018191576004,"liberal"
"IH436704",-0.258419305086136,20,"미래통합당","강석진",-0.258419305086136,"conservative"
"9WQ7845Z",-0.747825682163239,20,"미래통합당","강효상",-0.747825682163239,"conservative"
"TRE2429O",0.477442264556885,20,"더불어민주당","강훈식",0.477442264556885,"liberal"
"6V37131U",0.199192032217979,20,"더불어민주당","고용진",0.199192032217979,"liberal"
"Q6A9034Q",-0.6700519323349,20,"무소속","곽대훈",-0.6700519323349,"independent"
"RH454994",0.51171487569809,20,"더불어민주당","권미혁",0.51171487569809,"liberal"
"C7E79345",0.301926672458649,20,"더불어민주당","권칠승",0.301926672458649,"liberal"
"B7R2742J",0.292410403490067,20,"더불어민주당","기동민",0.292410403490067,"liberal"
"ZKU88693",0.565047979354858,20,"더불어민주당","김경협",0.565047979354858,"liberal"
"OC037566",-0.502417206764221,20,"미래한국당","김규환",-0.502417206764221,"conservative"
"DCR84445",-0.02445656247437,20,"민생당","김동철",-0.02445656247437,"liberal"
"NTT8182Q",0.517843902111053,20,"더불어민주당","김민기",0.517843902111053,"liberal"
"QB390802",0.410461097955704,20,"더불어민주당","김병관",0.410461097955704,"liberal"
"GFF1986K",0.274262756109238,20,"더불어민주당","김병욱",0.274262756109238,"liberal"
"DTG4846A",-0.47638463973999,20,"미래통합당","김선동",-0.47638463973999,"conservative"
"RCF90176",0.190142169594765,20,"무소속","김성식",0.190142169594765,"independent"
"5K343700",0.0140729183331132,20,"민생당","김수민",0.0140729183331132,"liberal"
"8WC7967F",-0.655179142951965,20,"미래한국당","김승희",-0.655179142951965,"conservative"
"5765663F",0.230709508061409,20,"더불어민주당","김영진",0.230709508061409,"liberal"
"7BM2933Y",0.468306094408035,20,"더불어민주당","김영호",0.468306094408035,"liberal"
"6RP89579",0.267973184585571,20,"더불어민주당","김정우",0.267973184585571,"liberal"
"I0F2578R",0.867062091827393,20,"정의당","김종대",0.867062091827393,"left"
"HTK5293K",0.215880841016769,20,"무소속","김종회",0.215880841016769,"independent"
"A935446Z",1,20,"민중당","김종훈",1,"left"
"SY09851R",-0.110574170947075,20,"민생당","김중로",-0.110574170947075,"liberal"
"N6C1899K",-0.715920388698578,20,"미래통합당","김진태",-0.715920388698578,"conservative"
"YBM9779M",-0.288305789232254,20,"미래통합당","김한표",-0.288305789232254,"conservative"
"CXA6162I",-0.44134932756424,20,"미래통합당","김현아",-0.44134932756424,"conservative"
"WV97281W",-0.193199411034584,20,"미래한국당","문진국",-0.193199411034584,"conservative"
"Y3E8697I",-0.472147941589355,20,"미래통합당","민경욱",-0.472147941589355,"conservative"
"EUR98126",-0.316178649663925,20,"미래한국당","박맹우",-0.316178649663925,"conservative"
"YLM92014",0.0449752062559128,20,"미래통합당","박순자",0.0449752062559128,"conservative"
"A3H7195R",0.287305384874344,20,"무소속","박완주",0.287305384874344,"independent"
"IQ54138I",-0.451711803674698,20,"미래통합당","박인숙",-0.451711803674698,"conservative"
"XT18076X",0.27953889966011,20,"민생당","박주선",0.27953889966011,"liberal"
"UDB4825U",0.579504251480103,20,"민생당","박주현",0.579504251480103,"liberal"
"8EL9225R",0.396175682544708,20,"민주평화당","박준영",0.396175682544708,"liberal"
"BT62420K",0.366507798433304,20,"더불어민주당","박찬대",0.366507798433304,"liberal"
"9CR4440H",-0.438045799732208,20,"자유한국당","배덕광",-0.438045799732208,"conservative"
"8DK7238W",0.382153689861298,20,"더불어민주당","백재현",0.382153689861298,"liberal"
"TKJ4800F",0.318340718746185,20,"더불어민주당","서영교",0.318340718746185,"liberal"
"7XY7109I",-0.463976442813873,20,"국민의힘","성일종",-0.463976442813873,"conservative"
"ZDR63255",0.416529357433319,20,"더불어민주당","소병훈",0.416529357433319,"liberal"
"ZBX31520",0.555612146854401,20,"열린민주당","손혜원",0.555612146854401,"liberal"
"CNW5754J",-0.31166809797287,20,"국민의힘","송석준",-0.31166809797287,"conservative"
"FGX4881A",-0.438269734382629,20,"미래통합당","심재철",-0.438269734382629,"conservative"
"TST4507I",0.321786999702454,20,"더불어민주당","안규백",0.321786999702454,"liberal"
"XEF29171",0.224562034010887,20,"더불어민주당","안호영",0.224562034010887,"liberal"
"B6F5266B",-0.482936203479767,20,"자유한국당","엄용수",-0.482936203479767,"conservative"
"6DG91769",0.262557297945023,20,"더불어민주당","원혜영",0.262557297945023,"liberal"
"RQQ3807K",0.521793723106384,20,"더불어민주당","위성곤",0.521793723106384,"liberal"
"GX38539O",0.258048564195633,20,"더불어민주당","유동수",0.258048564195633,"liberal"
"I7Z3068X",0.23338994383812,20,"민생당","유성엽",0.23338994383812,"liberal"
"8X46899U",0.969550609588623,20,"정의당","윤소하",0.969550609588623,"left"
"U9G5099O",0.17679525911808,20,"민생당","윤영일",0.17679525911808,"liberal"
"I7R13867",0.30861634016037,20,"더불어민주당","이개호",0.30861634016037,"liberal"
"OQO34632",0.0995452255010605,20,"민생당","이동섭",0.0995452255010605,"liberal"
"X9Y63914",0.279589176177979,20,"무소속","이용주",0.279589176177979,"independent"
"3ZR4438W",0.469492316246033,20,"더불어민주당","이인영",0.469492316246033,"liberal"
"2SE64657",-0.526661098003387,20,"미래통합당","이장우",-0.526661098003387,"conservative"
"UQ282145",0.592233419418335,20,"더불어민주당","이재정",0.592233419418335,"liberal"
"7AN97172",-0.174470633268356,20,"무소속","이정현",-0.174470633268356,"independent"
"2XI97689",-0.473452806472778,20,"미래통합당","이종구",-0.473452806472778,"conservative"
"11N7618M",-0.372148036956787,20,"미래한국당","이종명",-0.372148036956787,"conservative"
"8IN46764",-0.346581995487213,20,"미래통합당","이주영",-0.346581995487213,"conservative"
"0ID22746",-0.578680217266083,20,"미래통합당","이진복",-0.578680217266083,"conservative"
"LSK9789D",0.326292157173157,20,"더불어민주당","이철희",0.326292157173157,"liberal"
"K5F2023J",0.394209206104279,20,"더불어민주당","이학영",0.394209206104279,"liberal"
"EH27538E",-0.239183589816093,20,"국민의힘","임이자",-0.239183589816093,"conservative"
"V8I36226",0.197340309619904,20,"민생당","장병완",0.197340309619904,"liberal"
"9YO73104",0.368778049945831,20,"더불어민주당","전재수",0.368778049945831,"liberal"
"QZF33498",-1,20,"미래통합당","전희경",-1,"conservative"
"0E97245Y",-0.297890454530716,20,"미래통합당","정양석",-0.297890454530716,"conservative"
"8KB8281W",0.43948894739151,20,"더불어민주당","제윤경",0.43948894739151,"liberal"
"5KV82250",-0.495296001434326,20,"국민의힘","조경태",-0.495296001434326,"conservative"
"D397960C",-0.387401819229126,20,"미래한국당","조훈현",-0.387401819229126,"conservative"
"ZJI5740K",0.294961214065552,20,"더불어민주당","최운열",0.294961214065552,"liberal"
"EX94352K",0.310514092445374,20,"더불어민주당","표창원",0.310514092445374,"liberal"
"1KD95875",-0.219295397400856,20,"미래통합당","함진규",-0.219295397400856,"conservative"
"KR14136C",0.314260900020599,20,"새로운미래","홍영표",0.314260900020599,"liberal"
"0VU8517U",0.332954108715057,20,"더불어민주당","황희",0.332954108715057,"liberal"
"MHK9919B",-0.867787003517151,20,"무소속","곽상도",-0.867787003517151,"independent"
"YKW37422",0.136960446834564,20,"국민의힘","권은희",0.136960446834564,"conservative"
"PP08673W",0.274364084005356,20,"더불어민주당","김경수",0.274364084005356,"liberal"
"YVN3115U",0.284641057252884,20,"무소속","김경진",0.284641057252884,"independent"
"3NM5411H",0.545354187488556,20,"무소속","김광수",0.545354187488556,"independent"
"NNP30098",-0.626488447189331,20,"미래한국당","김기선",-0.626488447189331,"conservative"
"9EA39580",-0.399533152580261,20,"미래통합당","김명연",-0.399533152580261,"conservative"
"8Q88373R",0.37280660867691,20,"무소속","김병기",0.37280660867691,"independent"
"1Y73132H",-0.40452829003334,20,"국민의힘","김상훈",-0.40452829003334,"conservative"
"GXT11570",0.406356304883957,20,"더불어민주당","김성수",0.406356304883957,"liberal"
"9D939735",-0.25686115026474,20,"국민의힘","김성원",-0.25686115026474,"conservative"
"BQS2021C",-0.162962466478348,20,"미래통합당","김성태",-0.162962466478348,"conservative"
"7KD2317D",-0.506423771381378,20,"미래한국당","김순례",-0.506423771381378,"conservative"
"06X3845L",-0.446249604225159,20,"미래한국당","김종석",-0.446249604225159,"conservative"
"6QU2958D",0.212664633989334,20,"더불어민주당","김해영",0.212664633989334,"liberal"
"MPV9321A",0.504707396030426,20,"더불어민주당","김현권",0.504707396030426,"liberal"
"GN240959",0.778280317783356,20,"정의당","노회찬",0.778280317783356,"left"
"TGL10010",0.437657177448273,20,"더불어민주당","문미옥",0.437657177448273,"liberal"
"JMD3241I",0.377090692520142,20,"더불어민주당","박경미",0.377090692520142,"liberal"
"24E9427D",0.272782325744629,20,"더불어민주당","박남춘",0.272782325744629,"liberal"
"MC32279F",0.297632992267609,20,"민생당","박선숙",0.297632992267609,"liberal"
"QUO78839",0.439127087593079,20,"더불어민주당","박재호",0.439127087593079,"liberal"
"4019850M",0.403044849634171,20,"더불어민주당","박정",0.403044849634171,"liberal"
"6AU2417B",0.318199455738068,20,"더불어민주당","박주민",0.318199455738068,"liberal"
"8BF5855P",0.171946793794632,20,"더불어민주당","박지원",0.171946793794632,"liberal"
"S824682L",0.465226322412491,20,"더불어민주당","박홍근",0.465226322412491,"liberal"
"HSS7466Y",0.345418900251389,20,"더불어민주당","백혜련",0.345418900251389,"liberal"
"6N28669V",0.438774734735489,20,"더불어민주당","서형수",0.438774734735489,"liberal"
"PAO22428",0.394771158695221,20,"더불어민주당","송영길",0.394771158695221,"liberal"
"3249208I",0.357012808322906,20,"더불어민주당","송옥주",0.357012808322906,"liberal"
"1PZ8289D",-0.297257483005524,20,"미래한국당","송희경",-0.297257483005524,"conservative"
"G1570880",0.444245427846909,20,"더불어민주당","신동근",0.444245427846909,"liberal"
"HE838063",-0.422033458948135,20,"미래통합당","신보라",-0.422033458948135,"conservative"
"ZA54991S",0.244160056114197,20,"더불어민주당","안민석",0.244160056114197,"liberal"
"A486635H",-0.531463980674744,20,"미래통합당","안상수",-0.531463980674744,"conservative"
"TIS61927",0.178245574235916,20,"더불어민주당","양승조",0.178245574235916,"liberal"
"SSF6805Q",-0.320944577455521,20,"미래한국당","염동열",-0.320944577455521,"conservative"
"M6K7940A",-0.0170582756400108,20,"바른미래당","오세정",-0.0170582756400108,"conservative"
"21N57758",0.354130655527115,20,"더불어민주당","오영훈",0.354130655527115,"liberal"
"5CO4531H",0.485604226589203,20,"더불어민주당","유은혜",0.485604226589203,"liberal"
"3TP65086",0.738380312919617,20,"진보당","윤종오",0.738380312919617,"left"
"8X15119P",-0.948386132717133,20,"국민의힘","윤한홍",-0.948386132717133,"conservative"
"M0A1658U",0.258729547262192,20,"더불어민주당","윤호중",0.258729547262192,"liberal"
"DBA1057Z",0.381629794836044,20,"국민의힘","이용호",0.381629794836044,"conservative"
"16D7652C",0.37717017531395,20,"개혁신당","이원욱",0.37717017531395,"centrist"
"WDS6044S",-0.318870216608047,20,"국민의힘","이채익",-0.318870216608047,"conservative"
"TZP9391O",-0.451129347085953,20,"국민의힘","이철규",-0.451129347085953,"conservative"
"QTW6852F",-0.260707795619965,20,"국민의힘","이태규",-0.260707795619965,"conservative"
"EVH1507C",-0.489156454801559,20,"국민의힘","이헌승",-0.489156454801559,"conservative"
"MBS2896E",-0.617388248443604,20,"무소속","이현재",-0.617388248443604,"independent"
"UM51067K",0.412298530340195,20,"더불어민주당","인재근",0.412298530340195,"liberal"
"E6U4345C",0.400457262992859,20,"더불어민주당","임종성",0.400457262992859,"liberal"
"0AI7568W",0.477932333946228,20,"민생당","장정숙",0.477932333946228,"liberal"
"ARP89147",0.295007765293121,20,"더불어민주당","정동영",0.295007765293121,"liberal"
"DCN7433W",0.220836728811264,20,"더불어민주당","정세균",0.220836728811264,"liberal"
"0GF6251P",-0.432760804891586,20,"미래통합당","정유섭",-0.432760804891586,"conservative"
"FYI20317",0.464263021945953,20,"더불어민주당","조승래",0.464263021945953,"liberal"
"IN328264",0.236117705702782,20,"더불어민주당","조정식",0.236117705702782,"liberal"
"GDN7894V",-0.202178999781609,20,"민생당","채이배",-0.202178999781609,"liberal"
"O8E1566L",0.289679378271103,20,"민생당","최도자",0.289679378271103,"liberal"
"16I8621J",-0.618810653686523,20,"미래통합당","최연혜",-0.618810653686523,"conservative"
"GW55008L",0.520912766456604,20,"더불어민주당","홍의락",0.520912766456604,"liberal"
"C7Z8238W",-0.111015267670155,20,"자유한국당","황영철",-0.111015267670155,"conservative"
"23D73143",-0.4067742228508,20,"미래통합당","경대수",-0.4067742228508,"conservative"
"GDG1847Z",-0.772626399993896,20,"국민의힘","권성동",-0.772626399993896,"conservative"
"CI15627C",0.481655031442642,20,"더불어민주당","김두관",0.481655031442642,"liberal"
"SNJ6318D",-0.727914690971375,20,"미래통합당","김무성",-0.727914690971375,"conservative"
"ZL32287Z",-0.0138345789164305,20,"민생당","김삼화",-0.0138345789164305,"liberal"
"UGH6481E",0.515290856361389,20,"더불어민주당","김상희",0.515290856361389,"liberal"
"ZYP7962W",-0.315901577472687,20,"국민의힘","김석기",-0.315901577472687,"conservative"
"PLR62452",-0.266654670238495,20,"미래통합당","김영우",-0.266654670238495,"conservative"
"E1J8836Y",-0.410299807786942,20,"국민의힘","김정재",-0.410299807786942,"conservative"
"Q9H5708M",0.229795664548874,20,"무소속","김진표",0.229795664548874,"independent"
"IYD4143Y",0.192662209272385,20,"무소속","문희상",0.192662209272385,"independent"
"O6D8329R",0.354557245969772,20,"더불어민주당","민홍철",0.354557245969772,"liberal"
"OTE19384",-0.786107957363129,20,"미래통합당","박명재",-0.786107957363129,"conservative"
"7R156073",0.352505743503571,20,"더불어민주당","박범계",0.352505743503571,"liberal"
"D0C85236",-0.590357422828674,20,"국민의힘","박완수",-0.590357422828674,"conservative"
"PEP6922S",0.477585047483444,20,"더불어민주당","박용진",0.477585047483444,"liberal"
"OW53107J",0.483986645936966,20,"새로운미래","설훈",0.483986645936966,"liberal"
"MTK2954E",-0.0262215044349432,20,"민생당","신용현",-0.0262215044349432,"liberal"
"WYC63862",0.319199949502945,20,"더불어민주당","신창현",0.319199949502945,"liberal"
"VXQ28579",0.304279148578644,20,"더불어민주당","심재권",0.304279148578644,"liberal"
"QKY38290",-0.466023862361908,20,"미래한국당","여상규",-0.466023862361908,"conservative"
"TZD17894",-0.25428432226181,20,"미래한국당","원유철",-0.25428432226181,"conservative"
"I5V5327I",-0.384609043598175,20,"미래통합당","유민봉",-0.384609043598175,"conservative"
"SEK1881Q",-0.738309741020203,20,"미래통합당","유재중",-0.738309741020203,"conservative"
"JMY9959W",0.288806825876236,20,"무소속","윤관석",0.288806825876236,"independent"
"OSV9142K",-0.430269032716751,20,"국민의힘","이만희",-0.430269032716751,"conservative"
"6YT83269",-0.214974582195282,20,"국민의힘","이명수",-0.214974582195282,"conservative"
"ZYH1940A",0.39257350564003,20,"국민의힘","이상민",0.39257350564003,"conservative"
"8WV8289I",-0.331847310066223,20,"자유한국당","이완영",-0.331847310066223,"conservative"
"ABT2266H",0.441729456186295,20,"더불어민주당","이용득",0.441729456186295,"liberal"
"0582116P",-0.41723820567131,20,"자유한국당","이우현",-0.41723820567131,"conservative"
"DVD2735W",-0.720705687999725,20,"미래통합당","이은권",-0.720705687999725,"conservative"
"WDR7061Y",0.426220953464508,20,"더불어민주당","이종걸",0.426220953464508,"liberal"
"HSW1214Q",-0.426655679941177,20,"국민의힘","이종배",-0.426655679941177,"conservative"
"BWD92364",0.268633782863617,20,"미래통합당","이찬열",0.268633782863617,"conservative"
"V2R7430Z",0.411110937595367,20,"무소속","이춘석",0.411110937595367,"independent"
"WNN9272X",-0.452560693025589,20,"미래한국당","장석춘",-0.452560693025589,"conservative"
"CZB4125D",-0.195385634899139,20,"국민의힘","장제원",-0.195385634899139,"conservative"
"BM63269Y",0.262145578861237,20,"더불어민주당","전해철",0.262145578861237,"liberal"
"V429892C",0.233143180608749,20,"더불어민주당","정성호",0.233143180608749,"liberal"
"ZGA4092Y",-0.34664449095726,20,"미래통합당","정용기",-0.34664449095726,"conservative"
"IWK63872",0.122003473341465,20,"국민의힘","조배숙",0.122003473341465,"conservative"
"CDL93608",0.281622052192688,20,"개혁신당","조응천",0.281622052192688,"centrist"
"5HG31863",-0.196701750159264,20,"미래통합당","지상욱",-0.196701750159264,"conservative"
"IDV9108J",0.300489455461502,20,"더불어민주당","진영",0.300489455461502,"liberal"
"LPB30152",0.228019341826439,20,"더불어민주당","최인호",0.228019341826439,"liberal"
"GD131760",-0.257367700338364,20,"국민의힘","홍문표",-0.257367700338364,"conservative"
"R365233W",-0.250065416097641,20,"미래통합당","홍철호",-0.250065416097641,"conservative"
"JOY4394O",0.18861635029316,20,"민생당","황주홍",0.18861635029316,"liberal"
"8I61593E",-0.633074522018433,20,"미래통합당","강석호",-0.633074522018433,"conservative"
"QZR19240",0.274067014455795,20,"더불어민주당","금태섭",0.274067014455795,"liberal"
"MGE7194M",-0.640102744102478,20,"미래통합당","김광림",-0.640102744102478,"conservative"
"UIZ3103R",0.36090075969696,20,"더불어민주당","김부겸",0.36090075969696,"liberal"
"2WQ6656P",-0.181746989488602,20,"미래통합당","김세연",-0.181746989488602,"conservative"
"TWL5801D",0.440424174070358,20,"더불어민주당","김영춘",0.440424174070358,"liberal"
"AMF4093D",-0.805648565292358,20,"미래통합당","김용태",-0.805648565292358,"conservative"
"M3Z17237",-0.255591958761215,20,"미래통합당","김재경",-0.255591958761215,"conservative"
"M2Q9024I",0.367765486240387,20,"무소속","김종민",0.367765486240387,"independent"
"9XB6464U",0.240860193967819,20,"더불어민주당","김현미",0.240860193967819,"liberal"
"0827740Q",0.37113681435585,20,"더불어민주당","노웅래",0.37113681435585,"liberal"
"J2O8643H",0.483088791370392,20,"더불어민주당","도종환",0.483088791370392,"liberal"
"39P2522W",0.430007845163345,20,"무소속","민병두",0.430007845163345,"independent"
"K3W33496",0.361723840236664,20,"더불어민주당","박광온",0.361723840236664,"liberal"
"W4X85128",-0.916995465755463,20,"국민의힘","박대출",-0.916995465755463,"conservative"
"N4R2421C",-0.38670489192009,20,"국민의힘","박덕흠",-0.38670489192009,"conservative"
"BLC8630L",0.240036159753799,20,"더불어민주당","박병석",0.240036159753799,"liberal"
"8T51904N",-0.503043353557587,20,"자유한국당","박찬우",-0.503043353557587,"conservative"
"O0G3169T",-0.459856867790222,20,"미래한국당","백승주",-0.459856867790222,"conservative"
"4Y54669I",-0.164336085319519,20,"우리공화당","서청원",-0.164336085319519,"conservative"
"A8O42480",0.17163647711277,20,"더불어민주당","손금주",0.17163647711277,"liberal"
"7BV5480O",0.0347366258502007,20,"국민의당","송기석",0.0347366258502007,"other"
"BN49469V",0.429664552211761,20,"더불어민주당","신경민",0.429664552211761,"liberal"
"8FB1535Y",0.308285117149353,20,"더불어민주당","어기구",0.308285117149353,"liberal"
"H337332S",-0.192466214299202,20,"미래통합당","오신환",-0.192466214299202,"conservative"
"SVH30067",0.274482369422913,20,"더불어민주당","오제세",0.274482369422913,"liberal"
"V0O5343U",0.407067686319351,20,"더불어민주당","우상호",0.407067686319351,"liberal"
"LDY9563L",-0.688242614269257,20,"미래통합당","윤상직",-0.688242614269257,"conservative"
"ZRF3039U",-0.370450407266617,20,"국민의힘","윤재옥",-0.370450407266617,"conservative"
"JWW6081H",0.164671808481216,20,"민생당","이상돈",0.164671808481216,"liberal"
"S9U45255",-0.392390042543411,20,"국민의힘","이양수",-0.392390042543411,"conservative"
"IQN7588X",-0.44608798623085,20,"무소속","이은재",-0.44608798623085,"independent"
"IUE5875N",0.89525693655014,20,"정의당","이정미",0.89525693655014,"left"
"NS06841K",-0.196321502327919,20,"자유한국당","이철우",-0.196321502327919,"conservative"
"BTP28870",0.592323899269104,20,"더불어민주당","이훈",0.592323899269104,"liberal"
"25G2571T",0.273840367794037,20,"더불어민주당","전현희",0.273840367794037,"liberal"
"N9X9673B",0.343023240566254,20,"무소속","전혜숙",0.343023240566254,"independent"
"CYD5815E",-0.509603381156921,20,"미래통합당","정갑윤",-0.509603381156921,"conservative"
"P303213F",-0.303540617227554,20,"미래통합당","정병국",-0.303540617227554,"conservative"
"VHK3402G",-0.493585139513016,20,"국민의힘","정우택",-0.493585139513016,"conservative"
"NZF1659U",-0.185065388679504,20,"국민의힘","정운천",-0.185065388679504,"conservative"
"9S468336",0.431513398885727,20,"더불어민주당","정재호",0.431513398885727,"liberal"
"CJX51868",-0.668940484523773,20,"미래통합당","정종섭",-0.668940484523773,"conservative"
"NQR1206Q",-0.533559501171112,20,"국민의힘","정진석",-0.533559501171112,"conservative"
"MD083627",0.433380931615829,20,"더불어민주당","정춘숙",0.433380931615829,"liberal"
"GCA42857",0.139977172017097,20,"민생당","주승용",0.139977172017097,"liberal"
"68P7228G",0.291948854923248,20,"더불어민주당","진선미",0.291948854923248,"liberal"
"U013741R",0.582525432109833,20,"국민의당","최명길",0.582525432109833,"other"
"G152611B",-0.776282668113708,20,"국민의힘","추경호",-0.776282668113708,"conservative"
"URV1689Q",0.347714483737946,20,"더불어민주당","추미애",0.347714483737946,"liberal"
"XTB3104O",0.994268596172333,20,"정의당","추혜선",0.994268596172333,"left"
"I0S53762",-0.129841700196266,20,"국민의힘","하태경",-0.129841700196266,"conservative"
"XPP2564T",0.529004871845245,20,"더불어민주당","한정애",0.529004871845245,"liberal"
"FRN1867O",0.467221260070801,20,"더불어민주당","홍익표",0.467221260070801,"liberal"
"MO52543L",0.411660581827164,20,"더불어민주당","변재일",0.411660581827164,"liberal"
"71M8132V",-0.545215129852295,20,"미래통합당","신상진",-0.545215129852295,"conservative"
"SU53086M",0.912106275558472,20,"정의당","심상정",0.912106275558472,"left"
"CAL85655",-0.344732105731964,20,"미래통합당","유기준",-0.344732105731964,"conservative"
"9BE5694R",0.405577003955841,20,"더불어민주당","유승희",0.405577003955841,"liberal"
"MRK4871S",-0.202197924256325,20,"국민의힘","유의동",-0.202197924256325,"conservative"
"06571503",-0.527677714824677,20,"무소속","정태옥",-0.527677714824677,"independent"
"VNF2868Z",-0.864366829395294,20,"우리공화당","조원진",-0.864366829395294,"conservative"
"8SV6917G",-0.787003934383392,20,"국민의힘","주호영",-0.787003934383392,"conservative"
"TO79481Z",-0.303502470254898,20,"미래통합당","최교일",-0.303502470254898,"conservative"
"PAB29217",-0.419761389493942,20,"미래한국당","김성찬",-0.419761389493942,"conservative"
"64G6894C",-0.215856686234474,20,"미래한국당","김정훈",-0.215856686234474,"conservative"
"04T3751T",0.452159106731415,20,"더불어민주당","남인순",0.452159106731415,"liberal"
"XBT9550Q",0.466902911663055,20,"무소속","우원식",0.466902911663055,"independent"
"PWU27609",0.000208373196073808,20,"미래통합당","유승민",0.000208373196073808,"conservative"
"0135473I",-0.394447207450867,20,"자유한국당","이군현",-0.394447207450867,"conservative"
"JG77046J",0.121537305414677,20,"더불어민주당","이언주",0.121537305414677,"liberal"
"AJV31724",-0.474617689847946,20,"미래통합당","이학재",-0.474617689847946,"conservative"
"LCJ77278",-0.0758150815963745,20,"미래통합당","이혜훈",-0.0758150815963745,"conservative"
"T2K9554I",-0.614208877086639,20,"친박신당","홍문종",-0.614208877086639,"conservative"
"06L2365K",-0.601033091545105,20,"미래통합당","홍일표",-0.601033091545105,"conservative"
"TOU1222X",0.398432970046997,20,"더불어민주당","강창일",0.398432970046997,"liberal"
"O149331C",-0.310656636953354,20,"자유한국당","권석창",-0.310656636953354,"conservative"
"DAN6731C",-0.906651675701141,20,"국민의힘","박성중",-0.906651675701141,"conservative"
"F5U2979W",-0.406473338603973,20,"국민의힘","김학용",-0.406473338603973,"conservative"
"S8431719",0.503041326999664,20,"더불어민주당","박영선",0.503041326999664,"liberal"
"9VR65006",-0.626464486122131,20,"국민의힘","윤영석",-0.626464486122131,"conservative"
"9ZP9014Q",0.356949597597122,20,"더불어민주당","이해찬",0.356949597597122,"liberal"
"ZX71333R",-0.653894007205963,20,"미래한국당","한선교",-0.653894007205963,"conservative"
"KA04352K",0.403386652469635,20,"민생당","최경환",0.403386652469635,"liberal"
"MSY7784L",-0.325080037117004,20,"국민의힘","윤상현",-0.325080037117004,"conservative"
"3SP89633",0.414764881134033,20,"민생당","천정배",0.414764881134033,"liberal"
"SLW27496",-0.62988555431366,20,"국민의힘","나경원",-0.62988555431366,"conservative"
"GMK1374L",0.260733366012573,20,"더불어민주당","이석현",0.260733366012573,"liberal"
"O7R5461J",0.439424186944962,20,"더불어민주당","윤후덕",0.439424186944962,"liberal"
"TVF3669B",-0.491350620985031,20,"국민의힘","김태흠",-0.491350620985031,"conservative"
"9414335X",0.326381087303162,20,"더불어민주당","심기준",0.326381087303162,"liberal"
"QZU9232M",-0.645204961299896,20,"미래통합당","김재원",-0.645204961299896,"conservative"
"R7N74579",0.241041079163551,20,"더불어민주당","이수혁",0.241041079163551,"liberal"
"6EN68926",-0.395302772521973,20,"국민의힘","송언석",-0.395302772521973,"conservative"
"9FL71418",0.305375069379807,20,"더불어민주당","이규희",0.305375069379807,"liberal"
"WVU2479T",0.28438150882721,20,"무소속","이상헌",0.28438150882721,"independent"
"FOK3459D",0.308567881584167,20,"더불어민주당","서삼석",0.308567881584167,"liberal"
"RD42006Y",0.468580842018127,20,"더불어민주당","송갑석",0.468580842018127,"liberal"
"5DR6334X",0.436858117580414,20,"더불어민주당","윤일규",0.436858117580414,"liberal"
"7W35098M",0.313624501228333,20,"더불어민주당","윤준호",0.313624501228333,"liberal"
"QXD2505Y",0.345823913812637,20,"더불어민주당","이후삼",0.345823913812637,"liberal"
"VE469451",0.32731157541275,20,"더불어민주당","최재성",0.32731157541275,"liberal"
"XSP20229",0.378245681524277,20,"더불어민주당","김성환",0.378245681524277,"liberal"
"9LD2641Q",0.413652658462524,20,"더불어민주당","김정호",0.413652658462524,"liberal"
"FJK3396E",0.303283870220184,20,"더불어민주당","맹성규",0.303283870220184,"liberal"
"BIR8594P",0.484980553388596,20,"민생당","임재훈",0.484980553388596,"liberal"
"B751170H",0.890973091125488,20,"정의당","여영국",0.890973091125488,"left"
"LJK4960Z",-0.200300365686417,20,"국민의힘","정점식",-0.200300365686417,"conservative"
"DQL3007B",0.426012367010117,20,"더불어민주당","정은혜",0.426012367010117,"liberal"
"14M56632",-0.470289766788483,21,"국민의힘","강기윤",-0.400851769910242,"conservative"
"L2I9861C",-0.635404050350189,21,"국민의힘","강대식",-0.547820218763285,"conservative"
"C7E79345",0.337671428918839,21,"더불어민주당","권칠승",0.318315591659523,"liberal"
"1BX7234U",0.312437325716019,21,"더불어민주당","김경만",0.295854682003999,"liberal"
"6399076T",0.309544265270233,21,"더불어민주당","김민철",0.293279564957894,"liberal"
"GF286398",0.324863910675049,21,"더불어민주당","김병주",0.306915602213768,"liberal"
"ZYP7962W",-0.431920498609543,21,"국민의힘","김석기",-0.366699232005926,"conservative"
"JNL7001A",-0.555396854877472,21,"국민의힘","김선교",-0.476605705021274,"conservative"
"XSP20229",0.342817336320877,21,"더불어민주당","김성환",0.322895970852074,"liberal"
"0W194007",0.32869628071785,21,"국민의힘","김영주",0.310326800012478,"conservative"
"LNR7932L",1,21,"열린민주당","김진애",0.907855155548748,"liberal"
"Q9H5708M",0.322153806686401,21,"무소속","김진표",0.304503334959536,"independent"
"09I2323E",0.37085571885109,21,"더불어민주당","김한정",0.34785297335921,"liberal"
"DAN6731C",-1,21,"국민의힘","박성중",-0.872347570499691,"conservative"
"FU87526G",-0.644544720649719,21,"국민의힘","박수영",-0.555956341855851,"conservative"
"40S1959J",0.564494252204895,21,"새로운미래","박영순",0.520210895831443,"liberal"
"QKO6165V",-0.44604617357254,21,"국민의힘","박진",-0.379272514544127,"conservative"
"A2V51235",1,21,"정의당","배진교",0.907855155548748,"left"
"CAA7713A",-0.326348572969437,21,"국민의힘","백종헌",-0.272729517096576,"conservative"
"XR24352K",0.348254978656769,21,"더불어민주당","서영석",0.327736023706889,"liberal"
"MR210505",-0.493103742599487,21,"국민의힘","서일준",-0.421158520875619,"conservative"
"AFH96856",0.363971203565598,21,"더불어민주당","신영대",0.341725056919833,"liberal"
"TST4507I",0.365914672613144,21,"더불어민주당","안규백",0.343454941368049,"liberal"
"8FB1535Y",0.454891353845596,21,"더불어민주당","어기구",0.422653206610427,"liberal"
"21N57758",0.478588193655014,21,"더불어민주당","오영훈",0.443745796024156,"liberal"
"GX38539O",0.319455236196518,21,"더불어민주당","유동수",0.302101333688273,"liberal"
"O7R5461J",0.340886116027832,21,"더불어민주당","윤후덕",0.321176989036934,"liberal"
"4A067125",0.38197186589241,21,"더불어민주당","이광재",0.357747470992268,"liberal"
"HKJ99607",0.35900753736496,21,"더불어민주당","이병훈",0.337306890869048,"liberal"
"1X376850",-0.549576878547668,21,"국민의힘","이영",-0.471425336157347,"conservative"
"GKD32201",0.44245034456253,21,"더불어민주당","이용빈",0.411579447290173,"liberal"
"DAV7257X",0.371332436800003,21,"더불어민주당","이원택",0.348277300655316,"liberal"
"3ZR4438W",0.464738190174103,21,"더불어민주당","이인영",0.431417889047907,"liberal"
"FDC3144T",-0.598706126213074,21,"국민의힘","이종성",-0.515155346468679,"conservative"
"K5F2023J",0.355802237987518,21,"더불어민주당","이학영",0.334453849524287,"liberal"
"DPZ7685X",-0.389485359191895,21,"국민의힘","전봉민",-0.328927656570154,"conservative"
"BM63269Y",0.319633156061172,21,"더불어민주당","전해철",0.302259700402311,"liberal"
"LT72093S",0.35220393538475,21,"더불어민주당","정일영",0.331250995472989,"liberal"
"TP066860",0.451381504535675,21,"더불어민주당","정정순",0.419529084955656,"liberal"
"NQR1206Q",-0.292205840349197,21,"국민의힘","정진석",-0.242339024253929,"conservative"
"CDL93608",0.376936972141266,21,"개혁신당","조응천",0.353265905201692,"centrist"
"WJL30106",0.0307003445923328,21,"국민의힘","조정훈",0.0450802110914774,"conservative"
"I434361W",-0.460310786962509,21,"국민의힘","조태용",-0.391969466365552,"conservative"
"A494529E",0.384334355592728,21,"더불어민주당","천준호",0.359850326294651,"liberal"
"G152611B",-0.52564412355423,21,"국민의힘","추경호",-0.450122758316763,"conservative"
"0VU8517U",0.326906770467758,21,"더불어민주당","황희",0.308733954499726,"liberal"
"8P37634C",0.410317093133926,21,"더불어민주당","강득구",0.382977596395172,"liberal"
"GX22581L",-0.703224420547485,21,"국민의힘","강민국",-0.608187222716705,"conservative"
"P2N50879",0.774916172027588,21,"더불어민주당","강민정",0.707507733475795,"liberal"
"60490713",0.354152500629425,21,"더불어민주당","강병원",0.332985416053216,"liberal"
"MNZ4401T",0.522292971611023,21,"무소속","강선우",0.48264747845347,"independent"
"WMG57662",0.999503016471863,21,"정의당","강은미",0.907412789832953,"left"
"5KV96424",0.314422994852066,21,"더불어민주당","강준현",0.29762212880851,"liberal"
"TRE2429O",0.377967655658722,21,"더불어민주당","강훈식",0.354183318005426,"liberal"
"WCD5518S",0.472245544195175,21,"더불어민주당","고민정",0.438100195094768,"liberal"
"4XG1439M",0.317272305488586,21,"더불어민주당","고영인",0.300158304089756,"liberal"
"MHK9919B",-0.752025902271271,21,"무소속","곽상도",-0.651625488116648,"independent"
"7469929V",-0.43628004193306,21,"국민의힘","구자근",-0.370579667460351,"conservative"
"E9R4507P",-0.599214911460876,21,"국민의힘","권명호",-0.515608216911234,"conservative"
"GDG1847Z",-0.840486526489258,21,"국민의힘","권성동",-0.730364410307052,"conservative"
"3TO11703",0.491946816444397,21,"더불어민주당","권인숙",0.455636324377112,"liberal"
"B7R2742J",0.357626736164093,21,"더불어민주당","기동민",0.336077837838091,"liberal"
"ZKU88693",0.55215585231781,21,"더불어민주당","김경협",0.509228469274411,"liberal"
"X1K3667J",0.354648798704147,21,"더불어민주당","김교흥",0.333427171645992,"liberal"
"X7I4680R",-0.395479947328568,21,"국민의힘","김기현",-0.334263447641376,"conservative"
"QHL3248U",0.484606981277466,21,"더불어민주당","김남국",0.449103127090653,"liberal"
"CI15627C",0.585625767707825,21,"더불어민주당","김두관",0.539020086583369,"liberal"
"NTT8182Q",0.56402063369751,21,"더불어민주당","김민기",0.519789327352466,"liberal"
"MLH1404S",0.358582556247711,21,"더불어민주당","김민석",0.336928614597325,"liberal"
"8Q88373R",0.352404981851578,21,"무소속","김병기",0.331429947207143,"independent"
"GFF1986K",0.277136296033859,21,"더불어민주당","김병욱",0.26443318736775,"liberal"
"1Y73132H",-0.378158241510391,21,"국민의힘","김상훈",-0.318845373682713,"conservative"
"UGH6481E",0.516313314437866,21,"더불어민주당","김상희",0.477324977453226,"liberal"
"9D939735",-0.485522270202637,21,"국민의힘","김성원",-0.414410241961452,"conservative"
"2UD1340H",0.482629358768463,21,"더불어민주당","김성주",0.447342842599843,"liberal"
"L7T64271",0.328696221113205,21,"더불어민주당","김수흥",0.310326746958303,"liberal"
"P2N4585G",0.330046117305756,21,"더불어민주당","김승남",0.311528291399233,"liberal"
"ATB59635",0.338409245014191,21,"더불어민주당","김승원",0.318972322771657,"liberal"
"B7D7534L",0.336984604597092,21,"더불어민주당","김영배",0.317704248394578,"liberal"
"IOW1101J",-0.681665360927582,21,"국민의힘","김영식",-0.588997474363508,"conservative"
"5765663F",0.326240420341492,21,"더불어민주당","김영진",0.308140835344085,"liberal"
"7BM2933Y",0.386019647121429,21,"더불어민주당","김영호",0.361350406581441,"liberal"
"CNZ51556",-0.50923752784729,21,"국민의힘","김예지",-0.435519225115428,"conservative"
"OFE45081",0.412487626075745,21,"더불어민주당","김용민",0.384909590725174,"liberal"
"SVH3899R",-0.496842116117477,21,"국민의힘","김용판",-0.424486052239476,"conservative"
"LQW3652K",-0.973832786083221,21,"국민의힘","김웅",-0.84905609772582,"conservative"
"4L695580",0.555191159248352,21,"더불어민주당","김원이",0.511930200110483,"liberal"
"JZY9937U",0.344025135040283,21,"더불어민주당","김윤덕",0.323971034138476,"liberal"
"E1J8836Y",-0.401245802640915,21,"국민의힘","김정재",-0.339395643313897,"conservative"
"9LD2641Q",0.339480400085449,21,"더불어민주당","김정호",0.319925759360594,"liberal"
"M2Q9024I",0.399647235870361,21,"무소속","김종민",0.373480341901599,"independent"
"D6U6678O",0.381775587797165,21,"더불어민주당","김주영",0.357572763592158,"liberal"
"1MU99298",0.377768784761429,21,"더불어민주당","김철민",0.35400630274868,"liberal"
"1WE5693J",0.338176339864731,21,"더불어민주당","김태년",0.318765013580667,"liberal"
"P0F1530P",-0.392279088497162,21,"국민의힘","김태호",-0.331414358832694,"conservative"
"JEZ3130Q",-0.454542189836502,21,"국민의힘","김형동",-0.386834830200955,"conservative"
"PO64874I",0.543098330497742,21,"더불어민주당","김홍걸",0.501166356756747,"liberal"
"M6H1705E",0.304013162851334,21,"더불어민주당","김회재",0.288356323155805,"liberal"
"52P3934K",-0.297927528619766,21,"국민의힘","김희곤",-0.247431906782362,"conservative"
"04T3751T",0.39179664850235,21,"더불어민주당","남인순",0.366492523384791,"liberal"
"0827740Q",0.34938907623291,21,"더불어민주당","노웅래",0.328745485505215,"liberal"
"J2O8643H",0.462255507707596,21,"더불어민주당","도종환",0.429208050000512,"liberal"
"8VY63414",-0.377034097909927,21,"국민의힘","류성걸",-0.317844771931705,"conservative"
"FJK3396E",0.308750450611115,21,"더불어민주당","맹성규",0.292572989447824,"liberal"
"GOC54665",0.374247908592224,21,"더불어민주당","문정복",0.350872366071431,"liberal"
"4U29186R",0.344184845685959,21,"더불어민주당","문진석",0.324113192801881,"liberal"
"TZ228122",0.425314962863922,21,"더불어민주당","민병덕",0.396327220684301,"liberal"
"VRY5522V",0.665541589260101,21,"더불어민주당","민형배",0.61015326827425,"liberal"
"O6D8329R",0.444242268800735,21,"더불어민주당","민홍철",0.413174441497035,"liberal"
"K3W33496",0.3520288169384,21,"더불어민주당","박광온",0.331095122305202,"liberal"
"B7H6207C",-0.498027414083481,21,"국민의힘","박대수",-0.425541087574605,"conservative"
"W4X85128",-0.998683750629425,21,"국민의힘","박대출",-0.871175975140862,"conservative"
"N4R2421C",-0.289714932441711,21,"국민의힘","박덕흠",-0.240121863730308,"conservative"
"7R156073",0.359209984540939,21,"더불어민주당","박범계",0.337487089376328,"liberal"
"BLC8630L",0.335355281829834,21,"더불어민주당","박병석",0.316253985978635,"liberal"
"HXT76735",0.375256985425949,21,"더불어민주당","박상혁",0.351770546736526,"liberal"
"X3170462",-0.481230109930038,21,"국민의힘","박성민",-0.410589784252494,"conservative"
"IL74008M",0.299963742494583,21,"더불어민주당","박성준",0.284751928576803,"liberal"
"A3H7195R",0.495944559574127,21,"무소속","박완주",0.459194720985906,"independent"
"PEP6922S",0.551913321018219,21,"더불어민주당","박용진",0.509012591834069,"liberal"
"QUO78839",0.383581668138504,21,"더불어민주당","박재호",0.359180358165715,"liberal"
"4019850M",0.331419110298157,21,"더불어민주당","박정",0.312750394333192,"liberal"
"6AU2417B",0.482070982456207,21,"더불어민주당","박주민",0.446845831083223,"liberal"
"BT62420K",0.457960277795792,21,"더불어민주당","박찬대",0.425384860001513,"liberal"
"S824682L",0.327806383371353,21,"더불어민주당","박홍근",0.30953470117141,"liberal"
"QQP4727N",-0.561050891876221,21,"국민의힘","배준영",-0.481638371060449,"conservative"
"HSS7466Y",0.339475184679031,21,"더불어민주당","백혜련",0.319921117120233,"liberal"
"0PK7354M",0.475139409303665,21,"더불어민주당","서동용",0.440676028372244,"liberal"
"L7J93733",-0.34292608499527,21,"국민의힘","서범수",-0.28748518314632,"conservative"
"FOK3459D",0.350062042474747,21,"더불어민주당","서삼석",0.329344493674343,"liberal"
"TKJ4800F",0.340836107730865,21,"더불어민주당","서영교",0.321132476583642,"liberal"
"WFU14784",-0.729778349399567,21,"국민의힘","서정숙",-0.631822910981591,"conservative"
"OW53107J",0.431219965219498,21,"새로운미래","설훈",0.40158327132966,"liberal"
"17M85910",0.314713627099991,21,"더불어민주당","소병철",0.297880820968527,"liberal"
"ZDR63255",0.589491426944733,21,"더불어민주당","소병훈",0.542460915139127,"liberal"
"RD42006Y",0.377702623605728,21,"더불어민주당","송갑석",0.353947412613811,"liberal"
"SQ36001H",0.31875941157341,21,"더불어민주당","송기헌",0.301481979242819,"liberal"
"CNW5754J",-0.333391457796097,21,"국민의힘","송석준",-0.278998398480409,"conservative"
"PAO22428",0.391450136899948,21,"더불어민주당","송영길",0.36618409293519,"liberal"
"3249208I",0.480203032493591,21,"더불어민주당","송옥주",0.445183166275438,"liberal"
"LM13674V",0.335320055484772,21,"더불어민주당","송재호",0.316222630960881,"liberal"
"G1570880",0.423077583312988,21,"더불어민주당","신동근",0.394335726096412,"liberal"
"SRP7336N",-0.742672443389893,21,"국민의힘","신원식",-0.643299961617342,"conservative"
"M7O7878U",0.44601982831955,21,"더불어민주당","신정훈",0.414756649647588,"liberal"
"F5Y4026Q",0.359196037054062,21,"더불어민주당","신현영",0.337474674699247,"liberal"
"SU53086M",0.909049212932587,21,"정의당","심상정",0.826899736011918,"left"
"ZA54991S",0.38688388466835,21,"더불어민주당","안민석",0.362119665599932,"liberal"
"6MO8786S",-0.762324333190918,21,"국민의힘","안병길",-0.660792135515237,"conservative"
"XEF29171",0.370630294084549,21,"더불어민주당","안호영",0.347652322467253,"liberal"
"9V18755A",0.368252575397491,21,"더불어민주당","양경숙",0.345535911823015,"liberal"
"VG24001G",-0.649149298667908,21,"국민의힘","양금희",-0.560054883025992,"conservative"
"KUO3574J",0.307204693555832,21,"더불어민주당","양기대",0.291197108986012,"liberal"
"7O71647Z",0.595507264137268,21,"더불어민주당","양이원영",0.547815620023935,"liberal"
"PZA4062H",0.424344211816788,21,"개혁신당","양정숙",0.39546315385409,"centrist"
"WHV3448W",0.309462279081345,21,"개혁신당","양향자",0.293206588939415,"centrist"
"8348421R",-0.50796627998352,21,"국민의힘","엄태영",-0.434387685659145,"conservative"
"OIA3741M",0.425085365772247,21,"더불어민주당","오기형",0.396122856000055,"liberal"
"MY318392",0.376859724521637,21,"새로운미래","오영환",0.35319714699017,"liberal"
"GE71932C",0.823631703853607,21,"기본소득당","용혜인",0.750869494754585,"left"
"V0O5343U",0.355195969343185,21,"더불어민주당","우상호",0.333914208977607,"liberal"
"XBT9550Q",0.418785512447357,21,"무소속","우원식",0.390515347968718,"independent"
"RQQ3807K",0.560764849185944,21,"더불어민주당","위성곤",0.516891349121008,"liberal"
"9L57027L",-0.738947749137878,21,"국민의힘","유경준",-0.639984606186776,"conservative"
"8FC9697X",0.470907777547836,21,"더불어민주당","유기홍",0.436909447178564,"liberal"
"MU69217P",-0.681901633739471,21,"국민의힘","유상범",-0.589207781115417,"conservative"
"MRK4871S",-0.604625165462494,21,"국민의힘","유의동",-0.520423891372381,"conservative"
"0WL9321T",0.473770469427109,21,"더불어민주당","유정주",0.439457533122223,"liberal"
"GP07421U",0.471654742956161,21,"더불어민주당","윤건영",0.437574322106646,"liberal"
"JMY9959W",0.305899977684021,21,"무소속","윤관석",0.290035779610154,"independent"
"7JC3239L",-0.898567318916321,21,"국민의힘","윤두현",-0.782062202811907,"conservative"
"MSY7784L",-0.259841531515121,21,"국민의힘","윤상현",-0.213531508847382,"conservative"
"KFS1358P",0.438060820102692,21,"더불어민주당","윤영덕",0.407672325585442,"liberal"
"XWX1513T",0.356947034597397,21,"더불어민주당","윤영찬",0.335472834547125,"liberal"
"SE233396",0.475728183984756,21,"더불어민주당","윤재갑",0.441200097518397,"liberal"
"ZRF3039U",-0.539865374565125,21,"국민의힘","윤재옥",-0.46278111322547,"conservative"
"ZDP5704Q",-0.71465653181076,21,"국민의힘","윤주경",-0.618362960534391,"conservative"
"JC14718Q",0.531358361244202,21,"더불어민주당","윤준병",0.490716594122308,"liberal"
"M0A1658U",0.313669770956039,21,"더불어민주당","윤호중",0.296951683191994,"liberal"
"I7R13867",0.326241701841354,21,"더불어민주당","이개호",0.308141976008859,"liberal"
"RO593601",0.370377331972122,21,"더불어민주당","이동주",0.347427160546189,"liberal"
"OSV9142K",-0.477114081382751,21,"국민의힘","이만희",-0.406926101632307,"conservative"
"6YT83269",-0.320862591266632,21,"국민의힘","이명수",-0.267846437305384,"conservative"
"CFE3998F",0.199542179703712,21,"무소속","이상직",0.195366558659627,"independent"
"WVU2479T",0.370951741933823,21,"무소속","이상헌",0.347938443636033,"independent"
"8KF7223D",0.397319555282593,21,"무소속","이성만",0.371408470237741,"independent"
"WTR5885Y",0.534807145595551,21,"더불어민주당","이소영",0.49378636177422,"liberal"
"D4L60530",0.330652832984924,21,"무소속","이수진",0.31206832985223,"independent"
"9JF4562W",0.404330730438232,21,"더불어민주당","이용선",0.377649126800178,"liberal"
"G7512472",0.510775685310364,21,"더불어민주당","이용우",0.472395926218913,"liberal"
"16D7652C",0.340977072715759,21,"개혁신당","이원욱",0.321257949708834,"centrist"
"W1Q6753M",0.906887173652649,21,"정의당","이은주",0.824975301901934,"left"
"7I09543O",0.33225816488266,21,"더불어민주당","이장섭",0.31349723796251,"liberal"
"UQ282145",0.526799321174622,21,"더불어민주당","이재정",0.486658586342293,"liberal"
"O0I2045I",0.31153678894043,21,"더불어민주당","이정문",0.295053112992594,"liberal"
"HSW1214Q",-0.394319921731949,21,"국민의힘","이종배",-0.333230907276683,"conservative"
"3RW63706",-0.385522097349167,21,"국민의힘","이주환",-0.325399951801921,"conservative"
"WDS6044S",-0.388777315616608,21,"국민의힘","이채익",-0.328297426018711,"conservative"
"TZP9391O",-0.591255724430084,21,"국민의힘","이철규",-0.508523733686562,"conservative"
"CCU1009B",0.438309252262115,21,"더불어민주당","이해식",0.407893455389164,"liberal"
"EVH1507C",-0.475816607475281,21,"국민의힘","이헌승",-0.405771218338779,"conservative"
"IOW8224X",0.404362738132477,21,"더불어민주당","이형석",0.377677616892452,"liberal"
"4T026790",0.321515291929245,21,"더불어민주당","임오경",0.30393499210388,"liberal"
"EH27538E",-0.419446766376495,21,"국민의힘","임이자",-0.355596345943291,"conservative"
"E6U4345C",0.596087753772736,21,"더불어민주당","임종성",0.548332314639686,"liberal"
"RPN2293B",0.336561679840088,21,"더불어민주당","장경태",0.317327802491912,"liberal"
"CZB4125D",-0.442932367324829,21,"국민의힘","장제원",-0.376500911358846,"conservative"
"2NV6751W",0.547926723957062,21,"더불어민주당","장철민",0.505464116356105,"liberal"
"GAV6441G",0.981572210788727,21,"정의당","장혜영",0.891452555254271,"left"
"TJW93720",0.400448381900787,21,"더불어민주당","전용기",0.374193443075263,"liberal"
"9YO73104",0.337778300046921,21,"더불어민주당","전재수",0.318410717796297,"liberal"
"71J2365L",-0.59939831495285,21,"국민의힘","전주혜",-0.515771464609424,"conservative"
"N9X9673B",0.363492429256439,21,"무소속","전혜숙",0.34129889925467,"independent"
"USR7059P",-0.909021615982056,21,"국민의힘","정경희",-0.791367586879578,"conservative"
"DAY6557K",-0.408725708723068,21,"국민의힘","정동만",-0.346053517912914,"conservative"
"V429892C",0.301107436418533,21,"더불어민주당","정성호",0.285769932097394,"liberal"
"NZF1659U",-0.334246039390564,21,"국민의힘","정운천",-0.279759062722459,"conservative"
"SBK1544B",-0.40480637550354,21,"국민의힘","정찬민",-0.342564914072066,"conservative"
"2385336L",0.304816395044327,21,"더불어민주당","정청래",0.289071281225613,"liberal"
"MD083627",0.359085887670517,21,"더불어민주당","정춘숙",0.337376630582818,"liberal"
"UHB5553T",0.358913153409958,21,"더불어민주당","정태호",0.337222879582053,"liberal"
"3425169D",0.556045055389404,21,"더불어민주당","정필모",0.512690254229515,"liberal"
"PFG2137X",-0.407099902629852,21,"국민의힘","정희용",-0.34460638569333,"conservative"
"5KV82250",-0.610780537128448,21,"국민의힘","조경태",-0.525902796082168,"conservative"
"S741317G",-0.582381844520569,21,"국민의힘","조명희",-0.500625081083789,"conservative"
"FYI20317",0.380341559648514,21,"더불어민주당","조승래",0.356296333182428,"liberal"
"25I8709Q",0.478343427181244,21,"더불어민주당","조오섭",0.44352792905223,"liberal"
"IN328264",0.312092065811157,21,"더불어민주당","조정식",0.295547365692084,"liberal"
"T465023H",0.281942963600159,21,"더불어민주당","주철현",0.268711608720118,"liberal"
"8SV6917G",-0.62462717294693,21,"국민의힘","주호영",-0.538227705497499,"conservative"
"68P7228G",0.361408680677414,21,"더불어민주당","진선미",0.33944415180428,"liberal"
"ICH23251",0.669494569301605,21,"더불어민주당","최강욱",0.6136718211972,"liberal"
"I5I2468R",0.414429843425751,21,"더불어민주당","최기상",0.386638361035703,"liberal"
"M7T9712V",-0.672292113304138,21,"국민의힘","최승재",-0.580654333877918,"conservative"
"LPB30152",0.354606091976166,21,"더불어민주당","최인호",0.333389158329206,"liberal"
"Z7Y7827F",0.333599328994751,21,"더불어민주당","최종윤",0.314691009966722,"liberal"
"3DK8989T",-0.467327862977982,21,"국민의힘","최춘식",-0.398215375291368,"conservative"
"A0P4646G",-0.406640827655792,21,"국민의힘","최형두",-0.344197762433189,"conservative"
"QD25323M",0.546259045600891,21,"더불어민주당","최혜영",0.503979713578191,"liberal"
"XJC13432",-0.366808772087097,21,"국민의힘","태영호",-0.308743195479437,"conservative"
"I0S53762",-0.386856734752655,21,"국민의힘","하태경",-0.326587914373909,"conservative"
"JQA21112",-0.921365439891815,21,"국민의힘","한기호",-0.802354841366586,"conservative"
"UB114374",-0.819664120674133,21,"국민의힘","한무경",-0.711830358509566,"conservative"
"XPP2564T",0.393269121646881,21,"더불어민주당","한정애",0.367803173737755,"liberal"
"FU53642G",0.452255040407181,21,"더불어민주당","허영",0.420306620425534,"liberal"
"66W6739S",-0.570058166980743,21,"국민의힘","허은아",-0.489655758908119,"conservative"
"VCP96419",0.376380652189255,21,"더불어민주당","허종식",0.352770724054129,"liberal"
"5MD4184K",0.320744901895523,21,"더불어민주당","홍기원",0.303249266884803,"liberal"
"EMC8812P",-0.637885630130768,21,"국민의힘","홍석준",-0.550029076308431,"conservative"
"2N793392",0.305996686220169,21,"더불어민주당","홍성국",0.290121860009996,"liberal"
"KR14136C",0.48860839009285,21,"새로운미래","홍영표",0.452664786531244,"liberal"
"FRN1867O",0.505510151386261,21,"더불어민주당","홍익표",0.467709067296019,"liberal"
"XA42275R",0.317838251590729,21,"더불어민주당","홍정민",0.300662053486671,"liberal"
"NAL4555X",-0.565678119659424,21,"국민의힘","홍준표",-0.485757072817302,"conservative"
"0YT3774N",0.48793414235115,21,"조국혁신당","황운하",0.452064637697341,"new_liberal"
"5K93695T",-0.656577706336975,21,"국민의힘","김승수",-0.566666918817329,"conservative"
"NCP9875N",0.986064255237579,21,"정의당","류호정",0.89545093014096,"left"
"6U243644",-0.382200628519058,21,"국민의힘","박형수",-0.322443507868998,"conservative"
"4X525582",-0.60261470079422,21,"국민의힘","배현진",-0.518634374030839,"conservative"
"40E3739H",-0.385047107934952,21,"국민의힘","윤창현",-0.324977163076906,"conservative"
"AE685067",0.424696296453476,21,"더불어민주당","이규민",0.395776544869106,"liberal"
"0767470D",0.688696384429932,21,"더불어민주당","이낙연",0.630763383015463,"liberal"
"ZYH1940A",0.507781207561493,21,"국민의힘","이상민",0.469730537493098,"conservative"
"5UN9725L",-0.376015782356262,21,"국민의힘","이용",-0.316938367869399,"conservative"
"UM51067K",0.40055701136589,21,"더불어민주당","인재근",0.374290134310216,"liberal"
"FH777496",0.454439997673035,21,"더불어민주당","임호선",0.42225145386602,"liberal"
"3C23171A",0.596075177192688,21,"더불어민주당","진성준",0.548321120208644,"liberal"
"H5476989",0.337380588054657,21,"더불어민주당","한병도",0.318056713809892,"liberal"
"BCQ55105",0.502839803695679,21,"더불어민주당","한준호",0.465332187176883,"liberal"
"J9S37905",-0.505653142929077,21,"자유통일당","황보승희",-0.432328759214123,"other"
"3BC6890E",-0.730980277061462,21,"국민의힘","김미애",-0.632892748431701,"conservative"
"6AR6743G",-0.347571521997452,21,"국민의힘","김희국",-0.291620092953806,"conservative"
"8X15119P",-0.803493022918701,21,"국민의힘","윤한홍",-0.697436442355858,"conservative"
"Z6R3959C",-0.37853679060936,21,"국민의힘","조해진",-0.319182320751676,"conservative"
"FGI27280",-0.463116079568863,21,"무소속","하영제",-0.394466461138149,"independent"
"6V37131U",0.383498758077621,21,"더불어민주당","고용진",0.359106559807515,"liberal"
"LG63087O",-0.274422883987427,21,"국민의힘","권영세",-0.226510390557717,"conservative"
"YKW37422",-0.13612987101078,21,"국민의힘","권은희",-0.103415591210478,"conservative"
"LH97552Q",-0.415041238069534,21,"국민의힘","김도읍",-0.351674979192423,"conservative"
"KB04377U",-0.200398817658424,21,"국민의힘","김병욱",-0.160621468221677,"conservative"
"D0C85236",-0.412028819322586,21,"국민의힘","박완수",-0.348993621159765,"conservative"
"MO52543L",0.332685738801956,21,"더불어민주당","변재일",0.313877822090869,"liberal"
"CT85313K",-0.49904277920723,21,"국민의힘","서병수",-0.426444865455221,"conservative"
"7XY7109I",-0.485177040100098,21,"국민의힘","성일종",-0.414102952176625,"conservative"
"IUL4848V",-0.66111958026886,21,"국민의힘","윤희숙",-0.570709646994783,"conservative"
"DBA1057Z",-0.270487934350967,21,"국민의힘","이용호",-0.223007886522873,"conservative"
"QTW6852F",-0.42357262969017,21,"국민의힘","이태규",-0.359268782502445,"conservative"
"LJK4960Z",-0.534585654735565,21,"국민의힘","정점식",-0.458081627408793,"conservative"
"YLS4431M",-0.535423636436462,21,"국민의힘","조수진",-0.458827516062951,"conservative"
"Y7K5946R",-0.503463625907898,21,"국민의힘","지성호",-0.430379867129207,"conservative"
"8VJ8533R",-0.459125071763992,21,"국민의힘","최연숙",-0.390914059651194,"conservative"
"GD131760",-0.23878039419651,21,"국민의힘","홍문표",-0.194784961813246,"conservative"
"KNM3215T",0.785376965999603,21,"무소속","윤미향",0.716818900448602,"independent"
"TVF3669B",-0.804993450641632,21,"국민의힘","김태흠",-0.698771975117158,"conservative"
"9VR65006",-0.320895940065384,21,"국민의힘","윤영석",-0.267876121116608,"conservative"
"QUM8288K",-0.474750310182571,21,"국민의힘","이달곤",-0.404822105665149,"conservative"
"S9U45255",-0.416467696428299,21,"국민의힘","이양수",-0.352944671721857,"conservative"
"L5P27909",-0.780278623104095,21,"국민의힘","김은혜",-0.676773273439088,"conservative"
"6EN68926",-0.625264644622803,21,"국민의힘","송언석",-0.538795119905082,"conservative"
"9S151177",0.635329902172089,21,"더불어민주당","이탄희",0.583261804417949,"liberal"
"FIC9046Z",0.563970029354095,21,"더불어민주당","김의겸",0.519744284357418,"liberal"
"F5U2979W",-0.411398410797119,21,"국민의힘","김학용",-0.348432493671985,"conservative"
"NLR6572J",-0.259087443351746,21,"국민의힘","임병헌",-0.21286029394532,"conservative"
"VHK3402G",-0.50332248210907,21,"국민의힘","정우택",-0.430254234841488,"conservative"
"6RM29022",-0.623209536075592,21,"국민의힘","최재형",-0.536965864986047,"conservative"
"MQU41854",-0.486001789569855,21,"국민의힘","조은희",-0.414837062803809,"conservative"
"JVB6983V",-0.494122922420502,21,"국민의힘","노용호",-0.422065694223471,"conservative"
"LBC8144B",-0.467443078756332,21,"국민의힘","김영선",-0.39831792901272,"conservative"
"KFM1081G",-0.503144919872284,21,"국민의힘","장동혁",-0.430096186452503,"conservative"
"NUB4941Z",0.417082458734512,21,"더불어민주당","김한규",0.388999457537611,"liberal"
"6RD62559",-0.4378821849823,21,"국민의힘","박정하",-0.37200573717224,"conservative"
"DWK26447",-0.603225409984589,21,"국민의힘","이인선",-0.519177967113597,"conservative"
"IUD9392R",0.332013547420502,21,"더불어민주당","이재명",0.313279503626024,"liberal"
"YTA7297R",-0.346359968185425,21,"국민의힘","최영희",-0.290541687254343,"conservative"
"YOG1280B",-0.33636486530304,21,"국민의힘","안철수",-0.281645032555165,"conservative"
"6FS10566",0.797584295272827,21,"진보당","강성희",0.727684660873584,"left"
"NCO99988",0.494319289922714,21,"더불어민주당","허숙정",0.457748066253901,"liberal"
"F0I5053J",-1,21,"국민의힘","우신구",-0.872347570499691,"conservative"
"86R9476S",0.490708321332932,22,"더불어민주당","김문수",0.357830031265754,"liberal"
"8Q88373R",0.479836225509644,22,"무소속","김병기",0.350754339577593,"independent"
"XSP20229",0.596818149089813,22,"더불어민주당","김성환",0.426887592797115,"liberal"
"88O1334C",0.486444652080536,22,"더불어민주당","김성회",0.355055183657658,"liberal"
"ATB59635",0.487455397844315,22,"더불어민주당","김승원",0.355712989246926,"liberal"
"8O34202I",0.544489085674286,22,"더불어민주당","김영환",0.392831204307107,"liberal"
"DMP1439I",0.682398557662964,22,"조국혁신당","김재원",0.482584359589163,"new_liberal"
"8A05621B",0.768035113811493,22,"조국혁신당","김준형",0.538317667903551,"new_liberal"
"NUB4941Z",0.49011442065239,22,"더불어민주당","김한규",0.357443513507154,"liberal"
"RUZ25800",0.582021236419678,22,"더불어민주당","노종면",0.417257582751926,"liberal"
"D9I3309M",0.517543971538544,22,"더불어민주당","문대림",0.375294997560433,"liberal"
"7R156073",0.52694845199585,22,"더불어민주당","박범계",0.381415547386778,"liberal"
"5TQ6306B",0.52745658159256,22,"더불어민주당","박수현",0.381746244284818,"liberal"
"4019850M",0.473422348499298,22,"더불어민주당","박정",0.346580110708696,"liberal"
"8BF5855P",0.491422116756439,22,"더불어민주당","박지원",0.358294577975722,"liberal"
"MDC3257K",0.486182123422623,22,"더불어민주당","백승아",0.35488432682629,"liberal"
"HSS7466Y",0.501871287822723,22,"더불어민주당","백혜련",0.365095025107866,"liberal"
"GJ56729D",0.530502140522003,22,"더불어민주당","복기왕",0.383728330936106,"liberal"
"6I88973D",0.538730382919312,22,"더불어민주당","부승찬",0.389083370781699,"liberal"
"TKJ4800F",0.489006757736206,22,"더불어민주당","서영교",0.356722633060853,"liberal"
"ZDR63255",0.518518269062042,22,"더불어민주당","소병훈",0.37592908219332,"liberal"
"JSA8739I",0.507042169570923,22,"더불어민주당","손명수",0.368460297600023,"liberal"
"RG972910",0.516708433628082,22,"더불어민주당","송재봉",0.374751219364924,"liberal"
"M7O7878U",0.473091691732407,22,"더불어민주당","신정훈",0.346364915278564,"liberal"
"YOG1280B",-0.617605745792389,22,"국민의힘","안철수",-0.363474191957964,"conservative"
"XEF29171",0.512572824954987,22,"더불어민주당","안호영",0.372059715133419,"liberal"
"XBT9550Q",0.484795689582825,22,"무소속","우원식",0.35398201888531,"independent"
"M0A1658U",0.487688958644867,22,"더불어민주당","윤호중",0.355864993445749,"liberal"
"I7R13867",0.471731930971146,22,"더불어민주당","이개호",0.345479966500267,"liberal"
"95J3282H",0.621957957744598,22,"더불어민주당","이광희",0.443248884863692,"liberal"
"W8W95421",0.47792774438858,22,"더불어민주당","이상식",0.349512276940839,"liberal"
"N2P9317N",0.498588353395462,22,"더불어민주당","이성윤",0.362958451606555,"liberal"
"JG77046J",0.485975801944733,22,"더불어민주당","이언주",0.354750050308687,"liberal"
"3LP22204",0.51502388715744,22,"더불어민주당","이재강",0.373654896111857,"liberal"
"RKS3658I",0.479266375303268,22,"더불어민주당","이재관",0.350383474158976,"liberal"
"QWL7778X",-0.21641930937767,22,"개혁신당","이준석",-0.102377198362475,"centrist"
"2NV6751W",0.513826668262482,22,"더불어민주당","장철민",0.372875731549508,"liberal"
"9YO73104",0.528246641159058,22,"더불어민주당","전재수",0.38226042462306,"liberal"
"P8A4624C",0.990982234477997,22,"진보당","전종덕",0.683414355261697,"left"
"UHB5553T",0.478600025177002,22,"더불어민주당","정태호",0.349949805423301,"liberal"
"BCQ55105",0.555215537548065,22,"더불어민주당","한준호",0.399812109148305,"liberal"
"FU53642G",0.489027231931686,22,"더불어민주당","허영",0.356735957915337,"liberal"
"5MD4184K",0.490552753210068,22,"더불어민주당","홍기원",0.35772878564653,"liberal"
"0YT3774N",0.595686435699463,22,"조국혁신당","황운하",0.426151060010831,"new_liberal"
"T6A6557F",0.563990950584412,22,"더불어민주당","황정아",0.405523254275305,"liberal"
"8P37634C",0.485606402158737,22,"더불어민주당","강득구",0.354509640452311,"liberal"
"MNZ4401T",0.509717643260956,22,"무소속","강선우",0.370201528293548,"independent"
"Q129715Y",0.545875310897827,22,"더불어민주당","강유정",0.393733376478099,"liberal"
"5KV96424",0.48273628950119,22,"더불어민주당","강준현",0.352641736360481,"liberal"
"TRE2429O",0.48933482170105,22,"더불어민주당","강훈식",0.356936141063997,"liberal"
"WCD5518S",0.497667998075485,22,"더불어민주당","고민정",0.362359473213285,"liberal"
"FIE6569O",0.553386211395264,22,"더불어민주당","곽상언",0.398621561523937,"liberal"
"C7E79345",0.48992308974266,22,"더불어민주당","권칠승",0.357318993032936,"liberal"
"EFU76868",0.565653204917908,22,"더불어민주당","권향엽",0.406605069535426,"liberal"
"X1K3667J",0.505117535591125,22,"더불어민주당","김교흥",0.367207722487096,"liberal"
"3CC88975",0.475883483886719,22,"더불어민주당","김기표",0.348181847437957,"liberal"
"IUX1829H",0.549935936927795,22,"더불어민주당","김남근",0.396376081096967,"liberal"
"NXB3178C",0.492523372173309,22,"더불어민주당","김남희",0.359011288343837,"liberal"
"MIS62075",0.593005836009979,22,"더불어민주당","김동아",0.424406493254756,"liberal"
"MLH1404S",0.493402779102325,22,"더불어민주당","김민석",0.359583617028139,"liberal"
"GF286398",0.475690573453903,22,"더불어민주당","김병주",0.348056298990977,"liberal"
"7GW5372Y",0.623504757881165,22,"조국혁신당","김선민",0.444255561133607,"new_liberal"
"B7D7534L",0.51743072271347,22,"더불어민주당","김영배",0.375221293852952,"liberal"
"5765663F",0.484710425138474,22,"더불어민주당","김영진",0.353926527751862,"liberal"
"7BM2933Y",0.484488099813461,22,"더불어민주당","김영호",0.353781835736649,"liberal"
"NB64509Z",0.491980850696564,22,"더불어민주당","김용만",0.358658208793578,"liberal"
"OFE45081",0.488929003477097,22,"더불어민주당","김용민",0.356672029646953,"liberal"
"3UI95829",0.525471150875092,22,"더불어민주당","김우영",0.380454101918402,"liberal"
"4L695580",0.644435405731201,22,"더불어민주당","김원이",0.457877480350241,"liberal"
"5N65159P",0.49859619140625,22,"더불어민주당","김윤",0.362963552678942,"liberal"
"JZY9937U",0.509036540985107,22,"더불어민주당","김윤덕",0.369758258680188,"liberal"
"57B28032",-0.620993614196777,22,"국민의힘","김재섭",-0.36567905776297,"conservative"
"9LD2641Q",0.528770089149475,22,"더불어민주당","김정호",0.382601090917322,"liberal"
"D6U6678O",0.485217213630676,22,"더불어민주당","김주영",0.354256351842839,"liberal"
"YM42715P",0.488222926855087,22,"더불어민주당","김준혁",0.356212506426522,"liberal"
"1WE5693J",0.477917343378067,22,"더불어민주당","김태년",0.349505507837178,"liberal"
"6WK3815W",0.523624181747437,22,"더불어민주당","김태선",0.379252072032237,"liberal"
"7YL9580G",0.480315744876862,22,"더불어민주당","김현",0.351066416591638,"liberal"
"6VC83722",0.471688747406006,22,"더불어민주당","김현정",0.345451862112862,"liberal"
"04T3751T",0.524868309497833,22,"더불어민주당","남인순",0.380061765446053,"liberal"
"FJK3396E",0.482843309640884,22,"더불어민주당","맹성규",0.35271138636405,"liberal"
"J1G57517",0.497677683830261,22,"더불어민주당","모경종",0.362365776819846,"liberal"
"GRP3908I",0.558344423770905,22,"더불어민주당","문금주",0.401848426211729,"liberal"
"GOC54665",0.487337231636047,22,"더불어민주당","문정복",0.355636085246883,"liberal"
"4U29186R",0.491895020008087,22,"더불어민주당","문진석",0.358602349141592,"liberal"
"TZ228122",0.515554547309875,22,"더불어민주당","민병덕",0.374000256168543,"liberal"
"VRY5522V",0.634423196315765,22,"더불어민주당","민형배",0.451361413154698,"liberal"
"O6D8329R",0.484125256538391,22,"더불어민주당","민홍철",0.353545692937023,"liberal"
"IWR8966I",0.475524693727493,22,"더불어민주당","박균택",0.34794834245523,"liberal"
"M4O5221T",0.477556228637695,22,"더불어민주당","박민규",0.349270489988876,"liberal"
"HXT76735",0.477468937635422,22,"더불어민주당","박상혁",0.349213679946978,"liberal"
"VZA76236",0.526983261108398,22,"더불어민주당","박선원",0.381438201578973,"liberal"
"IL74008M",0.480741709470749,22,"더불어민주당","박성준",0.351343639510329,"liberal"
"1JI2689F",0.478783667087555,22,"더불어민주당","박용갑",0.350069321803695,"liberal"
"1A82234K",0.510118067264557,22,"조국혁신당","박은정",0.370462129086631,"new_liberal"
"HVV5250J",0.559805572032928,22,"더불어민주당","박정현",0.402799359203934,"liberal"
"6AU2417B",0.49072128534317,22,"더불어민주당","박주민",0.35783846840069,"liberal"
"EMH4976E",0.563885450363159,22,"더불어민주당","박지혜",0.405454593453073,"liberal"
"BT62420K",0.504991233348846,22,"더불어민주당","박찬대",0.367125523457542,"liberal"
"E2B3753X",0.52342826128006,22,"더불어민주당","박해철",0.379124564618295,"liberal"
"S824682L",0.484389692544937,22,"더불어민주당","박홍근",0.353717791093991,"liberal"
"ZW43496R",0.592411816120148,22,"더불어민주당","박홍배",0.424019897913306,"liberal"
"43Q3892U",0.510460913181305,22,"더불어민주당","박희승",0.370685257363173,"liberal"
"51A45980",0.514141857624054,22,"더불어민주당","서미화",0.373080860604855,"liberal"
"FOK3459D",0.504680812358856,22,"더불어민주당","서삼석",0.366923497716194,"liberal"
"XR24352K",0.494439601898193,22,"더불어민주당","서영석",0.36025839386584,"liberal"
"80C5885Z",0.676187038421631,22,"조국혁신당","서왕진",0.478541827608107,"new_liberal"
"SQ36001H",0.482551604509354,22,"더불어민주당","송기헌",0.35252154113015,"liberal"
"3249208I",0.557559788227081,22,"더불어민주당","송옥주",0.401337775893161,"liberal"
"AFH96856",0.537293672561646,22,"더불어민주당","신영대",0.38814834227374,"liberal"
"NPD75153",0.73930823802948,22,"조국혁신당","신장식",0.519621869089652,"new_liberal"
"TST4507I",0.493837654590607,22,"더불어민주당","안규백",0.359866639264866,"liberal"
"EB16073M",0.480206221342087,22,"더불어민주당","안도걸",0.350995137348219,"liberal"
"W8L9421K",0.517136693000793,22,"더불어민주당","안태준",0.375029935753477,"liberal"
"3OQ8273H",0.613038420677185,22,"더불어민주당","양문석",0.437443942071065,"liberal"
"CK143054",0.506313800811768,22,"더불어민주당","양부남",0.367986266386645,"liberal"
"8FB1535Y",0.503938019275665,22,"더불어민주당","어기구",0.366440078977969,"liberal"
"URX8075K",0.522399663925171,22,"더불어민주당","염태영",0.378455140997243,"liberal"
"OIA3741M",0.482995301485062,22,"더불어민주당","오기형",0.352810304497775,"liberal"
"BRU2690F",0.522304952144623,22,"더불어민주당","오세희",0.378393501422933,"liberal"
"GE71932C",1,22,"기본소득당","용혜인",0.689283226322707,"left"
"RQQ3807K",0.580250799655914,22,"더불어민주당","위성곤",0.416105361055449,"liberal"
"T9E37304",0.485940992832184,22,"더불어민주당","위성락",0.354727396116493,"liberal"
"GX38539O",0.541439950466156,22,"더불어민주당","유동수",0.390846790170319,"liberal"
"GP07421U",0.495896607637405,22,"더불어민주당","윤건영",0.361206630854008,"liberal"
"MQK9493H",0.507001042366028,22,"더불어민주당","윤종군",0.36843353151678,"liberal"
"3TP65086",0.96761429309845,22,"진보당","윤종오",0.668206215885797,"left"
"JC14718Q",0.581584334373474,22,"더불어민주당","윤준병",0.41697324160675,"liberal"
"O7R5461J",0.529404997825623,22,"더불어민주당","윤후덕",0.383014297176316,"liberal"
"AEO5706C",0.502645313739777,22,"더불어민주당","이강일",0.365598770552786,"liberal"
"7YC6702R",0.480656266212463,22,"더불어민주당","이건태",0.351288032002605,"liberal"
"W3U3344O",0.55646550655365,22,"더불어민주당","이기헌",0.40062560412177,"liberal"
"HFV52269",0.4822998046875,22,"더불어민주당","이병진",0.352357666755279,"liberal"
"WTR5885Y",0.541158497333527,22,"더불어민주당","이소영",0.390663617061516,"liberal"
"0R68099X",0.591532528400421,22,"더불어민주당","이수진",0.423447646811853,"liberal"
"EBH1101V",0.554390907287598,22,"더불어민주당","이연희",0.399275429783568,"liberal"
"9JF4562W",0.494949370622635,22,"더불어민주당","이용선",0.360590157528067,"liberal"
"6K79158C",0.598536193370819,22,"더불어민주당","이용우",0.428005716831027,"liberal"
"DAV7257X",0.489355623722076,22,"더불어민주당","이원택",0.356949679271319,"liberal"
"3ZR4438W",0.502274394035339,22,"더불어민주당","이인영",0.365357371515074,"liberal"
"IUD9392R",0.50250369310379,22,"더불어민주당","이재명",0.36550660212701,"liberal"
"O0I2045I",0.481235861778259,22,"더불어민주당","이정문",0.351665239819208,"liberal"
"5762459L",0.488383144140244,22,"더불어민주당","이정헌",0.356316777776895,"liberal"
"WI719547",-0.189947187900543,22,"개혁신당","이주영",-0.0851488209688095,"centrist"
"V2R7430Z",0.532565116882324,22,"무소속","이춘석",0.385070940946435,"independent"
"K5F2023J",0.472915351390839,22,"더불어민주당","이학영",0.346250150847731,"liberal"
"0698755I",0.654057800769806,22,"조국혁신당","이해민",0.464139851626349,"new_liberal"
"CCU1009B",0.505069315433502,22,"더불어민주당","이해식",0.367176340224279,"liberal"
"2S73768V",0.533407092094421,22,"더불어민주당","이훈기",0.385618908615843,"liberal"
"CST4991F",0.497575044631958,22,"더불어민주당","임광현",0.362298977986013,"liberal"
"4T026790",0.508085668087006,22,"더불어민주당","임오경",0.369139419077322,"liberal"
"FH777496",0.590766787528992,22,"더불어민주당","임호선",0.422949293375007,"liberal"
"RPN2293B",0.496457308530807,22,"더불어민주당","장경태",0.361571541788888,"liberal"
"CIZ8557P",0.500947713851929,22,"더불어민주당","장종태",0.364493951977647,"liberal"
"TJW93720",0.553012788295746,22,"더불어민주당","전용기",0.398378533246375,"liberal"
"QUR40502",0.540711581707001,22,"더불어민주당","전진숙",0.390372758956941,"liberal"
"25G2571T",0.478177726268768,22,"더불어민주당","전현희",0.349674968177247,"liberal"
"ARP89147",0.526244401931763,22,"더불어민주당","정동영",0.380957343074797,"liberal"
"V429892C",0.481988489627838,22,"더불어민주당","정성호",0.352155059142557,"liberal"
"NA61091D",0.481470316648483,22,"더불어민주당","정을호",0.351817825889406,"liberal"
"LT72093S",0.490943759679794,22,"더불어민주당","정일영",0.357983257394465,"liberal"
"IC499858",0.484870821237564,22,"더불어민주당","정준호",0.35403091547651,"liberal"
"9HE7226N",0.509599328041077,22,"더불어민주당","정진욱",0.370124527314943,"liberal"
"2385336L",0.486313968896866,22,"더불어민주당","정청래",0.354970133458367,"liberal"
"XG348314",0.638296127319336,22,"조국혁신당","정춘생",0.453881963576272,"new_liberal"
"BNV6535N",0.964853286743164,22,"진보당","정혜경",0.666409319497411,"left"
"8TU8443O",0.537381589412689,22,"더불어민주당","조계원",0.388205559625601,"liberal"
"T3E4932G",0.604163646697998,22,"조국혁신당","조국",0.431668131638606,"new_liberal"
"FYI20317",0.500752627849579,22,"더불어민주당","조승래",0.364366987643654,"liberal"
"ZKB18611",0.492127686738968,22,"더불어민주당","조인철",0.358753771469041,"liberal"
"IN328264",0.477544397115707,22,"더불어민주당","조정식",0.349262789891016,"liberal"
"T465023H",0.4742351770401,22,"더불어민주당","주철현",0.347109109371284,"liberal"
"68P7228G",0.488717585802078,22,"더불어민주당","진선미",0.356534436462514,"liberal"
"3C23171A",0.633051633834839,22,"더불어민주당","진성준",0.450468783674253,"liberal"
"KNP22261",0.608473420143127,22,"조국혁신당","차규근",0.434472984413932,"new_liberal"
"RC885085",0.565402507781982,22,"더불어민주당","차지호",0.406441912801918,"liberal"
"1S05899F",0.479504197835922,22,"더불어민주당","채현일",0.350538251944686,"liberal"
"A494529E",0.496995389461517,22,"더불어민주당","천준호",0.361921731377985,"liberal"
"YGB8604T",-0.244486510753632,22,"개혁신당","천하람",-0.120643673080297,"centrist"
"I5I2468R",0.517113029956818,22,"더불어민주당","최기상",0.375014535557756,"liberal"
"YS38221N",0.481196016073227,22,"더불어민주당","최민희",0.351639307751602,"liberal"
"URV1689Q",0.539585649967194,22,"더불어민주당","추미애",0.38963998893888,"liberal"
"8JG4358H",0.478764563798904,22,"더불어민주당","한민수",0.350056889151986,"liberal"
"H5476989",0.487329870462418,22,"더불어민주당","한병도",0.355631294505897,"liberal"
"XPP2564T",0.53028392791748,22,"더불어민주당","한정애",0.383586315529218,"liberal"
"T4I4862D",0.907455027103424,22,"사회민주당","한창민",0.629053836686279,"left"
"HHB5652A",0.522781848907471,22,"더불어민주당","허성무",0.378703871614278,"liberal"
"VCP96419",0.483479529619217,22,"더불어민주당","허종식",0.353125446034394,"liberal"
"RJH6314D",0.502268373966217,22,"더불어민주당","황명선",0.36535345358115,"liberal"
"0VU8517U",0.489822715520859,22,"더불어민주당","황희",0.357253668273253,"liberal"
"T2T8225E",0.633184671401978,22,"조국혁신당","강경숙",0.450555366134831,"new_liberal"
"NQO7187X",-0.791548550128937,22,"국민의힘","강선영",-0.476678276512042,"conservative"
"7469929V",-0.738033831119537,22,"국민의힘","구자근",-0.441850248996132,"conservative"
"LG63087O",-0.762517809867859,22,"국민의힘","권영세",-0.457784719013544,"conservative"
"HE08888N",-0.647871255874634,22,"국민의힘","김기웅",-0.383171352616554,"conservative"
"5K93695T",-0.844950556755066,22,"국민의힘","김승수",-0.511432949443295,"conservative"
"HRG9655C",-0.831981897354126,22,"국민의힘","김희정",-0.502992788776824,"conservative"
"OSV9142K",-0.713890016078949,22,"국민의힘","이만희",-0.426137161641138,"conservative"
"PFG2137X",-0.681235551834106,22,"국민의힘","정희용",-0.404885240668949,"conservative"
"L2I9861C",-0.82985931634903,22,"국민의힘","강대식",-0.501611387341505,"conservative"
"9901388T",-0.594178795814514,22,"국민의힘","강명구",-0.348227649071324,"conservative"
"GX22581L",-0.806283354759216,22,"국민의힘","강민국",-0.486267865892391,"conservative"
"42K7317Y",-0.718427896499634,22,"국민의힘","강승규",-0.429090469199901,"conservative"
"HS39431V",-0.769653379917145,22,"국민의힘","고동진",-0.46242863445622,"conservative"
"REG96285",-0.721800982952118,22,"국민의힘","곽규택",-0.431285714731509,"conservative"
"LYY5513O",-0.537746787071228,22,"국민의힘","권영진",-0.311501014050705,"conservative"
"ANS8383S",-0.677875399589539,22,"국민의힘","김대식",-0.402698412876563,"conservative"
"LH97552Q",-0.728027582168579,22,"국민의힘","김도읍",-0.435338060943088,"conservative"
"3BC6890E",-0.623316466808319,22,"국민의힘","김미애",-0.367190798386254,"conservative"
"TCP9838Y",-0.994250893592834,22,"국민의힘","김민전",-0.608599417580913,"conservative"
"VDN5593C",0.369198471307755,22,"더불어민주당","김상욱",0.278749948655443,"liberal"
"1Y73132H",-0.622776389122009,22,"국민의힘","김상훈",-0.36683930928442,"conservative"
"JNL7001A",-0.961567580699921,22,"국민의힘","김선교",-0.587328721559029,"conservative"
"9D939735",-0.785335421562195,22,"국민의힘","김성원",-0.47263469716251,"conservative"
"CNZ51556",-0.453290194272995,22,"국민의힘","김예지",-0.256535640181131,"conservative"
"EPI69383",-0.676326274871826,22,"국민의힘","김용태",-0.401690223741074,"conservative"
"LCZ1711I",-0.601885557174683,22,"국민의힘","김위상",-0.35324330273968,"conservative"
"L5P27909",-0.764736473560333,22,"국민의힘","김은혜",-0.459228652225946,"conservative"
"E1J8836Y",-0.747385203838348,22,"국민의힘","김정재",-0.447936235662811,"conservative"
"N378078V",-0.601884722709656,22,"국민의힘","김종양",-0.35324275965973,"conservative"
"JEZ3130Q",-0.607162177562714,22,"국민의힘","김형동",-0.356677391219768,"conservative"
"SLW27496",-0.935865640640259,22,"국민의힘","나경원",-0.570601587563372,"conservative"
"W4X85128",-1,22,"국민의힘","박대출",-0.612341005686897,"conservative"
"N4R2421C",-0.664599478244781,22,"국민의힘","박덕흠",-0.394058282414269,"conservative"
"VA04150X",-0.666424810886383,22,"국민의힘","박상웅",-0.395246231013162,"conservative"
"X3170462",-0.743463218212128,22,"국민의힘","박성민",-0.44538375989847,"conservative"
"NX534083",-0.903730511665344,22,"국민의힘","박성훈",-0.54968765627712,"conservative"
"Y0X4618N",-0.720795214176178,22,"국민의힘","박수민",-0.430631148226228,"conservative"
"6RD62559",-0.698513746261597,22,"국민의힘","박정하",-0.416130098945046,"conservative"
"G6W8250J",-0.740246117115021,22,"국민의힘","박준태",-0.44329003152606,"conservative"
"6U243644",-0.658269643783569,22,"국민의힘","박형수",-0.389938749454607,"conservative"
"QQP4727N",-0.63523930311203,22,"국민의힘","배준영",-0.374950324709851,"conservative"
"4X525582",-0.664348721504211,22,"국민의힘","배현진",-0.393895086889336,"conservative"
"CAA7713A",-0.62957239151001,22,"국민의힘","백종헌",-0.371262229978928,"conservative"
"QQ429063",-0.729914546012878,22,"국민의힘","서명옥",-0.436566119875421,"conservative"
"L7J93733",-0.581579983234406,22,"국민의힘","서범수",-0.340028189196916,"conservative"
"MR210505",-0.679572999477386,22,"국민의힘","서일준",-0.403803231451703,"conservative"
"P7U7800Z",-0.91167414188385,22,"국민의힘","서지영",-0.554857467068386,"conservative"
"JP222486",-0.785777926445007,22,"국민의힘","서천호",-0.472922684701636,"conservative"
"PYA8594I",-0.687632977962494,22,"국민의힘","안상훈",-0.409048763104549,"conservative"
"JZV5283U",-0.749008476734161,22,"국민의힘","유영하",-0.448992681330988,"conservative"
"KBK8836C",-0.672460973262787,22,"국민의힘","유용원",-0.399174638621898,"conservative"
"ZRF3039U",-0.748414635658264,22,"국민의힘","윤재옥",-0.448606202363813,"conservative"
"ROS6754L",-0.694580435752869,22,"국민의힘","이달희",-0.413570252809957,"conservative"
"WXJ8352N",-0.576289594173431,22,"국민의힘","이성권",-0.336585139897655,"conservative"
"DWK26447",-0.712327480316162,22,"국민의힘","이인선",-0.425120244435026,"conservative"
"HSW1214Q",-0.685960412025452,22,"국민의힘","이종배",-0.407960236927905,"conservative"
"NLS46526",-0.834235846996307,22,"국민의힘","이종욱",-0.50445968651282,"conservative"
"TZP9391O",-0.883438527584076,22,"국민의힘","이철규",-0.536481387179254,"conservative"
"EVH1507C",-0.74546629190445,22,"국민의힘","이헌승",-0.446687384526683,"conservative"
"B7789327",-0.641812801361084,22,"국민의힘","인요한",-0.379228437014872,"conservative"
"X639721U",0.596577107906342,22,"더불어민주당","임미애",0.426730720274456,"liberal"
"EH27538E",-0.693248867988586,22,"국민의힘","임이자",-0.412703652375681,"conservative"
"RAJ1024Z",-0.732311546802521,22,"국민의힘","임종득",-0.438126117031393,"conservative"
"KFM1081G",-0.711962640285492,22,"국민의힘","장동혁",-0.424882802122662,"conservative"
"DAY6557K",-0.712789237499237,22,"국민의힘","정동만",-0.425420761604423,"conservative"
"CGW7415Z",-0.708482325077057,22,"국민의힘","정성국",-0.422617770817497,"conservative"
"8XE7026P",-0.716042995452881,22,"국민의힘","정연욱",-0.427538346703201,"conservative"
"5KV82250",-0.303990304470062,22,"국민의힘","조경태",-0.1593694629792,"conservative"
"ME83002L",-0.791512310504913,22,"국민의힘","조승환",-0.476654691325648,"conservative"
"MQU41854",-0.709397971630096,22,"국민의힘","조은희",-0.423213684688193,"conservative"
"WJL30106",-0.63370031118393,22,"국민의힘","조정훈",-0.37394873011661,"conservative"
"3NI5978A",-0.723886966705322,22,"국민의힘","조지연",-0.432643298231884,"conservative"
"QDU1100U",-0.702018141746521,22,"국민의힘","진종오",-0.418410801985908,"conservative"
"UOS16250",-0.81391966342926,22,"국민의힘","최보윤",-0.491237668096408,"conservative"
"A0P4646G",-0.697294116020203,22,"국민의힘","최형두",-0.415336348806901,"conservative"
"G152611B",-0.706246435642242,22,"국민의힘","추경호",-0.421162626883272,"conservative"
"JQA21112",-1,22,"국민의힘","한기호",-0.612341005686897,"conservative"
"Q918403D",-0.612192273139954,22,"국민의힘","한지아",-0.359951038366098,"conservative"
"M2Q9024I",0.503058969974518,22,"무소속","김종민",0.365867983042217,"independent"
"UQ282145",0.57663768529892,22,"더불어민주당","이재정",0.413753902455406,"liberal"
"GDG1847Z",-0.848509132862091,22,"국민의힘","권성동",-0.513748913889472,"conservative"
"TQP7167T",-0.608945429325104,22,"국민의힘","김건",-0.357837953072619,"conservative"
"X7I4680R",-0.751404881477356,22,"국민의힘","김기현",-0.450552290572711,"conservative"
"ZYP7962W",-0.722183644771576,22,"국민의힘","김석기",-0.431534755679945,"conservative"
"X7E7893P",-0.778923392295837,22,"국민의힘","김장겸",-0.468461670827788,"conservative"
"P0F1530P",-0.567498922348022,22,"국민의힘","김태호",-0.330864064165857,"conservative"
"FU87526G",-0.912632703781128,22,"국민의힘","박수영",-0.555481310765075,"conservative"
"AEJ19639",-0.629505157470703,22,"국민의힘","박정훈",-0.37121847325154,"conservative"
"GP21946O",-0.81798779964447,22,"국민의힘","박충권",-0.493885260434825,"conservative"
"7XY7109I",-0.719228267669678,22,"국민의힘","성일종",-0.429611360454666,"conservative"
"6EN68926",-0.702444076538086,22,"국민의힘","송언석",-0.418688005508886,"conservative"
"OWD1018N",-0.794528067111969,22,"국민의힘","신동욱",-0.478617382264441,"conservative"
"RMC1840P",-0.656382441520691,22,"국민의힘","신성범",-0.388710535356574,"conservative"
"8348421R",-0.734170734882355,22,"국민의힘","엄태영",-0.439336099159681,"conservative"
"8UC4779G",-0.634482979774475,22,"국민의힘","우재준",-0.374458100318153,"conservative"
"MU69217P",-0.789379894733429,22,"국민의힘","유상범",-0.475266889305206,"conservative"
"8L52480G",-0.657778441905975,22,"국민의힘","이상휘",-0.389619069321265,"conservative"
"LJK4960Z",-0.734763205051422,22,"국민의힘","정점식",-0.439721685924081,"conservative"
"IWK63872",-0.656535446643829,22,"국민의힘","조배숙",-0.388810112944524,"conservative"
"GJK57930",-0.626329720020294,22,"국민의힘","주진우",-0.369151860085198,"conservative"
"WJG74792",-0.758524775505066,22,"국민의힘","최수진",-0.455186003870615,"conservative"
"UF53617M",-0.930061757564545,22,"국민의힘","최은석",-0.566824350137822,"conservative"
"1SR94244",-0.773651838302612,22,"국민의힘","김소희",-0.465030879618823,"conservative"
"CNW5754J",-0.721846997737885,22,"국민의힘","송석준",-0.431315661711601,"conservative"
"8X15119P",-0.949609816074371,22,"국민의힘","윤한홍",-0.579546463460388,"conservative"
"8SV6917G",-0.737753689289093,22,"국민의힘","주호영",-0.441667929298679,"conservative"
"9VR65006",-0.604583024978638,22,"국민의힘","윤영석",-0.354998847469026,"conservative"
"MSY7784L",-0.699302852153778,22,"국민의힘","윤상현",-0.416643658620489,"conservative"
"S9U45255",-0.82498437166214,22,"국민의힘","이양수",-0.498438714274424,"conservative"
"YN160848",0.63073456287384,22,"조국혁신당","백선희",0.448960805819193,"new_liberal"
"2KM3589W",0.968827545642853,22,"진보당","손솔",0.668995815341469,"left"
"CC78321E",0.579216837882996,22,"무소속","최혁진",0.415432446206147,"independent"
"RBM5454A",0.475666850805283,22,"더불어민주당","이주희",0.348040860003831,"liberal"
