"member_id","member_name","party","party_bloc","term","dwnom_1d","vintage"
"09I2323E","김한정","더불어민주당","liberal",20,-0.236924842000008,"v20260917"
"0W194007","김영주","더불어민주당","liberal",20,-0.17487770318985,"v20260917"
"1MU99298","김철민","더불어민주당","liberal",20,-0.174050197005272,"v20260917"
"1WE5693J","김태년","더불어민주당","liberal",20,-0.167347937822342,"v20260917"
"AFQ26679","주광덕","새누리당","conservative",20,0.41890960931778,"v20260917"
"DKB8522X","정인화","국민의당","independent",20,0.203438892960548,"v20260917"
"LH97552Q","김도읍","새누리당","conservative",20,0.507931351661682,"v20260917"
"Q6G2914I","윤종필","새누리당","conservative",20,0.556444466114044,"v20260917"
"SQ36001H","송기헌","더불어민주당","liberal",20,-0.256142348051071,"v20260917"
"W168182V","김관영","국민의당","independent",20,0.00199898867867887,"v20260917"
"YOG1280B","안철수","국민의당","independent",20,0.451086342334747,"v20260917"
"0E97245Y","정양석","새누리당","conservative",20,0.438345313072205,"v20260917"
"0ID22746","이진복","새누리당","conservative",20,0.577526092529297,"v20260917"
"0VU8517U","황희","더불어민주당","liberal",20,-0.154493540525436,"v20260917"
"11N7618M","이종명","새누리당","conservative",20,0.469442695379257,"v20260917"
"1KD95875","함진규","새누리당","conservative",20,0.404888093471527,"v20260917"
"2SE64657","이장우","새누리당","conservative",20,0.555277705192566,"v20260917"
"2XI97689","이종구","새누리당","conservative",20,0.516132235527039,"v20260917"
"3ZR4438W","이인영","더불어민주당","liberal",20,-0.360055178403854,"v20260917"
"5765663F","김영진","더불어민주당","liberal",20,-0.119131706655025,"v20260917"
"5K343700","김수민","국민의당","independent",20,0.249148279428482,"v20260917"
"5KV82250","조경태","새누리당","conservative",20,0.530189752578735,"v20260917"
"60490713","강병원","더불어민주당","liberal",20,-0.1524428576231,"v20260917"
"6DG91769","원혜영","더불어민주당","liberal",20,-0.111883632838726,"v20260917"
"6RP89579","김정우","더불어민주당","liberal",20,-0.133848831057549,"v20260917"
"6V37131U","고용진","더불어민주당","liberal",20,-0.0828056782484055,"v20260917"
"7AN97172","이정현","새누리당","conservative",20,0.3492811024189,"v20260917"
"7BM2933Y","김영호","더불어민주당","liberal",20,-0.325544744729996,"v20260917"
"7XY7109I","성일종","새누리당","conservative",20,0.542308568954468,"v20260917"
"8DK7238W","백재현","더불어민주당","liberal",20,-0.290053367614746,"v20260917"
"8EL9225R","박준영","국민의당","independent",20,-0.290841728448868,"v20260917"
"8IN46764","이주영","새누리당","conservative",20,0.44932547211647,"v20260917"
"8KB8281W","제윤경","더불어민주당","liberal",20,-0.314946949481964,"v20260917"
"8WC7967F","김승희","새누리당","conservative",20,0.602079033851624,"v20260917"
"8X46899U","윤소하","정의당","progressive",20,-0.718677580356598,"v20260917"
"9CR4440H","배덕광","새누리당","conservative",20,0.427114993333817,"v20260917"
"9WQ7845Z","강효상","새누리당","conservative",20,0.65875506401062,"v20260917"
"9YO73104","전재수","더불어민주당","liberal",20,-0.237544044852257,"v20260917"
"A3H7195R","박완주","더불어민주당","liberal",20,-0.2999407351017,"v20260917"
"A935446Z","김종훈","무소속","independent",20,-0.716805696487427,"v20260917"
"B6F5266B","엄용수","새누리당","conservative",20,0.524105966091156,"v20260917"
"B7R2742J","기동민","더불어민주당","liberal",20,-0.136871114373207,"v20260917"
"BT62420K","박찬대","더불어민주당","liberal",20,-0.348964303731918,"v20260917"
"C7E79345","권칠승","더불어민주당","liberal",20,-0.204230263829231,"v20260917"
"CNW5754J","송석준","새누리당","conservative",20,0.45456525683403,"v20260917"
"CXA6162I","김현아","새누리당","conservative",20,0.526632964611053,"v20260917"
"D397960C","조훈현","새누리당","conservative",20,0.466024816036224,"v20260917"
"DCR84445","김동철","국민의당","independent",20,0.312845855951309,"v20260917"
"DTG4846A","김선동","새누리당","conservative",20,0.530155956745148,"v20260917"
"EH27538E","임이자","새누리당","conservative",20,0.485307991504669,"v20260917"
"EUR98126","박맹우","새누리당","conservative",20,0.445707499980927,"v20260917"
"EX94352K","표창원","더불어민주당","liberal",20,-0.216633796691895,"v20260917"
"FGX4881A","심재철","새누리당","conservative",20,0.48918092250824,"v20260917"
"GFF1986K","김병욱","더불어민주당","liberal",20,-0.0854395106434822,"v20260917"
"GX38539O","유동수","더불어민주당","liberal",20,-0.187554910778999,"v20260917"
"HTK5293K","김종회","국민의당","independent",20,-0.146870031952858,"v20260917"
"I0F2578R","김종대","정의당","progressive",20,-0.658049643039703,"v20260917"
"I7R13867","이개호","더불어민주당","liberal",20,-0.187769666314125,"v20260917"
"I7Z3068X","유성엽","국민의당","independent",20,-0.323111772537231,"v20260917"
"IH436704","강석진","새누리당","conservative",20,0.404842019081116,"v20260917"
"IQ54138I","박인숙","새누리당","conservative",20,0.533641278743744,"v20260917"
"K5F2023J","이학영","더불어민주당","liberal",20,-0.258157461881638,"v20260917"
"KA04352K","최경환","국민의당","independent",20,-0.390792727470398,"v20260917"
"KR14136C","홍영표","더불어민주당","liberal",20,-0.370524674654007,"v20260917"
"LSK9789D","이철희","더불어민주당","liberal",20,-0.302359819412231,"v20260917"
"N6C1899K","김진태","새누리당","conservative",20,0.630227565765381,"v20260917"
"NTT8182Q","김민기","더불어민주당","liberal",20,-0.478060066699982,"v20260917"
"OC037566","김규환","새누리당","conservative",20,0.541258692741394,"v20260917"
"OQO34632","이동섭","국민의당","independent",20,0.147325351834297,"v20260917"
"Q6A9034Q","곽대훈","새누리당","conservative",20,0.623126327991486,"v20260917"
"QB390802","김병관","더불어민주당","liberal",20,-0.315146654844284,"v20260917"
"QZF33498","전희경","새누리당","conservative",20,0.753161251544952,"v20260917"
"RCF90176","김성식","국민의당","independent",20,-0.0188283249735832,"v20260917"
"RH454994","권미혁","더불어민주당","liberal",20,-0.381582498550415,"v20260917"
"RQQ3807K","위성곤","더불어민주당","liberal",20,-0.446982651948929,"v20260917"
"SY09851R","김중로","국민의당","independent",20,0.37664407491684,"v20260917"
"TKJ4800F","서영교","더불어민주당","liberal",20,-0.209208786487579,"v20260917"
"TRE2429O","강훈식","더불어민주당","liberal",20,-0.320415645837784,"v20260917"
"TST4507I","안규백","더불어민주당","liberal",20,-0.219703301787376,"v20260917"
"U9G5099O","윤영일","국민의당","independent",20,0.103653393685818,"v20260917"
"UDB4825U","박주현","국민의당","independent",20,-0.435414642095566,"v20260917"
"UQ282145","이재정","더불어민주당","liberal",20,-0.483641266822815,"v20260917"
"V8I36226","장병완","국민의당","independent",20,-0.176183745265007,"v20260917"
"WV97281W","문진국","새누리당","conservative",20,0.363362908363342,"v20260917"
"X9Y63914","이용주","국민의당","independent",20,-0.173833027482033,"v20260917"
"XEF29171","안호영","더불어민주당","liberal",20,-0.165354058146477,"v20260917"
"XQ98168F","강길부","무소속","independent",20,0.273770809173584,"v20260917"
"XT18076X","박주선","국민의당","independent",20,-0.275089532136917,"v20260917"
"Y3E8697I","민경욱","새누리당","conservative",20,0.510528922080994,"v20260917"
"YBM9779M","김한표","새누리당","conservative",20,0.406677216291428,"v20260917"
"YLM92014","박순자","새누리당","conservative",20,0.119668491184711,"v20260917"
"ZBX31520","손혜원","더불어민주당","liberal",20,-0.423680156469345,"v20260917"
"ZDR63255","소병훈","더불어민주당","liberal",20,-0.414458274841309,"v20260917"
"ZJI5740K","최운열","더불어민주당","liberal",20,-0.236760184168816,"v20260917"
"ZKU88693","김경협","더불어민주당","liberal",20,-0.449367970228195,"v20260917"
"06X3845L","김종석","새누리당","conservative",20,0.510582208633423,"v20260917"
"0AI7568W","장정숙","국민의당","independent",20,-0.37596669793129,"v20260917"
"0GF6251P","정유섭","새누리당","conservative",20,0.526251375675201,"v20260917"
"16D7652C","이원욱","더불어민주당","liberal",20,-0.293689072132111,"v20260917"
"16I8621J","최연혜","새누리당","conservative",20,0.595723330974579,"v20260917"
"1PZ8289D","송희경","새누리당","conservative",20,0.43829008936882,"v20260917"
"1Y73132H","김상훈","새누리당","conservative",20,0.465822100639343,"v20260917"
"21N57758","오영훈","더불어민주당","liberal",20,-0.1783597022295,"v20260917"
"24E9427D","박남춘","더불어민주당","liberal",20,-0.0780612155795097,"v20260917"
"3249208I","송옥주","더불어민주당","liberal",20,-0.355944663286209,"v20260917"
"3NM5411H","김광수","국민의당","independent",20,-0.491842657327652,"v20260917"
"3TP65086","윤종오","무소속","independent",20,-0.739968776702881,"v20260917"
"4019850M","박정","더불어민주당","liberal",20,-0.28247281908989,"v20260917"
"5CO4531H","유은혜","더불어민주당","liberal",20,-0.372650563716888,"v20260917"
"6AU2417B","박주민","더불어민주당","liberal",20,-0.335041999816895,"v20260917"
"6N28669V","서형수","더불어민주당","liberal",20,-0.341035723686218,"v20260917"
"6QU2958D","김해영","더불어민주당","liberal",20,-0.00591438449919224,"v20260917"
"7KD2317D","김순례","새누리당","conservative",20,0.545647382736206,"v20260917"
"8BF5855P","박지원","국민의당","independent",20,-0.0374199263751507,"v20260917"
"8Q88373R","김병기","더불어민주당","liberal",20,-0.271404683589935,"v20260917"
"8X15119P","윤한홍","새누리당","conservative",20,0.683872580528259,"v20260917"
"9D939735","김성원","새누리당","conservative",20,0.497025370597839,"v20260917"
"9EA39580","김명연","새누리당","conservative",20,0.475511878728867,"v20260917"
"A486635H","안상수","무소속","independent",20,0.54414290189743,"v20260917"
"ARP89147","정동영","국민의당","independent",20,-0.190549060702324,"v20260917"
"BQS2021C","김성태","새누리당","conservative",20,0.327747136354446,"v20260917"
"C7Z8238W","황영철","새누리당","conservative",20,0.328256338834763,"v20260917"
"DBA1057Z","이용호","국민의당","independent",20,0.382670164108276,"v20260917"
"DCN7433W","정세균","더불어민주당","liberal",20,-0.00483590131625533,"v20260917"
"E6U4345C","임종성","더불어민주당","liberal",20,-0.449413776397705,"v20260917"
"EVH1507C","이헌승","새누리당","conservative",20,0.519326746463776,"v20260917"
"FYI20317","조승래","더불어민주당","liberal",20,-0.317992597818375,"v20260917"
"G1570880","신동근","더불어민주당","liberal",20,-0.336283981800079,"v20260917"
"GDN7894V","채이배","국민의당","independent",20,0.528074085712433,"v20260917"
"GN240959","노회찬","정의당","progressive",20,-0.631123006343842,"v20260917"
"GW55008L","홍의락","무소속","independent",20,-0.431061118841171,"v20260917"
"GXT11570","김성수","더불어민주당","liberal",20,-0.295881778001785,"v20260917"
"HE838063","신보라","새누리당","conservative",20,0.493590861558914,"v20260917"
"HSS7466Y","백혜련","더불어민주당","liberal",20,-0.244219467043877,"v20260917"
"IN328264","조정식","더불어민주당","liberal",20,-0.111509777605534,"v20260917"
"JMD3241I","박경미","더불어민주당","liberal",20,-0.267335623502731,"v20260917"
"M0A1658U","윤호중","더불어민주당","liberal",20,-0.112176090478897,"v20260917"
"M6K7940A","오세정","국민의당","independent",20,0.354310423135757,"v20260917"
"MBS2896E","이현재","새누리당","conservative",20,0.588741421699524,"v20260917"
"MC32279F","박선숙","국민의당","independent",20,-0.169995218515396,"v20260917"
"MHK9919B","곽상도","새누리당","conservative",20,0.667662143707275,"v20260917"
"MPV9321A","김현권","더불어민주당","liberal",20,-0.390340209007263,"v20260917"
"NNP30098","김기선","새누리당","conservative",20,0.59305065870285,"v20260917"
"O8E1566L","최도자","국민의당","independent",20,-0.136579588055611,"v20260917"
"PAO22428","송영길","더불어민주당","liberal",20,-0.271835714578629,"v20260917"
"PP08673W","김경수","더불어민주당","liberal",20,-0.146150037646294,"v20260917"
"QTW6852F","이태규","국민의당","independent",20,0.484468907117844,"v20260917"
"QUO78839","박재호","더불어민주당","liberal",20,-0.300782948732376,"v20260917"
"S824682L","박홍근","더불어민주당","liberal",20,-0.262238383293152,"v20260917"
"SSF6805Q","염동열","새누리당","conservative",20,0.44236233830452,"v20260917"
"TGL10010","문미옥","더불어민주당","liberal",20,-0.360855787992477,"v20260917"
"TIS61927","양승조","더불어민주당","liberal",20,-0.0490758903324604,"v20260917"
"TZP9391O","이철규","무소속","independent",20,0.564095675945282,"v20260917"
"UM51067K","인재근","더불어민주당","liberal",20,-0.29642727971077,"v20260917"
"WDS6044S","이채익","새누리당","conservative",20,0.457479327917099,"v20260917"
"YKW37422","권은희","국민의당","independent",20,0.368310898542404,"v20260917"
"YVN3115U","김경진","국민의당","independent",20,-0.306668400764465,"v20260917"
"ZA54991S","안민석","더불어민주당","liberal",20,-0.261330425739288,"v20260917"
"0582116P","이우현","새누리당","conservative",20,0.464548856019974,"v20260917"
"23D73143","경대수","새누리당","conservative",20,0.484475016593933,"v20260917"
"5HG31863","지상욱","새누리당","conservative",20,0.412723302841187,"v20260917"
"6YT83269","이명수","새누리당","conservative",20,0.420100301504135,"v20260917"
"7R156073","박범계","더불어민주당","liberal",20,-0.261414051055908,"v20260917"
"8WV8289I","이완영","새누리당","conservative",20,0.454563021659851,"v20260917"
"ABT2266H","이용득","더불어민주당","liberal",20,-0.368629336357117,"v20260917"
"BM63269Y","전해철","더불어민주당","liberal",20,-0.083709180355072,"v20260917"
"BWD92364","이찬열","더불어민주당","liberal",20,-0.163113132119179,"v20260917"
"CDL93608","조응천","더불어민주당","liberal",20,-0.394160628318787,"v20260917"
"CI15627C","김두관","더불어민주당","liberal",20,-0.420726388692856,"v20260917"
"CZB4125D","장제원","무소속","independent",20,0.446354538202286,"v20260917"
"D0C85236","박완수","새누리당","conservative",20,0.525384664535522,"v20260917"
"DVD2735W","이은권","새누리당","conservative",20,0.631650030612946,"v20260917"
"E1J8836Y","김정재","새누리당","conservative",20,0.475373566150665,"v20260917"
"GD131760","홍문표","새누리당","conservative",20,0.393115878105164,"v20260917"
"GDG1847Z","권성동","새누리당","conservative",20,0.685570240020752,"v20260917"
"HSW1214Q","이종배","새누리당","conservative",20,0.477214604616165,"v20260917"
"I5V5327I","유민봉","새누리당","conservative",20,0.474469572305679,"v20260917"
"IDV9108J","진영","더불어민주당","liberal",20,-0.0492878220975399,"v20260917"
"IWK63872","조배숙","국민의당","independent",20,0.394765198230743,"v20260917"
"IYD4143Y","문희상","더불어민주당","liberal",20,-0.0070141744799912,"v20260917"
"JMY9959W","윤관석","더불어민주당","liberal",20,-0.148157984018326,"v20260917"
"JOY4394O","황주홍","국민의당","independent",20,-0.0152252987027168,"v20260917"
"LPB30152","최인호","더불어민주당","liberal",20,-0.167802959680557,"v20260917"
"MTK2954E","신용현","국민의당","independent",20,0.275024950504303,"v20260917"
"O6D8329R","민홍철","더불어민주당","liberal",20,-0.327011704444885,"v20260917"
"OSV9142K","이만희","새누리당","conservative",20,0.502462387084961,"v20260917"
"OTE19384","박명재","새누리당","conservative",20,0.651516020298004,"v20260917"
"OW53107J","설훈","더불어민주당","liberal",20,-0.354289948940277,"v20260917"
"PEP6922S","박용진","더불어민주당","liberal",20,-0.415090441703796,"v20260917"
"PLR62452","김영우","새누리당","conservative",20,0.419862985610962,"v20260917"
"Q9H5708M","김진표","더불어민주당","liberal",20,-0.0760859921574593,"v20260917"
"QKY38290","여상규","새누리당","conservative",20,0.50631856918335,"v20260917"
"R365233W","홍철호","새누리당","conservative",20,0.432739019393921,"v20260917"
"SEK1881Q","유재중","새누리당","conservative",20,0.642904937267303,"v20260917"
"SNJ6318D","김무성","새누리당","conservative",20,0.640491724014282,"v20260917"
"TZD17894","원유철","새누리당","conservative",20,0.385771632194519,"v20260917"
"UGH6481E","김상희","더불어민주당","liberal",20,-0.406941384077072,"v20260917"
"V2R7430Z","이춘석","더불어민주당","liberal",20,-0.331501334905624,"v20260917"
"V429892C","정성호","더불어민주당","liberal",20,-0.155481055378914,"v20260917"
"VXQ28579","심재권","더불어민주당","liberal",20,-0.1680668592453,"v20260917"
"WDR7061Y","이종걸","더불어민주당","liberal",20,-0.385571300983429,"v20260917"
"WNN9272X","장석춘","새누리당","conservative",20,0.515257358551025,"v20260917"
"WYC63862","신창현","더불어민주당","liberal",20,-0.180006995797157,"v20260917"
"ZGA4092Y","정용기","새누리당","conservative",20,0.443605422973633,"v20260917"
"ZL32287Z","김삼화","국민의당","independent",20,0.250829786062241,"v20260917"
"ZYH1940A","이상민","더불어민주당","liberal",20,-0.365085482597351,"v20260917"
"ZYP7962W","김석기","새누리당","conservative",20,0.468217432498932,"v20260917"
"0827740Q","노웅래","더불어민주당","liberal",20,-0.228686615824699,"v20260917"
"25G2571T","전현희","더불어민주당","liberal",20,-0.105524621903896,"v20260917"
"2WQ6656P","김세연","새누리당","conservative",20,0.363774597644806,"v20260917"
"39P2522W","민병두","더불어민주당","liberal",20,-0.327765464782715,"v20260917"
"4Y54669I","서청원","새누리당","conservative",20,0.323182731866837,"v20260917"
"68P7228G","진선미","더불어민주당","liberal",20,-0.148461729288101,"v20260917"
"7BV5480O","송기석","국민의당","independent",20,0.188395813107491,"v20260917"
"8FB1535Y","어기구","더불어민주당","liberal",20,-0.303526222705841,"v20260917"
"8I61593E","강석호","새누리당","conservative",20,0.587388813495636,"v20260917"
"8T51904N","박찬우","새누리당","conservative",20,0.54314512014389,"v20260917"
"9S468336","정재호","더불어민주당","liberal",20,-0.314638316631317,"v20260917"
"9UW75767","김성태","새누리당","conservative",20,0.475901365280151,"v20260917"
"9XB6464U","김현미","더불어민주당","liberal",20,-0.0454257242381573,"v20260917"
"A8O42480","손금주","국민의당","independent",20,0.145855873823166,"v20260917"
"AMF4093D","김용태","새누리당","conservative",20,0.690472781658173,"v20260917"
"BLC8630L","박병석","더불어민주당","liberal",20,-0.204702898859978,"v20260917"
"BN49469V","신경민","더불어민주당","liberal",20,-0.316469132900238,"v20260917"
"BTP28870","이훈","더불어민주당","liberal",20,-0.486806392669678,"v20260917"
"CJX51868","정종섭","새누리당","conservative",20,0.607307255268097,"v20260917"
"CYD5815E","정갑윤","새누리당","conservative",20,0.529927968978882,"v20260917"
"FRN1867O","홍익표","더불어민주당","liberal",20,-0.414736121892929,"v20260917"
"G152611B","추경호","새누리당","conservative",20,0.57817804813385,"v20260917"
"GCA42857","주승용","국민의당","independent",20,0.11675139516592,"v20260917"
"H337332S","오신환","새누리당","conservative",20,0.371710509061813,"v20260917"
"I0S53762","하태경","새누리당","conservative",20,0.454171478748322,"v20260917"
"IQN7588X","이은재","새누리당","conservative",20,0.50692355632782,"v20260917"
"IUE5875N","이정미","정의당","progressive",20,-0.681612193584442,"v20260917"
"J2O8643H","도종환","더불어민주당","liberal",20,-0.388391375541687,"v20260917"
"JWW6081H","이상돈","국민의당","independent",20,0.243383392691612,"v20260917"
"K3W33496","박광온","더불어민주당","liberal",20,-0.22274848818779,"v20260917"
"LDY9563L","윤상직","새누리당","conservative",20,0.615613579750061,"v20260917"
"M2Q9024I","김종민","더불어민주당","liberal",20,-0.301046848297119,"v20260917"
"M3Z17237","김재경","새누리당","conservative",20,0.381348460912704,"v20260917"
"MD083627","정춘숙","더불어민주당","liberal",20,-0.283068537712097,"v20260917"
"MGE7194M","김광림","새누리당","conservative",20,0.602842211723328,"v20260917"
"N4R2421C","박덕흠","새누리당","conservative",20,0.479676604270935,"v20260917"
"N9X9673B","전혜숙","더불어민주당","liberal",20,-0.249974980950356,"v20260917"
"NQR1206Q","정진석","새누리당","conservative",20,0.473004817962646,"v20260917"
"NS06841K","이철우","새누리당","conservative",20,0.333449900150299,"v20260917"
"NZF1659U","정운천","새누리당","conservative",20,0.400795698165894,"v20260917"
"O0G3169T","백승주","새누리당","conservative",20,0.51874828338623,"v20260917"
"P303213F","정병국","새누리당","conservative",20,0.428177416324615,"v20260917"
"QZR19240","금태섭","더불어민주당","liberal",20,-0.135529801249504,"v20260917"
"S9U45255","이양수","새누리당","conservative",20,0.490106731653214,"v20260917"
"SVH30067","오제세","더불어민주당","liberal",20,-0.151704519987106,"v20260917"
"TWL5801D","김영춘","더불어민주당","liberal",20,-0.353532910346985,"v20260917"
"U013741R","최명길","더불어민주당","liberal",20,-0.455557495355606,"v20260917"
"UIZ3103R","김부겸","더불어민주당","liberal",20,-0.248996779322624,"v20260917"
"URV1689Q","추미애","더불어민주당","liberal",20,-0.316875517368317,"v20260917"
"V0O5343U","우상호","더불어민주당","liberal",20,-0.219608187675476,"v20260917"
"VHK3402G","정우택","새누리당","conservative",20,0.523250818252563,"v20260917"
"W4X85128","박대출","새누리당","conservative",20,0.737846672534943,"v20260917"
"XPP2564T","한정애","더불어민주당","liberal",20,-0.373145073652267,"v20260917"
"XTB3104O","추혜선","정의당","progressive",20,-0.705860495567322,"v20260917"
"ZRF3039U","윤재옥","새누리당","conservative",20,0.526433944702148,"v20260917"
"06571503","정태옥","새누리당","conservative",20,0.549976706504822,"v20260917"
"71M8132V","신상진","새누리당","conservative",20,0.562400698661804,"v20260917"
"8SV6917G","주호영","무소속","independent",20,0.638841152191162,"v20260917"
"9BE5694R","유승희","더불어민주당","liberal",20,-0.276238203048706,"v20260917"
"CAL85655","유기준","새누리당","conservative",20,0.453562617301941,"v20260917"
"MO52543L","변재일","더불어민주당","liberal",20,-0.303123593330383,"v20260917"
"MRK4871S","유의동","새누리당","conservative",20,0.537249743938446,"v20260917"
"SU53086M","심상정","정의당","progressive",20,-0.803792357444763,"v20260917"
"TO79481Z","최교일","새누리당","conservative",20,0.429530262947083,"v20260917"
"VNF2868Z","조원진","새누리당","conservative",20,0.70937716960907,"v20260917"
"0135473I","이군현","새누리당","conservative",20,0.472104102373123,"v20260917"
"04T3751T","남인순","더불어민주당","liberal",20,-0.314248532056808,"v20260917"
"06L2365K","홍일표","새누리당","conservative",20,0.587958514690399,"v20260917"
"64G6894C","김정훈","새누리당","conservative",20,0.372939765453339,"v20260917"
"AJV31724","이학재","새누리당","conservative",20,0.56985342502594,"v20260917"
"JG77046J","이언주","더불어민주당","liberal",20,-0.206955388188362,"v20260917"
"LCJ77278","이혜훈","새누리당","conservative",20,0.314405918121338,"v20260917"
"PAB29217","김성찬","새누리당","conservative",20,0.495527178049088,"v20260917"
"PWU27609","유승민","무소속","independent",20,0.322547137737274,"v20260917"
"T2K9554I","홍문종","새누리당","conservative",20,0.60668420791626,"v20260917"
"XBT9550Q","우원식","더불어민주당","liberal",20,-0.328947246074677,"v20260917"
"DAN6731C","박성중","새누리당","conservative",20,0.743583977222443,"v20260917"
"O149331C","권석창","새누리당","conservative",20,0.442968666553497,"v20260917"
"TOU1222X","강창일","더불어민주당","liberal",20,-0.403404057025909,"v20260917"
"9VR65006","윤영석","새누리당","conservative",20,0.507065057754517,"v20260917"
"9ZP9014Q","이해찬","무소속","independent",20,-0.103651836514473,"v20260917"
"F5U2979W","김학용","새누리당","conservative",20,0.485788136720657,"v20260917"
"FJ03481D","최경환","새누리당","conservative",20,0.749254405498505,"v20260917"
"S8431719","박영선","더불어민주당","liberal",20,-0.371572345495224,"v20260917"
"ZX71333R","한선교","새누리당","conservative",20,0.594300210475922,"v20260917"
"MSY7784L","윤상현","무소속","independent",20,0.457744508981705,"v20260917"
"3SP89633","천정배","국민의당","independent",20,-0.324813902378082,"v20260917"
"GMK1374L","이석현","더불어민주당","liberal",20,-0.107262060046196,"v20260917"
"SLW27496","나경원","새누리당","conservative",20,0.597657859325409,"v20260917"
"O7R5461J","윤후덕","더불어민주당","liberal",20,-0.309747964143753,"v20260917"
"TVF3669B","김태흠","새누리당","conservative",20,0.608211576938629,"v20260917"
"9414335X","심기준","더불어민주당","liberal",20,-0.195473462343216,"v20260917"
"QZU9232M","김재원","자유한국당","conservative",20,0.585375428199768,"v20260917"
"R7N74579","이수혁","더불어민주당","liberal",20,-0.0520777031779289,"v20260917"
"6EN68926","송언석","자유한국당","conservative",20,0.528266668319702,"v20260917"
"9FL71418","이규희","더불어민주당","liberal",20,-0.0993223637342453,"v20260917"
"WVU2479T","이상헌","더불어민주당","liberal",20,-0.154109060764313,"v20260917"
"5DR6334X","윤일규","더불어민주당","liberal",20,-0.311580240726471,"v20260917"
"7W35098M","윤준호","더불어민주당","liberal",20,-0.115731626749039,"v20260917"
"FOK3459D","서삼석","더불어민주당","liberal",20,-0.206822156906128,"v20260917"
"QXD2505Y","이후삼","더불어민주당","liberal",20,-0.215372607111931,"v20260917"
"RD42006Y","송갑석","더불어민주당","liberal",20,-0.256039887666702,"v20260917"
"VE469451","최재성","더불어민주당","liberal",20,-0.0615883618593216,"v20260917"
"9LD2641Q","김정호","더불어민주당","liberal",20,-0.282286316156387,"v20260917"
"FJK3396E","맹성규","더불어민주당","liberal",20,-0.147521644830704,"v20260917"
"XSP20229","김성환","더불어민주당","liberal",20,-0.281260460615158,"v20260917"
"BIR8594P","임재훈","바른미래당","independent",20,-0.26814067363739,"v20260917"
"B751170H","여영국","정의당","progressive",20,-0.669824719429016,"v20260917"
"LJK4960Z","정점식","자유한국당","conservative",20,0.521772980690002,"v20260917"
"DQL3007B","정은혜","더불어민주당","liberal",20,-0.268790721893311,"v20260917"
"09I2323E","김한정","더불어민주당","liberal",21,-0.236924842000008,"v20260917"
"0VU8517U","황희","더불어민주당","liberal",21,-0.154493540525436,"v20260917"
"0W194007","김영주","더불어민주당","liberal",21,-0.17487770318985,"v20260917"
"14M56632","강기윤","미래통합당","conservative",21,0.50649082660675,"v20260917"
"1BX7234U","김경만","더불어시민당","liberal",21,-0.102719701826572,"v20260917"
"1X376850","이영","미래한국당","conservative",21,0.555112659931183,"v20260917"
"21N57758","오영훈","더불어민주당","liberal",21,-0.1783597022295,"v20260917"
"3ZR4438W","이인영","더불어민주당","liberal",21,-0.360055178403854,"v20260917"
"40S1959J","박영순","더불어민주당","liberal",21,-0.444121092557907,"v20260917"
"4A067125","이광재","더불어민주당","liberal",21,-0.177114352583885,"v20260917"
"6399076T","김민철","더불어민주당","liberal",21,-0.100185699760914,"v20260917"
"8FB1535Y","어기구","더불어민주당","liberal",21,-0.303526222705841,"v20260917"
"A2V51235","배진교","정의당","progressive",21,-0.923880457878113,"v20260917"
"A494529E","천준호","더불어민주당","liberal",21,-0.27829584479332,"v20260917"
"AFH96856","신영대","더불어민주당","liberal",21,-0.288013130426407,"v20260917"
"BM63269Y","전해철","더불어민주당","liberal",21,-0.083709180355072,"v20260917"
"C7E79345","권칠승","더불어민주당","liberal",21,-0.204230263829231,"v20260917"
"CAA7713A","백종헌","미래통합당","conservative",21,0.432536453008652,"v20260917"
"CDL93608","조응천","더불어민주당","liberal",21,-0.394160628318787,"v20260917"
"DAN6731C","박성중","미래통합당","conservative",21,0.743583977222443,"v20260917"
"DAV7257X","이원택","더불어민주당","liberal",21,-0.225900694727898,"v20260917"
"DPZ7685X","전봉민","미래통합당","conservative",21,0.459593147039413,"v20260917"
"FDC3144T","이종성","미래한국당","conservative",21,0.582255482673645,"v20260917"
"FU87526G","박수영","미래통합당","conservative",21,0.621544182300568,"v20260917"
"G152611B","추경호","미래통합당","conservative",21,0.57817804813385,"v20260917"
"GF286398","김병주","더불어시민당","liberal",21,-0.155935615301132,"v20260917"
"GKD32201","이용빈","더불어민주당","liberal",21,-0.352992445230484,"v20260917"
"GX38539O","유동수","더불어민주당","liberal",21,-0.187554910778999,"v20260917"
"HKJ99607","이병훈","더불어민주당","liberal",21,-0.134685710072517,"v20260917"
"I434361W","조태용","미래한국당","conservative",21,0.510713279247284,"v20260917"
"JNL7001A","김선교","미래통합당","conservative",21,0.584365606307983,"v20260917"
"K5F2023J","이학영","더불어민주당","liberal",21,-0.258157461881638,"v20260917"
"L2I9861C","강대식","미래통합당","conservative",21,0.594176352024078,"v20260917"
"LNR7932L","김진애","열린민주당","liberal_minor",21,-0.295849442481995,"v20260917"
"LT72093S","정일영","더불어민주당","liberal",21,-0.240420207381248,"v20260917"
"MR210505","서일준","미래통합당","conservative",21,0.52137553691864,"v20260917"
"NQR1206Q","정진석","미래통합당","conservative",21,0.473004817962646,"v20260917"
"O7R5461J","윤후덕","더불어민주당","liberal",21,-0.309747964143753,"v20260917"
"Q9H5708M","김진표","더불어민주당","liberal",21,-0.0760859921574593,"v20260917"
"QKO6165V","박진","미래통합당","conservative",21,0.510210037231445,"v20260917"
"TP066860","정정순","더불어민주당","liberal",21,-0.186859384179115,"v20260917"
"TST4507I","안규백","더불어민주당","liberal",21,-0.219703301787376,"v20260917"
"WJL30106","조정훈","더불어시민당","liberal",21,0.359195977449417,"v20260917"
"XR24352K","서영석","더불어민주당","liberal",21,-0.211575016379356,"v20260917"
"XSP20229","김성환","더불어민주당","liberal",21,-0.281260460615158,"v20260917"
"ZYP7962W","김석기","미래통합당","conservative",21,0.468217432498932,"v20260917"
"04T3751T","남인순","더불어민주당","liberal",21,-0.314248532056808,"v20260917"
"0827740Q","노웅래","더불어민주당","liberal",21,-0.228686615824699,"v20260917"
"0PK7354M","서동용","더불어민주당","liberal",21,-0.324246108531952,"v20260917"
"0R68099X","이수진","더불어시민당","liberal",21,-0.381041586399078,"v20260917"
"0WL9321T","유정주","더불어시민당","liberal",21,-0.37949126958847,"v20260917"
"0YT3774N","황운하","더불어민주당","liberal",21,-0.455733180046082,"v20260917"
"16D7652C","이원욱","더불어민주당","liberal",21,-0.293689072132111,"v20260917"
"17M85910","소병철","더불어민주당","liberal",21,-0.145331218838692,"v20260917"
"1MU99298","김철민","더불어민주당","liberal",21,-0.174050197005272,"v20260917"
"1WE5693J","김태년","더불어민주당","liberal",21,-0.167347937822342,"v20260917"
"1Y73132H","김상훈","미래통합당","conservative",21,0.465822100639343,"v20260917"
"2385336L","정청래","더불어민주당","liberal",21,-0.1285470277071,"v20260917"
"25I8709Q","조오섭","더불어민주당","liberal",21,-0.390377551317215,"v20260917"
"2N793392","홍성국","더불어민주당","liberal",21,-0.0963633581995964,"v20260917"
"2NV6751W","장철민","더불어민주당","liberal",21,-0.418831944465637,"v20260917"
"2UD1340H","김성주","더불어민주당","liberal",21,-0.373204231262207,"v20260917"
"3249208I","송옥주","더불어민주당","liberal",21,-0.355944663286209,"v20260917"
"3425169D","정필모","더불어시민당","liberal",21,-0.459263861179352,"v20260917"
"3DK8989T","최춘식","미래통합당","conservative",21,0.495107293128967,"v20260917"
"3RW63706","이주환","미래통합당","conservative",21,0.455935657024384,"v20260917"
"3TO11703","권인숙","더불어시민당","liberal",21,-0.397913008928299,"v20260917"
"4019850M","박정","더불어민주당","liberal",21,-0.28247281908989,"v20260917"
"4L695580","김원이","더불어민주당","liberal",21,-0.483582824468613,"v20260917"
"4T026790","임오경","더불어민주당","liberal",21,-0.205117091536522,"v20260917"
"4U29186R","문진석","더불어민주당","liberal",21,-0.255731254816055,"v20260917"
"4XG1439M","고영인","더불어민주당","liberal",21,-0.105200216174126,"v20260917"
"52P3934K","김희곤","미래통합당","conservative",21,0.396208375692368,"v20260917"
"5765663F","김영진","더불어민주당","liberal",21,-0.119131706655025,"v20260917"
"5KV82250","조경태","미래통합당","conservative",21,0.530189752578735,"v20260917"
"5KV96424","강준현","더불어민주당","liberal",21,-0.129723355174065,"v20260917"
"5MD4184K","홍기원","더불어민주당","liberal",21,-0.182963326573372,"v20260917"
"60490713","강병원","더불어민주당","liberal",21,-0.1524428576231,"v20260917"
"66W6739S","허은아","미래한국당","conservative",21,0.577962398529053,"v20260917"
"68P7228G","진선미","더불어민주당","liberal",21,-0.148461729288101,"v20260917"
"6AU2417B","박주민","더불어민주당","liberal",21,-0.335041999816895,"v20260917"
"6MO8786S","안병길","미래통합당","conservative",21,0.656656563282013,"v20260917"
"6YT83269","이명수","미래통합당","conservative",21,0.420100301504135,"v20260917"
"71J2365L","전주혜","미래한국당","conservative",21,0.584748327732086,"v20260917"
"7469929V","구자근","미래통합당","conservative",21,0.493494391441345,"v20260917"
"7BM2933Y","김영호","더불어민주당","liberal",21,-0.325544744729996,"v20260917"
"7I09543O","이장섭","더불어민주당","liberal",21,-0.159165501594543,"v20260917"
"7JC3239L","윤두현","미래통합당","conservative",21,0.712316691875458,"v20260917"
"7O71647Z","양이원영","더불어시민당","liberal",21,-0.513821661472321,"v20260917"
"7R156073","박범계","더불어민주당","liberal",21,-0.261414051055908,"v20260917"
"8348421R","엄태영","미래통합당","conservative",21,0.513099014759064,"v20260917"
"8FC9697X","유기홍","더불어민주당","liberal",21,-0.356887370347977,"v20260917"
"8KF7223D","이성만","더불어민주당","liberal",21,-0.302657842636108,"v20260917"
"8P37634C","강득구","더불어민주당","liberal",21,-0.251621186733246,"v20260917"
"8Q88373R","김병기","더불어민주당","liberal",21,-0.271404683589935,"v20260917"
"8SV6917G","주호영","미래통합당","conservative",21,0.638841152191162,"v20260917"
"8VY63414","류성걸","미래통합당","conservative",21,0.468437492847443,"v20260917"
"9D939735","김성원","미래통합당","conservative",21,0.497025370597839,"v20260917"
"9JF4562W","이용선","더불어민주당","liberal",21,-0.281364917755127,"v20260917"
"9L57027L","유경준","미래통합당","conservative",21,0.655284881591797,"v20260917"
"9LD2641Q","김정호","더불어민주당","liberal",21,-0.282286316156387,"v20260917"
"9V18755A","양경숙","더불어시민당","liberal",21,-0.220994725823402,"v20260917"
"9YO73104","전재수","더불어민주당","liberal",21,-0.237544044852257,"v20260917"
"A0P4646G","최형두","미래통합당","conservative",21,0.478217512369156,"v20260917"
"A3H7195R","박완주","더불어민주당","liberal",21,-0.2999407351017,"v20260917"
"ATB59635","김승원","더불어민주당","liberal",21,-0.191301092505455,"v20260917"
"B7D7534L","김영배","더불어민주당","liberal",21,-0.262532830238342,"v20260917"
"B7H6207C","박대수","미래한국당","conservative",21,0.53581428527832,"v20260917"
"B7R2742J","기동민","더불어민주당","liberal",21,-0.136871114373207,"v20260917"
"BLC8630L","박병석","더불어민주당","liberal",21,-0.204702898859978,"v20260917"
"BT62420K","박찬대","더불어민주당","liberal",21,-0.348964303731918,"v20260917"
"CCU1009B","이해식","더불어민주당","liberal",21,-0.333161562681198,"v20260917"
"CFE3998F","이상직","더불어민주당","liberal",21,0.131306916475296,"v20260917"
"CI15627C","김두관","더불어민주당","liberal",21,-0.420726388692856,"v20260917"
"CNW5754J","송석준","미래통합당","conservative",21,0.45456525683403,"v20260917"
"CNZ51556","김예지","미래한국당","conservative",21,0.487480491399765,"v20260917"
"CZB4125D","장제원","미래통합당","conservative",21,0.446354538202286,"v20260917"
"D4L60530","이수진","더불어민주당","liberal",21,-0.109393522143364,"v20260917"
"D6U6678O","김주영","더불어민주당","liberal",21,-0.279634982347488,"v20260917"
"DAY6557K","정동만","미래통합당","conservative",21,0.487433910369873,"v20260917"
"E1J8836Y","김정재","미래통합당","conservative",21,0.475373566150665,"v20260917"
"E6U4345C","임종성","더불어민주당","liberal",21,-0.449413776397705,"v20260917"
"E9R4507P","권명호","미래통합당","conservative",21,0.581703960895538,"v20260917"
"EH27538E","임이자","미래통합당","conservative",21,0.485307991504669,"v20260917"
"EMC8812P","홍석준","미래통합당","conservative",21,0.601274788379669,"v20260917"
"EVH1507C","이헌승","미래통합당","conservative",21,0.519326746463776,"v20260917"
"F5Y4026Q","신현영","더불어시민당","liberal",21,-0.249920904636383,"v20260917"
"FJK3396E","맹성규","더불어민주당","liberal",21,-0.147521644830704,"v20260917"
"FOK3459D","서삼석","더불어민주당","liberal",21,-0.206822156906128,"v20260917"
"FRN1867O","홍익표","더불어민주당","liberal",21,-0.414736121892929,"v20260917"
"FU53642G","허영","더불어민주당","liberal",21,-0.342380344867706,"v20260917"
"FYI20317","조승래","더불어민주당","liberal",21,-0.317992597818375,"v20260917"
"G1570880","신동근","더불어민주당","liberal",21,-0.336283981800079,"v20260917"
"G7512472","이용우","더불어민주당","liberal",21,-0.439539849758148,"v20260917"
"GAV6441G","장혜영","정의당","progressive",21,-1,"v20260917"
"GDG1847Z","권성동","무소속","independent",21,0.685570240020752,"v20260917"
"GE71932C","용혜인","더불어시민당","liberal",21,-0.761190414428711,"v20260917"
"GFF1986K","김병욱","더불어민주당","liberal",21,-0.0854395106434822,"v20260917"
"GOC54665","문정복","더불어민주당","liberal",21,-0.347660571336746,"v20260917"
"GP07421U","윤건영","더불어민주당","liberal",21,-0.339410841464996,"v20260917"
"GX22581L","강민국","미래통합당","conservative",21,0.635076463222504,"v20260917"
"HSS7466Y","백혜련","더불어민주당","liberal",21,-0.244219467043877,"v20260917"
"HSW1214Q","이종배","미래통합당","conservative",21,0.477214604616165,"v20260917"
"HXT76735","박상혁","더불어민주당","liberal",21,-0.225530445575714,"v20260917"
"I0S53762","하태경","미래통합당","conservative",21,0.454171478748322,"v20260917"
"I5I2468R","최기상","더불어민주당","liberal",21,-0.318966269493103,"v20260917"
"I7R13867","이개호","더불어민주당","liberal",21,-0.187769666314125,"v20260917"
"ICH23251","최강욱","열린민주당","liberal_minor",21,-0.506353378295898,"v20260917"
"IL74008M","박성준","더불어민주당","liberal",21,-0.123740203678608,"v20260917"
"IN328264","조정식","더불어민주당","liberal",21,-0.111509777605534,"v20260917"
"IOW1101J","김영식","미래통합당","conservative",21,0.610858082771301,"v20260917"
"IOW8224X","이형석","더불어민주당","liberal",21,-0.305102974176407,"v20260917"
"J2O8643H","도종환","더불어민주당","liberal",21,-0.388391375541687,"v20260917"
"JC14718Q","윤준병","더불어민주당","liberal",21,-0.440570652484894,"v20260917"
"JEZ3130Q","김형동","미래통합당","conservative",21,0.496037840843201,"v20260917"
"JMY9959W","윤관석","더불어민주당","liberal",21,-0.148157984018326,"v20260917"
"JQA21112","한기호","미래통합당","conservative",21,0.726698517799377,"v20260917"
"JZY9937U","김윤덕","더불어민주당","liberal",21,-0.248647972941399,"v20260917"
"K3W33496","박광온","더불어민주당","liberal",21,-0.22274848818779,"v20260917"
"KFS1358P","윤영덕","더불어민주당","liberal",21,-0.315128326416016,"v20260917"
"KR14136C","홍영표","더불어민주당","liberal",21,-0.370524674654007,"v20260917"
"KUO3574J","양기대","더불어민주당","liberal",21,-0.100478298962116,"v20260917"
"L7J93733","서범수","미래통합당","conservative",21,0.422128856182098,"v20260917"
"L7T64271","김수흥","더불어민주당","liberal",21,-0.205593109130859,"v20260917"
"LM13674V","송재호","더불어민주당","liberal",21,-0.159527167677879,"v20260917"
"LPB30152","최인호","더불어민주당","liberal",21,-0.167802959680557,"v20260917"
"LQW3652K","김웅","미래통합당","conservative",21,0.738125920295715,"v20260917"
"M0A1658U","윤호중","더불어민주당","liberal",21,-0.112176090478897,"v20260917"
"M2Q9024I","김종민","더불어민주당","liberal",21,-0.301046848297119,"v20260917"
"M6H1705E","김회재","더불어민주당","liberal",21,-0.0921974182128906,"v20260917"
"M7O7878U","신정훈","더불어민주당","liberal",21,-0.315376669168472,"v20260917"
"M7T9712V","최승재","미래한국당","conservative",21,0.633508443832397,"v20260917"
"MD083627","정춘숙","더불어민주당","liberal",21,-0.283068537712097,"v20260917"
"MHK9919B","곽상도","미래통합당","conservative",21,0.667662143707275,"v20260917"
"MLH1404S","김민석","더불어민주당","liberal",21,-0.192714214324951,"v20260917"
"MNZ4401T","강선우","더불어민주당","liberal",21,-0.390797853469849,"v20260917"
"MRK4871S","유의동","미래통합당","conservative",21,0.537249743938446,"v20260917"
"MSY7784L","윤상현","무소속","independent",21,0.457744508981705,"v20260917"
"MU69217P","유상범","미래통합당","conservative",21,0.621458113193512,"v20260917"
"MY318392","오영환","더불어민주당","liberal",21,-0.277792990207672,"v20260917"
"N4R2421C","박덕흠","미래통합당","conservative",21,0.479676604270935,"v20260917"
"N9X9673B","전혜숙","더불어민주당","liberal",21,-0.249974980950356,"v20260917"
"NAL4555X","홍준표","무소속","independent",21,0.576255619525909,"v20260917"
"NTT8182Q","김민기","더불어민주당","liberal",21,-0.478060066699982,"v20260917"
"NZF1659U","정운천","미래한국당","conservative",21,0.400795698165894,"v20260917"
"O0I2045I","이정문","더불어민주당","liberal",21,-0.128316402435303,"v20260917"
"O6D8329R","민홍철","더불어민주당","liberal",21,-0.327011704444885,"v20260917"
"OFE45081","김용민","더불어민주당","liberal",21,-0.280531197786331,"v20260917"
"OIA3741M","오기형","더불어민주당","liberal",21,-0.341480642557144,"v20260917"
"OSV9142K","이만희","미래통합당","conservative",21,0.502462387084961,"v20260917"
"OW53107J","설훈","더불어민주당","liberal",21,-0.354289948940277,"v20260917"
"P0F1530P","김태호","무소속","independent",21,0.427362650632858,"v20260917"
"P2N4585G","김승남","더불어민주당","liberal",21,-0.153053164482117,"v20260917"
"P2N50879","강민정","열린민주당","liberal_minor",21,-0.615478873252869,"v20260917"
"PAO22428","송영길","더불어민주당","liberal",21,-0.271835714578629,"v20260917"
"PEP6922S","박용진","더불어민주당","liberal",21,-0.415090441703796,"v20260917"
"PFG2137X","정희용","미래통합당","conservative",21,0.46948304772377,"v20260917"
"PO64874I","김홍걸","더불어시민당","liberal",21,-0.440931916236877,"v20260917"
"PZA4062H","양정숙","더불어시민당","liberal",21,-0.344300627708435,"v20260917"
"QD25323M","최혜영","더불어시민당","liberal",21,-0.430645555257797,"v20260917"
"QHL3248U","김남국","더불어민주당","liberal",21,-0.366084814071655,"v20260917"
"QQP4727N","배준영","미래통합당","conservative",21,0.540013074874878,"v20260917"
"QUO78839","박재호","더불어민주당","liberal",21,-0.300782948732376,"v20260917"
"RD42006Y","송갑석","더불어민주당","liberal",21,-0.256039887666702,"v20260917"
"RO593601","이동주","더불어시민당","liberal",21,-0.224370241165161,"v20260917"
"RPN2293B","장경태","더불어민주당","liberal",21,-0.182283461093903,"v20260917"
"RQQ3807K","위성곤","더불어민주당","liberal",21,-0.446982651948929,"v20260917"
"S741317G","조명희","미래한국당","conservative",21,0.570297479629517,"v20260917"
"S824682L","박홍근","더불어민주당","liberal",21,-0.262238383293152,"v20260917"
"SBK1544B","정찬민","미래통합당","conservative",21,0.497659534215927,"v20260917"
"SE233396","윤재갑","더불어민주당","liberal",21,-0.372861415147781,"v20260917"
"SQ36001H","송기헌","더불어민주당","liberal",21,-0.256142348051071,"v20260917"
"SRP7336N","신원식","미래한국당","conservative",21,0.648109495639801,"v20260917"
"SU53086M","심상정","정의당","progressive",21,-0.803792357444763,"v20260917"
"SVH3899R","김용판","미래통합당","conservative",21,0.531604528427124,"v20260917"
"T465023H","주철현","더불어민주당","liberal",21,-0.193961277604103,"v20260917"
"TJW93720","전용기","더불어시민당","liberal",21,-0.345469415187836,"v20260917"
"TKJ4800F","서영교","더불어민주당","liberal",21,-0.209208786487579,"v20260917"
"TRE2429O","강훈식","더불어민주당","liberal",21,-0.320415645837784,"v20260917"
"TZ228122","민병덕","더불어민주당","liberal",21,-0.36412113904953,"v20260917"
"TZP9391O","이철규","미래통합당","conservative",21,0.564095675945282,"v20260917"
"UB114374","한무경","미래한국당","conservative",21,0.673747777938843,"v20260917"
"UGH6481E","김상희","더불어민주당","liberal",21,-0.406941384077072,"v20260917"
"UHB5553T","정태호","더불어민주당","liberal",21,-0.146812751889229,"v20260917"
"UQ282145","이재정","더불어민주당","liberal",21,-0.483641266822815,"v20260917"
"USR7059P","정경희","미래한국당","conservative",21,0.709146916866302,"v20260917"
"V0O5343U","우상호","더불어민주당","liberal",21,-0.219608187675476,"v20260917"
"V429892C","정성호","더불어민주당","liberal",21,-0.155481055378914,"v20260917"
"VCP96419","허종식","더불어민주당","liberal",21,-0.274558126926422,"v20260917"
"VG24001G","양금희","미래통합당","conservative",21,0.599164128303528,"v20260917"
"VRY5522V","민형배","더불어민주당","liberal",21,-0.52224612236023,"v20260917"
"W1Q6753M","이은주","정의당","progressive",21,-0.86603319644928,"v20260917"
"W4X85128","박대출","미래통합당","conservative",21,0.737846672534943,"v20260917"
"WCD5518S","고민정","더불어민주당","liberal",21,-0.373994171619415,"v20260917"
"WDS6044S","이채익","미래통합당","conservative",21,0.457479327917099,"v20260917"
"WFU14784","서정숙","미래한국당","conservative",21,0.653751194477081,"v20260917"
"WHV3448W","양향자","더불어민주당","liberal",21,-0.138604685664177,"v20260917"
"WMG57662","강은미","정의당","progressive",21,-0.962950766086578,"v20260917"
"WTR5885Y","이소영","더불어민주당","liberal",21,-0.43506121635437,"v20260917"
"WVU2479T","이상헌","더불어민주당","liberal",21,-0.154109060764313,"v20260917"
"X1K3667J","김교흥","더불어민주당","liberal",21,-0.229981705546379,"v20260917"
"X3170462","박성민","미래통합당","conservative",21,0.523737370967865,"v20260917"
"X7I4680R","김기현","미래통합당","conservative",21,0.521073460578918,"v20260917"
"XA42275R","홍정민","더불어민주당","liberal",21,-0.0965139493346214,"v20260917"
"XBT9550Q","우원식","더불어민주당","liberal",21,-0.328947246074677,"v20260917"
"XEF29171","안호영","더불어민주당","liberal",21,-0.165354058146477,"v20260917"
"XJC13432","태영호","미래통합당","conservative",21,0.438437521457672,"v20260917"
"XPP2564T","한정애","더불어민주당","liberal",21,-0.373145073652267,"v20260917"
"XWX1513T","윤영찬","더불어민주당","liberal",21,-0.20155856013298,"v20260917"
"Z7Y7827F","최종윤","더불어민주당","liberal",21,-0.116968430578709,"v20260917"
"ZA54991S","안민석","더불어민주당","liberal",21,-0.261330425739288,"v20260917"
"ZDP5704Q","윤주경","미래한국당","conservative",21,0.64039534330368,"v20260917"
"ZDR63255","소병훈","더불어민주당","liberal",21,-0.414458274841309,"v20260917"
"ZKU88693","김경협","더불어민주당","liberal",21,-0.449367970228195,"v20260917"
"ZRF3039U","윤재옥","미래통합당","conservative",21,0.526433944702148,"v20260917"
"0767470D","이낙연","더불어민주당","liberal",21,-0.285463452339172,"v20260917"
"3C23171A","진성준","더불어민주당","liberal",21,-0.499215513467789,"v20260917"
"40E3739H","윤창현","미래한국당","conservative",21,0.466044574975967,"v20260917"
"4X525582","배현진","미래통합당","conservative",21,0.562337100505829,"v20260917"
"5K93695T","김승수","미래통합당","conservative",21,0.611831843852997,"v20260917"
"5UN9725L","이용","미래한국당","conservative",21,0.46828693151474,"v20260917"
"6U243644","박형수","미래통합당","conservative",21,0.453205406665802,"v20260917"
"AE685067","이규민","더불어민주당","liberal",21,-0.156824365258217,"v20260917"
"BCQ55105","한준호","더불어민주당","liberal",21,-0.415029853582382,"v20260917"
"FH777496","임호선","더불어민주당","liberal",21,-0.400138467550278,"v20260917"
"H5476989","한병도","더불어민주당","liberal",21,-0.155374065041542,"v20260917"
"J9S37905","황보승희","미래통합당","conservative",21,0.535643637180328,"v20260917"
"NCP9875N","류호정","정의당","progressive",21,-0.950837731361389,"v20260917"
"UM51067K","인재근","더불어민주당","liberal",21,-0.29642727971077,"v20260917"
"ZYH1940A","이상민","더불어민주당","liberal",21,-0.365085482597351,"v20260917"
"3BC6890E","김미애","미래통합당","conservative",21,0.606444001197815,"v20260917"
"6AR6743G","김희국","미래통합당","conservative",21,0.450465381145477,"v20260917"
"8X15119P","윤한홍","미래통합당","conservative",21,0.683872580528259,"v20260917"
"FGI27280","하영제","미래통합당","conservative",21,0.52737033367157,"v20260917"
"Z6R3959C","조해진","미래통합당","conservative",21,0.451718211174011,"v20260917"
"6V37131U","고용진","더불어민주당","liberal",21,-0.0828056782484055,"v20260917"
"7XY7109I","성일종","미래통합당","conservative",21,0.542308568954468,"v20260917"
"8VJ8533R","최연숙","국민의당","independent",21,0.508682787418365,"v20260917"
"CT85313K","서병수","미래통합당","conservative",21,0.530557751655579,"v20260917"
"D0C85236","박완수","미래통합당","conservative",21,0.525384664535522,"v20260917"
"DBA1057Z","이용호","무소속","independent",21,0.382670164108276,"v20260917"
"GD131760","홍문표","미래통합당","conservative",21,0.393115878105164,"v20260917"
"IUL4848V","윤희숙","미래통합당","conservative",21,0.611109554767609,"v20260917"
"KB04377U","김병욱","미래통합당","conservative",21,0.468686252832413,"v20260917"
"LG63087O","권영세","미래통합당","conservative",21,0.468182563781738,"v20260917"
"LH97552Q","김도읍","미래통합당","conservative",21,0.507931351661682,"v20260917"
"LJK4960Z","정점식","미래통합당","conservative",21,0.521772980690002,"v20260917"
"MO52543L","변재일","더불어민주당","liberal",21,-0.303123593330383,"v20260917"
"QTW6852F","이태규","국민의당","independent",21,0.484468907117844,"v20260917"
"Y7K5946R","지성호","미래한국당","conservative",21,0.528826355934143,"v20260917"
"YKW37422","권은희","국민의당","independent",21,0.368310898542404,"v20260917"
"YLS4431M","조수진","미래한국당","conservative",21,0.554672300815582,"v20260917"
"KNM3215T","윤미향","더불어시민당","liberal",21,-0.604449987411499,"v20260917"
"9VR65006","윤영석","미래통합당","conservative",21,0.507065057754517,"v20260917"
"QUM8288K","이달곤","미래통합당","conservative",21,0.536348760128021,"v20260917"
"S9U45255","이양수","미래통합당","conservative",21,0.490106731653214,"v20260917"
"TVF3669B","김태흠","미래통합당","conservative",21,0.608211576938629,"v20260917"
"L5P27909","김은혜","미래통합당","conservative",21,0.640723705291748,"v20260917"
"6EN68926","송언석","미래통합당","conservative",21,0.528266668319702,"v20260917"
"9S151177","이탄희","더불어민주당","liberal",21,-0.506557047367096,"v20260917"
"FIC9046Z","김의겸","열린민주당","liberal_minor",21,-0.452280431985855,"v20260917"
"6RM29022","최재형","국민의힘","conservative",21,0.570100903511047,"v20260917"
"F5U2979W","김학용","국민의힘","conservative",21,0.485788136720657,"v20260917"
"NLR6572J","임병헌","무소속","independent",21,0.368036478757858,"v20260917"
"VHK3402G","정우택","국민의힘","conservative",21,0.523250818252563,"v20260917"
"MQU41854","조은희","국민의힘","conservative",21,0.534382820129395,"v20260917"
"JVB6983V","노용호","국민의힘","conservative",21,0.495065540075302,"v20260917"
"KFM1081G","장동혁","국민의힘","conservative",21,0.511665880680084,"v20260917"
"LBC8144B","김영선","국민의힘","conservative",21,0.609258472919464,"v20260917"
"6RD62559","박정하","국민의힘","conservative",21,0.527441501617432,"v20260917"
"DWK26447","이인선","국민의힘","conservative",21,0.495635628700256,"v20260917"
"IUD9392R","이재명","더불어민주당","liberal",21,-0.20199428498745,"v20260917"
"NUB4941Z","김한규","더불어민주당","liberal",21,-0.311306715011597,"v20260917"
"YTA7297R","최영희","국민의힘","conservative",21,0.406693547964096,"v20260917"
"YOG1280B","안철수","국민의힘","conservative",21,0.451086342334747,"v20260917"
"6FS10566","강성희","진보당","progressive",21,-0.667503714561462,"v20260917"
"NCO99988","허숙정","더불어민주당","liberal",21,-0.383728533983231,"v20260917"
"F0I5053J","우신구","국민의힘","conservative",21,0.469261229038239,"v20260917"
"0YT3774N","황운하","조국혁신당","rebuilding",22,-0.455733180046082,"v20260917"
"2NV6751W","장철민","더불어민주당","liberal",22,-0.418831944465637,"v20260917"
"3LP22204","이재강","더불어민주당","liberal",22,-0.379073590040207,"v20260917"
"4019850M","박정","더불어민주당","liberal",22,-0.28247281908989,"v20260917"
"5MD4184K","홍기원","더불어민주당","liberal",22,-0.182963326573372,"v20260917"
"5TQ6306B","박수현","더불어민주당","liberal",22,-0.363420367240906,"v20260917"
"6I88973D","부승찬","더불어민주당","liberal",22,-0.418629437685013,"v20260917"
"7R156073","박범계","더불어민주당","liberal",22,-0.261414051055908,"v20260917"
"86R9476S","김문수","더불어민주당","liberal",22,-0.208069443702698,"v20260917"
"88O1334C","김성회","더불어민주당","liberal",22,-0.164440259337425,"v20260917"
"8A05621B","김준형","조국혁신당","rebuilding",22,-0.709547698497772,"v20260917"
"8BF5855P","박지원","더불어민주당","liberal",22,-0.0374199263751507,"v20260917"
"8O34202I","김영환","더불어민주당","liberal",22,-0.45867520570755,"v20260917"
"8Q88373R","김병기","더불어민주당","liberal",22,-0.271404683589935,"v20260917"
"95J3282H","이광희","더불어민주당","liberal",22,-0.550991415977478,"v20260917"
"9YO73104","전재수","더불어민주당","liberal",22,-0.237544044852257,"v20260917"
"ATB59635","김승원","더불어민주당","liberal",22,-0.191301092505455,"v20260917"
"BCQ55105","한준호","더불어민주당","liberal",22,-0.415029853582382,"v20260917"
"D9I3309M","문대림","더불어민주당","liberal",22,-0.363215923309326,"v20260917"
"DMP1439I","김재원","조국혁신당","rebuilding",22,-0.610620379447937,"v20260917"
"FU53642G","허영","더불어민주당","liberal",22,-0.342380344867706,"v20260917"
"GJ56729D","복기왕","더불어민주당","liberal",22,-0.373135149478912,"v20260917"
"HSS7466Y","백혜련","더불어민주당","liberal",22,-0.244219467043877,"v20260917"
"I7R13867","이개호","더불어민주당","liberal",22,-0.187769666314125,"v20260917"
"JG77046J","이언주","더불어민주당","liberal",22,-0.206955388188362,"v20260917"
"JSA8739I","손명수","더불어민주당","liberal",22,-0.332155287265778,"v20260917"
"M0A1658U","윤호중","더불어민주당","liberal",22,-0.112176090478897,"v20260917"
"M7O7878U","신정훈","더불어민주당","liberal",22,-0.315376669168472,"v20260917"
"MDC3257K","백승아","더불어민주연합","liberal",22,-0.171265408396721,"v20260917"
"N2P9317N","이성윤","더불어민주당","liberal",22,-0.200539290904999,"v20260917"
"NUB4941Z","김한규","더불어민주당","liberal",22,-0.311306715011597,"v20260917"
"P8A4624C","전종덕","더불어민주연합","liberal",22,-0.872482240200043,"v20260917"
"QWL7778X","이준석","개혁신당","centrist",22,0.337457805871964,"v20260917"
"RG972910","송재봉","더불어민주당","liberal",22,-0.303902626037598,"v20260917"
"RKS3658I","이재관","더불어민주당","liberal",22,-0.200992003083229,"v20260917"
"RUZ25800","노종면","더불어민주당","liberal",22,-0.470505058765411,"v20260917"
"T6A6557F","황정아","더불어민주당","liberal",22,-0.448716253042221,"v20260917"
"TKJ4800F","서영교","더불어민주당","liberal",22,-0.209208786487579,"v20260917"
"UHB5553T","정태호","더불어민주당","liberal",22,-0.146812751889229,"v20260917"
"W8W95421","이상식","더불어민주당","liberal",22,-0.163394927978516,"v20260917"
"XBT9550Q","우원식","더불어민주당","liberal",22,-0.328947246074677,"v20260917"
"XEF29171","안호영","더불어민주당","liberal",22,-0.165354058146477,"v20260917"
"XSP20229","김성환","더불어민주당","liberal",22,-0.281260460615158,"v20260917"
"YOG1280B","안철수","국민의힘","conservative",22,0.451086342334747,"v20260917"
"ZDR63255","소병훈","더불어민주당","liberal",22,-0.414458274841309,"v20260917"
"04T3751T","남인순","더불어민주당","liberal",22,-0.314248532056808,"v20260917"
"0698755I","이해민","조국혁신당","rebuilding",22,-0.56534481048584,"v20260917"
"0R68099X","이수진","더불어민주당","liberal",22,-0.381041586399078,"v20260917"
"0VU8517U","황희","더불어민주당","liberal",22,-0.154493540525436,"v20260917"
"1A82234K","박은정","조국혁신당","rebuilding",22,-0.428640335798264,"v20260917"
"1JI2689F","박용갑","더불어민주당","liberal",22,-0.207859665155411,"v20260917"
"1S05899F","채현일","더불어민주당","liberal",22,-0.217885360121727,"v20260917"
"1WE5693J","김태년","더불어민주당","liberal",22,-0.167347937822342,"v20260917"
"2385336L","정청래","더불어민주당","liberal",22,-0.1285470277071,"v20260917"
"25G2571T","전현희","더불어민주당","liberal",22,-0.105524621903896,"v20260917"
"2S73768V","이훈기","더불어민주당","liberal",22,-0.395197302103043,"v20260917"
"3249208I","송옥주","더불어민주당","liberal",22,-0.355944663286209,"v20260917"
"3C23171A","진성준","더불어민주당","liberal",22,-0.499215513467789,"v20260917"
"3CC88975","김기표","더불어민주당","liberal",22,-0.157778099179268,"v20260917"
"3OQ8273H","양문석","더불어민주당","liberal",22,-0.473212689161301,"v20260917"
"3TP65086","윤종오","진보당","progressive",22,-0.739968776702881,"v20260917"
"3UI95829","김우영","더불어민주당","liberal",22,-0.300106227397919,"v20260917"
"3ZR4438W","이인영","더불어민주당","liberal",22,-0.360055178403854,"v20260917"
"43Q3892U","박희승","더불어민주당","liberal",22,-0.368175894021988,"v20260917"
"4L695580","김원이","더불어민주당","liberal",22,-0.483582824468613,"v20260917"
"4T026790","임오경","더불어민주당","liberal",22,-0.205117091536522,"v20260917"
"4U29186R","문진석","더불어민주당","liberal",22,-0.255731254816055,"v20260917"
"51A45980","서미화","더불어민주연합","liberal",22,-0.396356463432312,"v20260917"
"5762459L","이정헌","더불어민주당","liberal",22,-0.292103797197342,"v20260917"
"5765663F","김영진","더불어민주당","liberal",22,-0.119131706655025,"v20260917"
"57B28032","김재섭","국민의힘","conservative",22,0.459788948297501,"v20260917"
"5KV96424","강준현","더불어민주당","liberal",22,-0.129723355174065,"v20260917"
"5N65159P","김윤","더불어민주연합","liberal",22,-0.331612974405289,"v20260917"
"68P7228G","진선미","더불어민주당","liberal",22,-0.148461729288101,"v20260917"
"6AU2417B","박주민","더불어민주당","liberal",22,-0.335041999816895,"v20260917"
"6K79158C","이용우","더불어민주당","liberal",22,-0.446901232004166,"v20260917"
"6VC83722","김현정","더불어민주당","liberal",22,-0.169538915157318,"v20260917"
"6WK3815W","김태선","더불어민주당","liberal",22,-0.364374786615372,"v20260917"
"7BM2933Y","김영호","더불어민주당","liberal",22,-0.325544744729996,"v20260917"
"7GW5372Y","김선민","조국혁신당","rebuilding",22,-0.603197455406189,"v20260917"
"7YC6702R","이건태","더불어민주당","liberal",22,-0.161147966980934,"v20260917"
"7YL9580G","김현","더불어민주당","liberal",22,-0.159321397542953,"v20260917"
"80C5885Z","서왕진","조국혁신당","rebuilding",22,-0.6096031665802,"v20260917"
"8FB1535Y","어기구","더불어민주당","liberal",22,-0.303526222705841,"v20260917"
"8JG4358H","한민수","더불어민주당","liberal",22,-0.223599076271057,"v20260917"
"8P37634C","강득구","더불어민주당","liberal",22,-0.251621186733246,"v20260917"
"8TU8443O","조계원","더불어민주당","liberal",22,-0.351330548524857,"v20260917"
"9HE7226N","정진욱","더불어민주당","liberal",22,-0.40965124964714,"v20260917"
"9JF4562W","이용선","더불어민주당","liberal",22,-0.281364917755127,"v20260917"
"9LD2641Q","김정호","더불어민주당","liberal",22,-0.282286316156387,"v20260917"
"A494529E","천준호","더불어민주당","liberal",22,-0.27829584479332,"v20260917"
"AEO5706C","이강일","더불어민주당","liberal",22,-0.27707502245903,"v20260917"
"AFH96856","신영대","더불어민주당","liberal",22,-0.288013130426407,"v20260917"
"ARP89147","정동영","더불어민주당","liberal",22,-0.190549060702324,"v20260917"
"B7D7534L","김영배","더불어민주당","liberal",22,-0.262532830238342,"v20260917"
"BNV6535N","정혜경","더불어민주연합","liberal",22,-0.805222272872925,"v20260917"
"BRU2690F","오세희","더불어민주연합","liberal",22,-0.350234985351562,"v20260917"
"BT62420K","박찬대","더불어민주당","liberal",22,-0.348964303731918,"v20260917"
"C7E79345","권칠승","더불어민주당","liberal",22,-0.204230263829231,"v20260917"
"CCU1009B","이해식","더불어민주당","liberal",22,-0.333161562681198,"v20260917"
"CIZ8557P","장종태","더불어민주당","liberal",22,-0.0712519586086273,"v20260917"
"CK143054","양부남","더불어민주당","liberal",22,-0.276682436466217,"v20260917"
"CST4991F","임광현","더불어민주연합","liberal",22,-0.169055342674255,"v20260917"
"D6U6678O","김주영","더불어민주당","liberal",22,-0.279634982347488,"v20260917"
"DAV7257X","이원택","더불어민주당","liberal",22,-0.225900694727898,"v20260917"
"E2B3753X","박해철","더불어민주당","liberal",22,-0.380545616149902,"v20260917"
"EB16073M","안도걸","더불어민주당","liberal",22,-0.160941287875175,"v20260917"
"EBH1101V","이연희","더불어민주당","liberal",22,-0.447530448436737,"v20260917"
"EFU76868","권향엽","더불어민주당","liberal",22,-0.417104810476303,"v20260917"
"EMH4976E","박지혜","더불어민주당","liberal",22,-0.455367237329483,"v20260917"
"FH777496","임호선","더불어민주당","liberal",22,-0.400138467550278,"v20260917"
"FIE6569O","곽상언","더불어민주당","liberal",22,-0.423744410276413,"v20260917"
"FJK3396E","맹성규","더불어민주당","liberal",22,-0.147521644830704,"v20260917"
"FOK3459D","서삼석","더불어민주당","liberal",22,-0.206822156906128,"v20260917"
"FYI20317","조승래","더불어민주당","liberal",22,-0.317992597818375,"v20260917"
"GE71932C","용혜인","더불어민주연합","liberal",22,-0.761190414428711,"v20260917"
"GF286398","김병주","더불어민주당","liberal",22,-0.155935615301132,"v20260917"
"GOC54665","문정복","더불어민주당","liberal",22,-0.347660571336746,"v20260917"
"GP07421U","윤건영","더불어민주당","liberal",22,-0.339410841464996,"v20260917"
"GRP3908I","문금주","더불어민주당","liberal",22,-0.444698631763458,"v20260917"
"GX38539O","유동수","더불어민주당","liberal",22,-0.187554910778999,"v20260917"
"H5476989","한병도","더불어민주당","liberal",22,-0.155374065041542,"v20260917"
"HFV52269","이병진","더불어민주당","liberal",22,-0.157255694270134,"v20260917"
"HHB5652A","허성무","더불어민주당","liberal",22,-0.36455637216568,"v20260917"
"HVV5250J","박정현","더불어민주당","liberal",22,-0.44161519408226,"v20260917"
"HXT76735","박상혁","더불어민주당","liberal",22,-0.225530445575714,"v20260917"
"I5I2468R","최기상","더불어민주당","liberal",22,-0.318966269493103,"v20260917"
"IC499858","정준호","더불어민주당","liberal",22,-0.164813727140427,"v20260917"
"IL74008M","박성준","더불어민주당","liberal",22,-0.123740203678608,"v20260917"
"IN328264","조정식","더불어민주당","liberal",22,-0.111509777605534,"v20260917"
"IUD9392R","이재명","더불어민주당","liberal",22,-0.20199428498745,"v20260917"
"IUX1829H","김남근","더불어민주당","liberal",22,-0.37255522608757,"v20260917"
"IWR8966I","박균택","더불어민주당","liberal",22,-0.167280033230782,"v20260917"
"J1G57517","모경종","더불어민주당","liberal",22,-0.312402993440628,"v20260917"
"JC14718Q","윤준병","더불어민주당","liberal",22,-0.440570652484894,"v20260917"
"JZY9937U","김윤덕","더불어민주당","liberal",22,-0.248647972941399,"v20260917"
"K5F2023J","이학영","더불어민주당","liberal",22,-0.258157461881638,"v20260917"
"KNP22261","차규근","조국혁신당","rebuilding",22,-0.589290678501129,"v20260917"
"LT72093S","정일영","더불어민주당","liberal",22,-0.240420207381248,"v20260917"
"M4O5221T","박민규","더불어민주당","liberal",22,-0.15787661075592,"v20260917"
"MIS62075","김동아","더불어민주당","liberal",22,-0.483395040035248,"v20260917"
"MLH1404S","김민석","더불어민주당","liberal",22,-0.192714214324951,"v20260917"
"MNZ4401T","강선우","더불어민주당","liberal",22,-0.390797853469849,"v20260917"
"MQK9493H","윤종군","더불어민주당","liberal",22,-0.339402616024017,"v20260917"
"NA61091D","정을호","더불어민주연합","liberal",22,-0.160801216959953,"v20260917"
"NB64509Z","김용만","더불어민주당","liberal",22,-0.231168955564499,"v20260917"
"NPD75153","신장식","조국혁신당","rebuilding",22,-0.686693727970123,"v20260917"
"NXB3178C","김남희","더불어민주당","liberal",22,-0.257212430238724,"v20260917"
"O0I2045I","이정문","더불어민주당","liberal",22,-0.128316402435303,"v20260917"
"O6D8329R","민홍철","더불어민주당","liberal",22,-0.327011704444885,"v20260917"
"O7R5461J","윤후덕","더불어민주당","liberal",22,-0.309747964143753,"v20260917"
"OFE45081","김용민","더불어민주당","liberal",22,-0.280531197786331,"v20260917"
"OIA3741M","오기형","더불어민주당","liberal",22,-0.341480642557144,"v20260917"
"Q129715Y","강유정","더불어민주연합","liberal",22,-0.356210678815842,"v20260917"
"QUR40502","전진숙","더불어민주당","liberal",22,-0.46422091126442,"v20260917"
"RC885085","차지호","더불어민주당","liberal",22,-0.458143323659897,"v20260917"
"RJH6314D","황명선","더불어민주당","liberal",22,-0.331300586462021,"v20260917"
"RPN2293B","장경태","더불어민주당","liberal",22,-0.182283461093903,"v20260917"
"RQQ3807K","위성곤","더불어민주당","liberal",22,-0.446982651948929,"v20260917"
"S824682L","박홍근","더불어민주당","liberal",22,-0.262238383293152,"v20260917"
"SQ36001H","송기헌","더불어민주당","liberal",22,-0.256142348051071,"v20260917"
"T3E4932G","조국","조국혁신당","rebuilding",22,-0.444060802459717,"v20260917"
"T465023H","주철현","더불어민주당","liberal",22,-0.193961277604103,"v20260917"
"T4I4862D","한창민","더불어민주연합","liberal",22,-0.781219482421875,"v20260917"
"T9E37304","위성락","더불어민주연합","liberal",22,-0.171848490834236,"v20260917"
"TJW93720","전용기","더불어민주당","liberal",22,-0.345469415187836,"v20260917"
"TRE2429O","강훈식","더불어민주당","liberal",22,-0.320415645837784,"v20260917"
"TST4507I","안규백","더불어민주당","liberal",22,-0.219703301787376,"v20260917"
"TZ228122","민병덕","더불어민주당","liberal",22,-0.36412113904953,"v20260917"
"URV1689Q","추미애","더불어민주당","liberal",22,-0.316875517368317,"v20260917"
"URX8075K","염태영","더불어민주당","liberal",22,-0.367674797773361,"v20260917"
"V2R7430Z","이춘석","더불어민주당","liberal",22,-0.331501334905624,"v20260917"
"V429892C","정성호","더불어민주당","liberal",22,-0.155481055378914,"v20260917"
"VCP96419","허종식","더불어민주당","liberal",22,-0.274558126926422,"v20260917"
"VRY5522V","민형배","더불어민주당","liberal",22,-0.52224612236023,"v20260917"
"VZA76236","박선원","더불어민주당","liberal",22,-0.397534251213074,"v20260917"
"W3U3344O","이기헌","더불어민주당","liberal",22,-0.411600410938263,"v20260917"
"W8L9421K","안태준","더불어민주당","liberal",22,-0.351470440626144,"v20260917"
"WCD5518S","고민정","더불어민주당","liberal",22,-0.373994171619415,"v20260917"
"WI719547","이주영","개혁신당","centrist",22,0.326745867729187,"v20260917"
"WTR5885Y","이소영","더불어민주당","liberal",22,-0.43506121635437,"v20260917"
"X1K3667J","김교흥","더불어민주당","liberal",22,-0.229981705546379,"v20260917"
"XG348314","정춘생","조국혁신당","rebuilding",22,-0.605912506580353,"v20260917"
"XPP2564T","한정애","더불어민주당","liberal",22,-0.373145073652267,"v20260917"
"XR24352K","서영석","더불어민주당","liberal",22,-0.211575016379356,"v20260917"
"YGB8604T","천하람","개혁신당","centrist",22,0.383011519908905,"v20260917"
"YM42715P","김준혁","더불어민주당","liberal",22,-0.259867250919342,"v20260917"
"YS38221N","최민희","더불어민주당","liberal",22,-0.161800220608711,"v20260917"
"ZKB18611","조인철","더불어민주당","liberal",22,-0.159872218966484,"v20260917"
"ZW43496R","박홍배","더불어민주연합","liberal",22,-0.483466863632202,"v20260917"
"5K93695T","김승수","국민의힘","conservative",22,0.611831843852997,"v20260917"
"7469929V","구자근","국민의힘","conservative",22,0.493494391441345,"v20260917"
"HE08888N","김기웅","국민의힘","conservative",22,0.480522334575653,"v20260917"
"HRG9655C","김희정","국민의힘","conservative",22,0.579113304615021,"v20260917"
"LG63087O","권영세","국민의힘","conservative",22,0.468182563781738,"v20260917"
"NQO7187X","강선영","국민의미래","conservative",22,0.60200971364975,"v20260917"
"OSV9142K","이만희","국민의힘","conservative",22,0.502462387084961,"v20260917"
"PFG2137X","정희용","국민의힘","conservative",22,0.46948304772377,"v20260917"
"T2T8225E","강경숙","조국혁신당","rebuilding",22,-0.586478352546692,"v20260917"
"1Y73132H","김상훈","국민의힘","conservative",22,0.465822100639343,"v20260917"
"3BC6890E","김미애","국민의힘","conservative",22,0.606444001197815,"v20260917"
"3NI5978A","조지연","국민의힘","conservative",22,0.513611197471619,"v20260917"
"42K7317Y","강승규","국민의힘","conservative",22,0.530785739421844,"v20260917"
"4X525582","배현진","국민의힘","conservative",22,0.562337100505829,"v20260917"
"5KV82250","조경태","국민의힘","conservative",22,0.530189752578735,"v20260917"
"6RD62559","박정하","국민의힘","conservative",22,0.527441501617432,"v20260917"
"6U243644","박형수","국민의힘","conservative",22,0.453205406665802,"v20260917"
"8XE7026P","정연욱","국민의힘","conservative",22,0.493241488933563,"v20260917"
"9901388T","강명구","국민의힘","conservative",22,0.415089309215546,"v20260917"
"9D939735","김성원","국민의힘","conservative",22,0.497025370597839,"v20260917"
"A0P4646G","최형두","국민의힘","conservative",22,0.478217512369156,"v20260917"
"ANS8383S","김대식","국민의힘","conservative",22,0.476006031036377,"v20260917"
"B7789327","인요한","국민의미래","conservative",22,0.478282123804092,"v20260917"
"CAA7713A","백종헌","국민의힘","conservative",22,0.432536453008652,"v20260917"
"CGW7415Z","정성국","국민의힘","conservative",22,0.505234837532043,"v20260917"
"CNZ51556","김예지","국민의미래","conservative",22,0.487480491399765,"v20260917"
"DAY6557K","정동만","국민의힘","conservative",22,0.487433910369873,"v20260917"
"DWK26447","이인선","국민의힘","conservative",22,0.495635628700256,"v20260917"
"E1J8836Y","김정재","국민의힘","conservative",22,0.475373566150665,"v20260917"
"EH27538E","임이자","국민의힘","conservative",22,0.485307991504669,"v20260917"
"EPI69383","김용태","국민의힘","conservative",22,0.469731956720352,"v20260917"
"EVH1507C","이헌승","국민의힘","conservative",22,0.519326746463776,"v20260917"
"G152611B","추경호","국민의힘","conservative",22,0.57817804813385,"v20260917"
"G6W8250J","박준태","국민의미래","conservative",22,0.538474678993225,"v20260917"
"GX22581L","강민국","국민의힘","conservative",22,0.635076463222504,"v20260917"
"HS39431V","고동진","국민의힘","conservative",22,0.566652476787567,"v20260917"
"HSW1214Q","이종배","국민의힘","conservative",22,0.477214604616165,"v20260917"
"JEZ3130Q","김형동","국민의힘","conservative",22,0.496037840843201,"v20260917"
"JNL7001A","김선교","국민의힘","conservative",22,0.584365606307983,"v20260917"
"JP222486","서천호","국민의힘","conservative",22,0.574752569198608,"v20260917"
"JQA21112","한기호","국민의힘","conservative",22,0.726698517799377,"v20260917"
"JZV5283U","유영하","국민의힘","conservative",22,0.503882348537445,"v20260917"
"KBK8836C","유용원","국민의미래","conservative",22,0.482756286859512,"v20260917"
"KFM1081G","장동혁","국민의힘","conservative",22,0.511665880680084,"v20260917"
"L2I9861C","강대식","국민의힘","conservative",22,0.594176352024078,"v20260917"
"L5P27909","김은혜","국민의힘","conservative",22,0.640723705291748,"v20260917"
"L7J93733","서범수","국민의힘","conservative",22,0.422128856182098,"v20260917"
"LCZ1711I","김위상","국민의미래","conservative",22,0.442735433578491,"v20260917"
"LH97552Q","김도읍","국민의힘","conservative",22,0.507931351661682,"v20260917"
"LYY5513O","권영진","국민의힘","conservative",22,0.374366700649261,"v20260917"
"ME83002L","조승환","국민의힘","conservative",22,0.573461055755615,"v20260917"
"MQU41854","조은희","국민의힘","conservative",22,0.534382820129395,"v20260917"
"MR210505","서일준","국민의힘","conservative",22,0.52137553691864,"v20260917"
"N378078V","김종양","국민의힘","conservative",22,0.451780378818512,"v20260917"
"N4R2421C","박덕흠","국민의힘","conservative",22,0.479676604270935,"v20260917"
"NLS46526","이종욱","국민의힘","conservative",22,0.633136451244354,"v20260917"
"NX534083","박성훈","국민의힘","conservative",22,0.682784020900726,"v20260917"
"P7U7800Z","서지영","국민의힘","conservative",22,0.634623885154724,"v20260917"
"PYA8594I","안상훈","국민의미래","conservative",22,0.504835903644562,"v20260917"
"Q918403D","한지아","국민의미래","conservative",22,0.44378462433815,"v20260917"
"QDU1100U","진종오","국민의미래","conservative",22,0.544698238372803,"v20260917"
"QQ429063","서명옥","국민의힘","conservative",22,0.53339946269989,"v20260917"
"QQP4727N","배준영","국민의힘","conservative",22,0.540013074874878,"v20260917"
"RAJ1024Z","임종득","국민의힘","conservative",22,0.518241107463837,"v20260917"
"REG96285","곽규택","국민의힘","conservative",22,0.53493320941925,"v20260917"
"ROS6754L","이달희","국민의미래","conservative",22,0.479557991027832,"v20260917"
"SLW27496","나경원","국민의힘","conservative",22,0.597657859325409,"v20260917"
"TCP9838Y","김민전","국민의미래","conservative",22,0.754467725753784,"v20260917"
"TZP9391O","이철규","국민의힘","conservative",22,0.564095675945282,"v20260917"
"UOS16250","최보윤","국민의미래","conservative",22,0.575691223144531,"v20260917"
"VA04150X","박상웅","국민의힘","conservative",22,0.458309024572372,"v20260917"
"VDN5593C","김상욱","국민의힘","conservative",22,0.0903945192694664,"v20260917"
"W4X85128","박대출","국민의힘","conservative",22,0.737846672534943,"v20260917"
"WJL30106","조정훈","국민의힘","conservative",22,0.359195977449417,"v20260917"
"WXJ8352N","이성권","국민의힘","conservative",22,0.424167603254318,"v20260917"
"X3170462","박성민","국민의힘","conservative",22,0.523737370967865,"v20260917"
"X639721U","임미애","더불어민주연합","liberal",22,-0.493652820587158,"v20260917"
"Y0X4618N","박수민","국민의힘","conservative",22,0.588066220283508,"v20260917"
"ZRF3039U","윤재옥","국민의힘","conservative",22,0.526433944702148,"v20260917"
"M2Q9024I","김종민","새로운미래","centrist",22,-0.301046848297119,"v20260917"
"UQ282145","이재정","더불어민주당","liberal",22,-0.483641266822815,"v20260917"
"6EN68926","송언석","국민의힘","conservative",22,0.528266668319702,"v20260917"
"7XY7109I","성일종","국민의힘","conservative",22,0.542308568954468,"v20260917"
"8348421R","엄태영","국민의힘","conservative",22,0.513099014759064,"v20260917"
"8L52480G","이상휘","국민의힘","conservative",22,0.472499579191208,"v20260917"
"8UC4779G","우재준","국민의힘","conservative",22,0.514062345027924,"v20260917"
"AEJ19639","박정훈","국민의힘","conservative",22,0.483343720436096,"v20260917"
"FU87526G","박수영","국민의힘","conservative",22,0.621544182300568,"v20260917"
"GDG1847Z","권성동","국민의힘","conservative",22,0.685570240020752,"v20260917"
"GJK57930","주진우","국민의힘","conservative",22,0.45214706659317,"v20260917"
"GP21946O","박충권","국민의미래","conservative",22,0.644559919834137,"v20260917"
"IWK63872","조배숙","국민의미래","conservative",22,0.394765198230743,"v20260917"
"LJK4960Z","정점식","국민의힘","conservative",22,0.521772980690002,"v20260917"
"MU69217P","유상범","국민의힘","conservative",22,0.621458113193512,"v20260917"
"OWD1018N","신동욱","국민의힘","conservative",22,0.628827691078186,"v20260917"
"P0F1530P","김태호","국민의힘","conservative",22,0.427362650632858,"v20260917"
"RMC1840P","신성범","국민의힘","conservative",22,0.475388795137405,"v20260917"
"TQP7167T","김건","국민의미래","conservative",22,0.440317153930664,"v20260917"
"UF53617M","최은석","국민의힘","conservative",22,0.692906618118286,"v20260917"
"WJG74792","최수진","국민의미래","conservative",22,0.65280669927597,"v20260917"
"X7E7893P","김장겸","국민의미래","conservative",22,0.584964871406555,"v20260917"
"X7I4680R","김기현","국민의힘","conservative",22,0.521073460578918,"v20260917"
"ZYP7962W","김석기","국민의힘","conservative",22,0.468217432498932,"v20260917"
"1SR94244","김소희","국민의미래","conservative",22,0.528225958347321,"v20260917"
"8SV6917G","주호영","국민의힘","conservative",22,0.638841152191162,"v20260917"
"8X15119P","윤한홍","국민의힘","conservative",22,0.683872580528259,"v20260917"
"CNW5754J","송석준","국민의힘","conservative",22,0.45456525683403,"v20260917"
"9VR65006","윤영석","국민의힘","conservative",22,0.507065057754517,"v20260917"
"MSY7784L","윤상현","국민의힘","conservative",22,0.457744508981705,"v20260917"
"S9U45255","이양수","국민의힘","conservative",22,0.490106731653214,"v20260917"
"YN160848","백선희","조국혁신당","rebuilding",22,-0.618841707706451,"v20260917"
"2KM3589W","손솔","더불어민주연합","liberal",22,-0.875268578529358,"v20260917"
"CC78321E","최혁진","더불어민주연합","liberal",22,-0.415961503982544,"v20260917"
"RBM5454A","이주희","더불어민주당","liberal",22,-0.197806224226952,"v20260917"
"MRS4949T","이소희","국민의힘","conservative",22,0.424505084753036,"v20260917"
"WMT66995","김준환","더불어민주당","liberal",22,-0.464873760938644,"v20260917"
"29V4537Y","이진숙","국민의힘","conservative",22,0.696065545082092,"v20260917"
"4A067125","이광재","더불어민주당","liberal",22,-0.177114352583885,"v20260917"
"7ZS19508","김태규","국민의힘","conservative",22,0.730608820915222,"v20260917"
"DOZ1588B","김성범","더불어민주당","liberal",22,-0.284071058034897,"v20260917"
"FIC9046Z","김의겸","더불어민주당","liberal",22,-0.452280431985855,"v20260917"
"FYG6302V","전은수","더불어민주당","liberal",22,-0.283511966466904,"v20260917"
"H7X3372O","박지원","더불어민주당","liberal",22,-0.282995849847794,"v20260917"
"JVK71445","임문영","더불어민주당","liberal",22,-0.273361593484879,"v20260917"
"PAO22428","송영길","더불어민주당","liberal",22,-0.271835714578629,"v20260917"
"QHL3248U","김남국","더불어민주당","liberal",22,-0.366084814071655,"v20260917"
"SKP6181Y","김남준","더불어민주당","liberal",22,-0.282995849847794,"v20260917"
"W0154979","윤용근","국민의힘","conservative",22,0.736360788345337,"v20260917"
"MRK4871S","유의동","국민의힘","conservative",22,0.537249743938446,"v20260917"
"KBZ59750","김형연","조국혁신당","rebuilding",22,-1,"v20260917"
