"member_id","member_name","party","party_bloc","term","wnom_1d","bridged_1d","vintage"
"09I2323E","김한정","더불어민주당","liberal",20,-0.323711454868317,-0.323711454868317,"v20260312"
"0W194007","김영주","더불어민주당","liberal",20,-0.310839474201202,-0.310839474201202,"v20260312"
"1MU99298","김철민","더불어민주당","liberal",20,-0.235167935490608,-0.235167935490608,"v20260312"
"1WE5693J","김태년","더불어민주당","liberal",20,-0.287681668996811,-0.287681668996811,"v20260312"
"AFQ26679","주광덕","새누리당","conservative",20,0.275973498821259,0.275973498821259,"v20260312"
"DKB8522X","정인화","국민의당","independent",20,-0.16291768848896,-0.16291768848896,"v20260312"
"LH97552Q","김도읍","새누리당","conservative",20,0.475719302892685,0.475719302892685,"v20260312"
"Q6G2914I","윤종필","새누리당","conservative",20,0.588649690151215,0.588649690151215,"v20260312"
"SQ36001H","송기헌","더불어민주당","liberal",20,-0.430714935064316,-0.430714935064316,"v20260312"
"W168182V","김관영","국민의당","independent",20,-0.205702275037766,-0.205702275037766,"v20260312"
"YOG1280B","안철수","국민의당","independent",20,0.0017656316049397,0.0017656316049397,"v20260312"
"0E97245Y","정양석","새누리당","conservative",20,0.299487173557281,0.299487173557281,"v20260312"
"0ID22746","이진복","새누리당","conservative",20,0.579575419425964,0.579575419425964,"v20260312"
"0VU8517U","황희","더불어민주당","liberal",20,-0.33357098698616,-0.33357098698616,"v20260312"
"11N7618M","이종명","새누리당","conservative",20,0.374887138605118,0.374887138605118,"v20260312"
"1KD95875","함진규","새누리당","conservative",20,0.222880616784096,0.222880616784096,"v20260312"
"2SE64657","이장우","새누리당","conservative",20,0.528118908405304,0.528118908405304,"v20260312"
"2XI97689","이종구","새누리당","conservative",20,0.473132371902466,0.473132371902466,"v20260312"
"3ZR4438W","이인영","더불어민주당","liberal",20,-0.471386641263962,-0.471386641263962,"v20260312"
"5765663F","김영진","더불어민주당","liberal",20,-0.229600891470909,-0.229600891470909,"v20260312"
"5K343700","김수민","국민의당","independent",20,-0.012990084476769,-0.012990084476769,"v20260312"
"5KV82250","조경태","새누리당","conservative",20,0.497819632291794,0.497819632291794,"v20260312"
"60490713","강병원","더불어민주당","liberal",20,-0.255187600851059,-0.255187600851059,"v20260312"
"6DG91769","원혜영","더불어민주당","liberal",20,-0.261439502239227,-0.261439502239227,"v20260312"
"6RP89579","김정우","더불어민주당","liberal",20,-0.268158972263336,-0.268158972263336,"v20260312"
"6V37131U","고용진","더불어민주당","liberal",20,-0.197209864854813,-0.197209864854813,"v20260312"
"7AN97172","이정현","새누리당","conservative",20,0.175637304782867,0.175637304782867,"v20260312"
"7BM2933Y","김영호","더불어민주당","liberal",20,-0.474266022443771,-0.474266022443771,"v20260312"
"7XY7109I","성일종","새누리당","conservative",20,0.465550929307938,0.465550929307938,"v20260312"
"8DK7238W","백재현","더불어민주당","liberal",20,-0.38580995798111,-0.38580995798111,"v20260312"
"8EL9225R","박준영","국민의당","independent",20,-0.396898657083511,-0.396898657083511,"v20260312"
"8IN46764","이주영","새누리당","conservative",20,0.348651021718979,0.348651021718979,"v20260312"
"8KB8281W","제윤경","더불어민주당","liberal",20,-0.439927667379379,-0.439927667379379,"v20260312"
"8WC7967F","김승희","새누리당","conservative",20,0.656993389129639,0.656993389129639,"v20260312"
"8X46899U","윤소하","정의당","progressive",20,-0.96911096572876,-0.96911096572876,"v20260312"
"9CR4440H","배덕광","새누리당","conservative",20,0.440006643533707,0.440006643533707,"v20260312"
"9WQ7845Z","강효상","새누리당","conservative",20,0.744992852210999,0.744992852210999,"v20260312"
"9YO73104","전재수","더불어민주당","liberal",20,-0.368808507919312,-0.368808507919312,"v20260312"
"A3H7195R","박완주","더불어민주당","liberal",20,-0.286031514406204,-0.286031514406204,"v20260312"
"A935446Z","김종훈","무소속","independent",20,-1,-1,"v20260312"
"B6F5266B","엄용수","새누리당","conservative",20,0.484726637601852,0.484726637601852,"v20260312"
"B7R2742J","기동민","더불어민주당","liberal",20,-0.29208317399025,-0.29208317399025,"v20260312"
"BT62420K","박찬대","더불어민주당","liberal",20,-0.366527706384659,-0.366527706384659,"v20260312"
"C7E79345","권칠승","더불어민주당","liberal",20,-0.302376806735992,-0.302376806735992,"v20260312"
"CNW5754J","송석준","새누리당","conservative",20,0.312715172767639,0.312715172767639,"v20260312"
"CXA6162I","김현아","새누리당","conservative",20,0.443003714084625,0.443003714084625,"v20260312"
"D397960C","조훈현","새누리당","conservative",20,0.388861328363419,0.388861328363419,"v20260312"
"DCR84445","김동철","국민의당","independent",20,0.0250642336905003,0.0250642336905003,"v20260312"
"DTG4846A","김선동","새누리당","conservative",20,0.478354185819626,0.478354185819626,"v20260312"
"EH27538E","임이자","새누리당","conservative",20,0.245205372571945,0.245205372571945,"v20260312"
"EUR98126","박맹우","새누리당","conservative",20,0.321036666631699,0.321036666631699,"v20260312"
"EX94352K","표창원","더불어민주당","liberal",20,-0.311994254589081,-0.311994254589081,"v20260312"
"FGX4881A","심재철","새누리당","conservative",20,0.438380479812622,0.438380479812622,"v20260312"
"GFF1986K","김병욱","더불어민주당","liberal",20,-0.274880021810532,-0.274880021810532,"v20260312"
"GX38539O","유동수","더불어민주당","liberal",20,-0.258123904466629,-0.258123904466629,"v20260312"
"HTK5293K","김종회","국민의당","independent",20,-0.214492186903954,-0.214492186903954,"v20260312"
"I0F2578R","김종대","정의당","progressive",20,-0.866639673709869,-0.866639673709869,"v20260312"
"I7R13867","이개호","더불어민주당","liberal",20,-0.309623897075653,-0.309623897075653,"v20260312"
"I7Z3068X","유성엽","국민의당","independent",20,-0.230124682188034,-0.230124682188034,"v20260312"
"IH436704","강석진","새누리당","conservative",20,0.258201122283936,0.258201122283936,"v20260312"
"IQ54138I","박인숙","새누리당","conservative",20,0.454188138246536,0.454188138246536,"v20260312"
"K5F2023J","이학영","더불어민주당","liberal",20,-0.395011901855469,-0.395011901855469,"v20260312"
"KA04352K","최경환","국민의당","independent",20,-0.339726984500885,-0.339726984500885,"v20260312"
"KR14136C","홍영표","더불어민주당","liberal",20,-0.313787013292313,-0.313787013292313,"v20260312"
"LSK9789D","이철희","더불어민주당","liberal",20,-0.326477408409119,-0.326477408409119,"v20260312"
"N6C1899K","김진태","새누리당","conservative",20,0.716777980327606,0.716777980327606,"v20260312"
"NTT8182Q","김민기","더불어민주당","liberal",20,-0.523774921894073,-0.523774921894073,"v20260312"
"OC037566","김규환","새누리당","conservative",20,0.505045175552368,0.505045175552368,"v20260312"
"OQO34632","이동섭","국민의당","independent",20,-0.09860460460186,-0.09860460460186,"v20260312"
"Q6A9034Q","곽대훈","새누리당","conservative",20,0.670959532260895,0.670959532260895,"v20260312"
"QB390802","김병관","더불어민주당","liberal",20,-0.413518965244293,-0.413518965244293,"v20260312"
"QZF33498","전희경","새누리당","conservative",20,1,1,"v20260312"
"RCF90176","김성식","국민의당","independent",20,-0.187591180205345,-0.187591180205345,"v20260312"
"RH454994","권미혁","더불어민주당","liberal",20,-0.511114478111267,-0.511114478111267,"v20260312"
"RQQ3807K","위성곤","더불어민주당","liberal",20,-0.523252189159393,-0.523252189159393,"v20260312"
"SY09851R","김중로","국민의당","independent",20,0.1118970438838,0.1118970438838,"v20260312"
"TKJ4800F","서영교","더불어민주당","liberal",20,-0.320136100053787,-0.320136100053787,"v20260312"
"TRE2429O","강훈식","더불어민주당","liberal",20,-0.479632437229156,-0.479632437229156,"v20260312"
"TST4507I","안규백","더불어민주당","liberal",20,-0.324032068252563,-0.324032068252563,"v20260312"
"U9G5099O","윤영일","국민의당","independent",20,-0.175181984901428,-0.175181984901428,"v20260312"
"UDB4825U","박주현","국민의당","independent",20,-0.580460667610168,-0.580460667610168,"v20260312"
"UQ282145","이재정","더불어민주당","liberal",20,-0.593552768230438,-0.593552768230438,"v20260312"
"V8I36226","장병완","국민의당","independent",20,-0.195197001099586,-0.195197001099586,"v20260312"
"WV97281W","문진국","새누리당","conservative",20,0.195970892906189,0.195970892906189,"v20260312"
"X9Y63914","이용주","국민의당","independent",20,-0.27882045507431,-0.27882045507431,"v20260312"
"XEF29171","안호영","더불어민주당","liberal",20,-0.222568467259407,-0.222568467259407,"v20260312"
"XQ98168F","강길부","무소속","independent",20,0.0256062280386686,0.0256062280386686,"v20260312"
"XT18076X","박주선","국민의당","independent",20,-0.279594510793686,-0.279594510793686,"v20260312"
"Y3E8697I","민경욱","새누리당","conservative",20,0.473067790269852,0.473067790269852,"v20260312"
"YBM9779M","김한표","새누리당","conservative",20,0.289259523153305,0.289259523153305,"v20260312"
"YLM92014","박순자","새누리당","conservative",20,-0.0449666380882263,-0.0449666380882263,"v20260312"
"ZBX31520","손혜원","더불어민주당","liberal",20,-0.556155860424042,-0.556155860424042,"v20260312"
"ZDR63255","소병훈","더불어민주당","liberal",20,-0.420070350170135,-0.420070350170135,"v20260312"
"ZJI5740K","최운열","더불어민주당","liberal",20,-0.294926792383194,-0.294926792383194,"v20260312"
"ZKU88693","김경협","더불어민주당","liberal",20,-0.571638345718384,-0.571638345718384,"v20260312"
"06X3845L","김종석","새누리당","conservative",20,0.448065280914307,0.448065280914307,"v20260312"
"0AI7568W","장정숙","국민의당","independent",20,-0.477820068597794,-0.477820068597794,"v20260312"
"0GF6251P","정유섭","새누리당","conservative",20,0.434273272752762,0.434273272752762,"v20260312"
"16D7652C","이원욱","더불어민주당","liberal",20,-0.378279060125351,-0.378279060125351,"v20260312"
"16I8621J","최연혜","새누리당","conservative",20,0.620456457138062,0.620456457138062,"v20260312"
"1PZ8289D","송희경","새누리당","conservative",20,0.299290359020233,0.299290359020233,"v20260312"
"1Y73132H","김상훈","새누리당","conservative",20,0.406751573085785,0.406751573085785,"v20260312"
"21N57758","오영훈","더불어민주당","liberal",20,-0.353759258985519,-0.353759258985519,"v20260312"
"24E9427D","박남춘","더불어민주당","liberal",20,-0.273521453142166,-0.273521453142166,"v20260312"
"3249208I","송옥주","더불어민주당","liberal",20,-0.358789771795273,-0.358789771795273,"v20260312"
"3NM5411H","김광수","국민의당","independent",20,-0.544991552829742,-0.544991552829742,"v20260312"
"3TP65086","윤종오","무소속","independent",20,-0.737205922603607,-0.737205922603607,"v20260312"
"4019850M","박정","더불어민주당","liberal",20,-0.404990553855896,-0.404990553855896,"v20260312"
"5CO4531H","유은혜","더불어민주당","liberal",20,-0.487181574106216,-0.487181574106216,"v20260312"
"6AU2417B","박주민","더불어민주당","liberal",20,-0.316775888204575,-0.316775888204575,"v20260312"
"6N28669V","서형수","더불어민주당","liberal",20,-0.440189003944397,-0.440189003944397,"v20260312"
"6QU2958D","김해영","더불어민주당","liberal",20,-0.210481286048889,-0.210481286048889,"v20260312"
"7KD2317D","김순례","새누리당","conservative",20,0.507776200771332,0.507776200771332,"v20260312"
"8BF5855P","박지원","국민의당","independent",20,-0.168712213635445,-0.168712213635445,"v20260312"
"8Q88373R","김병기","더불어민주당","liberal",20,-0.376189470291138,-0.376189470291138,"v20260312"
"8X15119P","윤한홍","새누리당","conservative",20,0.947119772434235,0.947119772434235,"v20260312"
"9D939735","김성원","새누리당","conservative",20,0.259752452373505,0.259752452373505,"v20260312"
"9EA39580","김명연","새누리당","conservative",20,0.4005286693573,0.4005286693573,"v20260312"
"A486635H","안상수","무소속","independent",20,0.533184349536896,0.533184349536896,"v20260312"
"ARP89147","정동영","국민의당","independent",20,-0.291529774665833,-0.291529774665833,"v20260312"
"BQS2021C","김성태","새누리당","conservative",20,0.157925456762314,0.157925456762314,"v20260312"
"C7Z8238W","황영철","새누리당","conservative",20,0.111754611134529,0.111754611134529,"v20260312"
"DBA1057Z","이용호","국민의당","independent",20,-0.381429016590118,-0.381429016590118,"v20260312"
"DCN7433W","정세균","더불어민주당","liberal",20,-0.21834908425808,-0.21834908425808,"v20260312"
"E6U4345C","임종성","더불어민주당","liberal",20,-0.404844701290131,-0.404844701290131,"v20260312"
"EVH1507C","이헌승","새누리당","conservative",20,0.490877896547318,0.490877896547318,"v20260312"
"FYI20317","조승래","더불어민주당","liberal",20,-0.468435347080231,-0.468435347080231,"v20260312"
"G1570880","신동근","더불어민주당","liberal",20,-0.448298066854477,-0.448298066854477,"v20260312"
"GDN7894V","채이배","국민의당","independent",20,0.209913924336433,0.209913924336433,"v20260312"
"GN240959","노회찬","정의당","progressive",20,-0.777529001235962,-0.777529001235962,"v20260312"
"GW55008L","홍의락","무소속","independent",20,-0.523385584354401,-0.523385584354401,"v20260312"
"GXT11570","김성수","더불어민주당","liberal",20,-0.40730819106102,-0.40730819106102,"v20260312"
"HE838063","신보라","새누리당","conservative",20,0.424714207649231,0.424714207649231,"v20260312"
"HSS7466Y","백혜련","더불어민주당","liberal",20,-0.349537312984467,-0.349537312984467,"v20260312"
"IN328264","조정식","더불어민주당","liberal",20,-0.235043779015541,-0.235043779015541,"v20260312"
"JMD3241I","박경미","더불어민주당","liberal",20,-0.379454910755157,-0.379454910755157,"v20260312"
"M0A1658U","윤호중","더불어민주당","liberal",20,-0.257563561201096,-0.257563561201096,"v20260312"
"M6K7940A","오세정","국민의당","independent",20,0.0177914947271347,0.0177914947271347,"v20260312"
"MBS2896E","이현재","새누리당","conservative",20,0.618331909179688,0.618331909179688,"v20260312"
"MC32279F","박선숙","국민의당","independent",20,-0.295846074819565,-0.295846074819565,"v20260312"
"MHK9919B","곽상도","새누리당","conservative",20,0.867189347743988,0.867189347743988,"v20260312"
"MPV9321A","김현권","더불어민주당","liberal",20,-0.505856215953827,-0.505856215953827,"v20260312"
"NNP30098","김기선","새누리당","conservative",20,0.628357708454132,0.628357708454132,"v20260312"
"O8E1566L","최도자","국민의당","independent",20,-0.287686765193939,-0.287686765193939,"v20260312"
"PAO22428","송영길","더불어민주당","liberal",20,-0.397923797369003,-0.397923797369003,"v20260312"
"PP08673W","김경수","더불어민주당","liberal",20,-0.275691241025925,-0.275691241025925,"v20260312"
"QTW6852F","이태규","국민의당","independent",20,0.261237859725952,0.261237859725952,"v20260312"
"QUO78839","박재호","더불어민주당","liberal",20,-0.443645238876343,-0.443645238876343,"v20260312"
"S824682L","박홍근","더불어민주당","liberal",20,-0.465907752513885,-0.465907752513885,"v20260312"
"SSF6805Q","염동열","새누리당","conservative",20,0.322379440069199,0.322379440069199,"v20260312"
"TGL10010","문미옥","더불어민주당","liberal",20,-0.440542995929718,-0.440542995929718,"v20260312"
"TIS61927","양승조","더불어민주당","liberal",20,-0.177514001727104,-0.177514001727104,"v20260312"
"TZP9391O","이철규","무소속","independent",20,0.453098326921463,0.453098326921463,"v20260312"
"UM51067K","인재근","더불어민주당","liberal",20,-0.415617525577545,-0.415617525577545,"v20260312"
"WDS6044S","이채익","새누리당","conservative",20,0.321802616119385,0.321802616119385,"v20260312"
"YKW37422","권은희","국민의당","independent",20,-0.137314558029175,-0.137314558029175,"v20260312"
"YVN3115U","김경진","국민의당","independent",20,-0.27897521853447,-0.27897521853447,"v20260312"
"ZA54991S","안민석","더불어민주당","liberal",20,-0.243017643690109,-0.243017643690109,"v20260312"
"0582116P","이우현","새누리당","conservative",20,0.41442534327507,0.41442534327507,"v20260312"
"23D73143","경대수","새누리당","conservative",20,0.408969670534134,0.408969670534134,"v20260312"
"5HG31863","지상욱","새누리당","conservative",20,0.199589520692825,0.199589520692825,"v20260312"
"6YT83269","이명수","새누리당","conservative",20,0.217577636241913,0.217577636241913,"v20260312"
"7R156073","박범계","더불어민주당","liberal",20,-0.352341771125793,-0.352341771125793,"v20260312"
"8WV8289I","이완영","새누리당","conservative",20,0.333404868841171,0.333404868841171,"v20260312"
"ABT2266H","이용득","더불어민주당","liberal",20,-0.442570269107819,-0.442570269107819,"v20260312"
"BM63269Y","전해철","더불어민주당","liberal",20,-0.261479169130325,-0.261479169130325,"v20260312"
"BWD92364","이찬열","더불어민주당","liberal",20,-0.267063438892365,-0.267063438892365,"v20260312"
"CDL93608","조응천","더불어민주당","liberal",20,-0.283469021320343,-0.283469021320343,"v20260312"
"CI15627C","김두관","더불어민주당","liberal",20,-0.481429994106293,-0.481429994106293,"v20260312"
"CZB4125D","장제원","무소속","independent",20,0.197750732302666,0.197750732302666,"v20260312"
"D0C85236","박완수","새누리당","conservative",20,0.592590153217316,0.592590153217316,"v20260312"
"DVD2735W","이은권","새누리당","conservative",20,0.722503364086151,0.722503364086151,"v20260312"
"E1J8836Y","김정재","새누리당","conservative",20,0.412304490804672,0.412304490804672,"v20260312"
"GD131760","홍문표","새누리당","conservative",20,0.260036885738373,0.260036885738373,"v20260312"
"GDG1847Z","권성동","새누리당","conservative",20,0.774096608161926,0.774096608161926,"v20260312"
"HSW1214Q","이종배","새누리당","conservative",20,0.428440809249878,0.428440809249878,"v20260312"
"I5V5327I","유민봉","새누리당","conservative",20,0.386474102735519,0.386474102735519,"v20260312"
"IDV9108J","진영","더불어민주당","liberal",20,-0.298475533723831,-0.298475533723831,"v20260312"
"IWK63872","조배숙","국민의당","independent",20,-0.11739443987608,-0.11739443987608,"v20260312"
"IYD4143Y","문희상","더불어민주당","liberal",20,-0.19156052172184,-0.19156052172184,"v20260312"
"JMY9959W","윤관석","더불어민주당","liberal",20,-0.289161264896393,-0.289161264896393,"v20260312"
"JOY4394O","황주홍","국민의당","independent",20,-0.187215343117714,-0.187215343117714,"v20260312"
"LPB30152","최인호","더불어민주당","liberal",20,-0.223475411534309,-0.223475411534309,"v20260312"
"MTK2954E","신용현","국민의당","independent",20,0.0282411351799965,0.0282411351799965,"v20260312"
"O6D8329R","민홍철","더불어민주당","liberal",20,-0.357011407613754,-0.357011407613754,"v20260312"
"OSV9142K","이만희","새누리당","conservative",20,0.432082206010818,0.432082206010818,"v20260312"
"OTE19384","박명재","새누리당","conservative",20,0.784321486949921,0.784321486949921,"v20260312"
"OW53107J","설훈","더불어민주당","liberal",20,-0.493255913257599,-0.493255913257599,"v20260312"
"PEP6922S","박용진","더불어민주당","liberal",20,-0.477577060461044,-0.477577060461044,"v20260312"
"PLR62452","김영우","새누리당","conservative",20,0.269163489341736,0.269163489341736,"v20260312"
"Q9H5708M","김진표","더불어민주당","liberal",20,-0.228149220347404,-0.228149220347404,"v20260312"
"QKY38290","여상규","새누리당","conservative",20,0.467042863368988,0.467042863368988,"v20260312"
"R365233W","홍철호","새누리당","conservative",20,0.253496110439301,0.253496110439301,"v20260312"
"SEK1881Q","유재중","새누리당","conservative",20,0.740116000175476,0.740116000175476,"v20260312"
"SNJ6318D","김무성","새누리당","conservative",20,0.729034900665283,0.729034900665283,"v20260312"
"TZD17894","원유철","새누리당","conservative",20,0.255051881074905,0.255051881074905,"v20260312"
"UGH6481E","김상희","더불어민주당","liberal",20,-0.521083891391754,-0.521083891391754,"v20260312"
"V2R7430Z","이춘석","더불어민주당","liberal",20,-0.412183970212936,-0.412183970212936,"v20260312"
"V429892C","정성호","더불어민주당","liberal",20,-0.231280118227005,-0.231280118227005,"v20260312"
"VXQ28579","심재권","더불어민주당","liberal",20,-0.30294543504715,-0.30294543504715,"v20260312"
"WDR7061Y","이종걸","더불어민주당","liberal",20,-0.426406413316727,-0.426406413316727,"v20260312"
"WNN9272X","장석춘","새누리당","conservative",20,0.453568369150162,0.453568369150162,"v20260312"
"WYC63862","신창현","더불어민주당","liberal",20,-0.318364143371582,-0.318364143371582,"v20260312"
"ZGA4092Y","정용기","새누리당","conservative",20,0.347635924816132,0.347635924816132,"v20260312"
"ZL32287Z","김삼화","국민의당","independent",20,0.0150146391242743,0.0150146391242743,"v20260312"
"ZYH1940A","이상민","더불어민주당","liberal",20,-0.395114809274673,-0.395114809274673,"v20260312"
"ZYP7962W","김석기","새누리당","conservative",20,0.318820923566818,0.318820923566818,"v20260312"
"0827740Q","노웅래","더불어민주당","liberal",20,-0.373884618282318,-0.373884618282318,"v20260312"
"25G2571T","전현희","더불어민주당","liberal",20,-0.273400843143463,-0.273400843143463,"v20260312"
"2WQ6656P","김세연","새누리당","conservative",20,0.183713108301163,0.183713108301163,"v20260312"
"39P2522W","민병두","더불어민주당","liberal",20,-0.43134069442749,-0.43134069442749,"v20260312"
"4Y54669I","서청원","새누리당","conservative",20,0.16558176279068,0.16558176279068,"v20260312"
"68P7228G","진선미","더불어민주당","liberal",20,-0.292530238628387,-0.292530238628387,"v20260312"
"7BV5480O","송기석","국민의당","independent",20,-0.0332956798374653,-0.0332956798374653,"v20260312"
"8FB1535Y","어기구","더불어민주당","liberal",20,-0.307548731565475,-0.307548731565475,"v20260312"
"8I61593E","강석호","새누리당","conservative",20,0.634257197380066,0.634257197380066,"v20260312"
"8T51904N","박찬우","새누리당","conservative",20,0.502046406269073,0.502046406269073,"v20260312"
"9S468336","정재호","더불어민주당","liberal",20,-0.431928813457489,-0.431928813457489,"v20260312"
"9UW75767","김성태","새누리당","conservative",20,0.407919079065323,0.407919079065323,"v20260312"
"9XB6464U","김현미","더불어민주당","liberal",20,-0.23770560324192,-0.23770560324192,"v20260312"
"A8O42480","손금주","국민의당","independent",20,-0.167637556791306,-0.167637556791306,"v20260312"
"AMF4093D","김용태","새누리당","conservative",20,0.807416200637817,0.807416200637817,"v20260312"
"BLC8630L","박병석","더불어민주당","liberal",20,-0.238200142979622,-0.238200142979622,"v20260312"
"BN49469V","신경민","더불어민주당","liberal",20,-0.429967701435089,-0.429967701435089,"v20260312"
"BTP28870","이훈","더불어민주당","liberal",20,-0.594174861907959,-0.594174861907959,"v20260312"
"CJX51868","정종섭","새누리당","conservative",20,0.66949337720871,0.66949337720871,"v20260312"
"CYD5815E","정갑윤","새누리당","conservative",20,0.51104599237442,0.51104599237442,"v20260312"
"FRN1867O","홍익표","더불어민주당","liberal",20,-0.472534000873566,-0.472534000873566,"v20260312"
"G152611B","추경호","새누리당","conservative",20,0.776231110095978,0.776231110095978,"v20260312"
"GCA42857","주승용","국민의당","independent",20,-0.137259721755981,-0.137259721755981,"v20260312"
"H337332S","오신환","새누리당","conservative",20,0.192670613527298,0.192670613527298,"v20260312"
"I0S53762","하태경","새누리당","conservative",20,0.131744682788849,0.131744682788849,"v20260312"
"IQN7588X","이은재","새누리당","conservative",20,0.447873622179031,0.447873622179031,"v20260312"
"IUE5875N","이정미","정의당","progressive",20,-0.894701838493347,-0.894701838493347,"v20260312"
"J2O8643H","도종환","더불어민주당","liberal",20,-0.490540981292725,-0.490540981292725,"v20260312"
"JWW6081H","이상돈","국민의당","independent",20,-0.164300307631493,-0.164300307631493,"v20260312"
"K3W33496","박광온","더불어민주당","liberal",20,-0.363115072250366,-0.363115072250366,"v20260312"
"LDY9563L","윤상직","새누리당","conservative",20,0.689570069313049,0.689570069313049,"v20260312"
"M2Q9024I","김종민","더불어민주당","liberal",20,-0.370294541120529,-0.370294541120529,"v20260312"
"M3Z17237","김재경","새누리당","conservative",20,0.258154571056366,0.258154571056366,"v20260312"
"MD083627","정춘숙","더불어민주당","liberal",20,-0.439474284648895,-0.439474284648895,"v20260312"
"MGE7194M","김광림","새누리당","conservative",20,0.644397795200348,0.644397795200348,"v20260312"
"N4R2421C","박덕흠","새누리당","conservative",20,0.388354480266571,0.388354480266571,"v20260312"
"N9X9673B","전혜숙","더불어민주당","liberal",20,-0.342724233865738,-0.342724233865738,"v20260312"
"NQR1206Q","정진석","새누리당","conservative",20,0.534014046192169,0.534014046192169,"v20260312"
"NS06841K","이철우","새누리당","conservative",20,0.195568695664406,0.195568695664406,"v20260312"
"NZF1659U","정운천","새누리당","conservative",20,0.185539856553078,0.185539856553078,"v20260312"
"O0G3169T","백승주","새누리당","conservative",20,0.462876826524734,0.462876826524734,"v20260312"
"P303213F","정병국","새누리당","conservative",20,0.304736405611038,0.304736405611038,"v20260312"
"QZR19240","금태섭","더불어민주당","liberal",20,-0.273216426372528,-0.273216426372528,"v20260312"
"S9U45255","이양수","새누리당","conservative",20,0.392869532108307,0.392869532108307,"v20260312"
"SVH30067","오제세","더불어민주당","liberal",20,-0.273215979337692,-0.273215979337692,"v20260312"
"TWL5801D","김영춘","더불어민주당","liberal",20,-0.448970407247543,-0.448970407247543,"v20260312"
"U013741R","최명길","더불어민주당","liberal",20,-0.58241730928421,-0.58241730928421,"v20260312"
"UIZ3103R","김부겸","더불어민주당","liberal",20,-0.363647013902664,-0.363647013902664,"v20260312"
"URV1689Q","추미애","더불어민주당","liberal",20,-0.349875271320343,-0.349875271320343,"v20260312"
"V0O5343U","우상호","더불어민주당","liberal",20,-0.405645668506622,-0.405645668506622,"v20260312"
"VHK3402G","정우택","새누리당","conservative",20,0.495726644992828,0.495726644992828,"v20260312"
"W4X85128","박대출","새누리당","conservative",20,0.917682588100433,0.917682588100433,"v20260312"
"XPP2564T","한정애","더불어민주당","liberal",20,-0.537114262580872,-0.537114262580872,"v20260312"
"XTB3104O","추혜선","정의당","progressive",20,-0.992978632450104,-0.992978632450104,"v20260312"
"ZRF3039U","윤재옥","새누리당","conservative",20,0.372621357440948,0.372621357440948,"v20260312"
"06571503","정태옥","새누리당","conservative",20,0.529576241970062,0.529576241970062,"v20260312"
"71M8132V","신상진","새누리당","conservative",20,0.547069251537323,0.547069251537323,"v20260312"
"8SV6917G","주호영","무소속","independent",20,0.786067068576813,0.786067068576813,"v20260312"
"9BE5694R","유승희","더불어민주당","liberal",20,-0.405664592981339,-0.405664592981339,"v20260312"
"CAL85655","유기준","새누리당","conservative",20,0.345990628004074,0.345990628004074,"v20260312"
"MO52543L","변재일","더불어민주당","liberal",20,-0.412627249956131,-0.412627249956131,"v20260312"
"MRK4871S","유의동","새누리당","conservative",20,0.202797591686249,0.202797591686249,"v20260312"
"SU53086M","심상정","정의당","progressive",20,-0.911371290683746,-0.911371290683746,"v20260312"
"TO79481Z","최교일","새누리당","conservative",20,0.305061250925064,0.305061250925064,"v20260312"
"VNF2868Z","조원진","새누리당","conservative",20,0.86233377456665,0.86233377456665,"v20260312"
"0135473I","이군현","새누리당","conservative",20,0.395105540752411,0.395105540752411,"v20260312"
"04T3751T","남인순","더불어민주당","liberal",20,-0.458921730518341,-0.458921730518341,"v20260312"
"06L2365K","홍일표","새누리당","conservative",20,0.601654291152954,0.601654291152954,"v20260312"
"64G6894C","김정훈","새누리당","conservative",20,0.217404708266258,0.217404708266258,"v20260312"
"AJV31724","이학재","새누리당","conservative",20,0.478128671646118,0.478128671646118,"v20260312"
"JG77046J","이언주","더불어민주당","liberal",20,-0.120182864367962,-0.120182864367962,"v20260312"
"LCJ77278","이혜훈","새누리당","conservative",20,0.0776347145438194,0.0776347145438194,"v20260312"
"PAB29217","김성찬","새누리당","conservative",20,0.422084301710129,0.422084301710129,"v20260312"
"PWU27609","유승민","무소속","independent",20,0.000167643433087505,0.000167643433087505,"v20260312"
"T2K9554I","홍문종","새누리당","conservative",20,0.616565823554993,0.616565823554993,"v20260312"
"XBT9550Q","우원식","더불어민주당","liberal",20,-0.468027651309967,-0.468027651309967,"v20260312"
"DAN6731C","박성중","새누리당","conservative",20,0.907973229885101,0.907973229885101,"v20260312"
"O149331C","권석창","새누리당","conservative",20,0.304430186748505,0.304430186748505,"v20260312"
"TOU1222X","강창일","더불어민주당","liberal",20,-0.397831290960312,-0.397831290960312,"v20260312"
"9VR65006","윤영석","새누리당","conservative",20,0.628274500370026,0.628274500370026,"v20260312"
"9ZP9014Q","이해찬","무소속","independent",20,-0.360793948173523,-0.360793948173523,"v20260312"
"F5U2979W","김학용","새누리당","conservative",20,0.408559948205948,0.408559948205948,"v20260312"
"FJ03481D","최경환","새누리당","conservative",20,0.79807448387146,0.79807448387146,"v20260312"
"S8431719","박영선","더불어민주당","liberal",20,-0.503504931926727,-0.503504931926727,"v20260312"
"ZX71333R","한선교","새누리당","conservative",20,0.655351459980011,0.655351459980011,"v20260312"
"MSY7784L","윤상현","무소속","independent",20,0.327190816402435,0.327190816402435,"v20260312"
"3SP89633","천정배","국민의당","independent",20,-0.413439065217972,-0.413439065217972,"v20260312"
"GMK1374L","이석현","더불어민주당","liberal",20,-0.260679751634598,-0.260679751634598,"v20260312"
"SLW27496","나경원","새누리당","conservative",20,0.631878733634949,0.631878733634949,"v20260312"
"O7R5461J","윤후덕","더불어민주당","liberal",20,-0.444161862134933,-0.444161862134933,"v20260312"
"TVF3669B","김태흠","새누리당","conservative",20,0.495041459798813,0.495041459798813,"v20260312"
"9414335X","심기준","더불어민주당","liberal",20,-0.328922897577286,-0.328922897577286,"v20260312"
"QZU9232M","김재원","자유한국당","conservative",20,0.646943807601929,0.646943807601929,"v20260312"
"R7N74579","이수혁","더불어민주당","liberal",20,-0.241087660193443,-0.241087660193443,"v20260312"
"6EN68926","송언석","자유한국당","conservative",20,0.398456931114197,0.398456931114197,"v20260312"
"9FL71418","이규희","더불어민주당","liberal",20,-0.304548561573029,-0.304548561573029,"v20260312"
"WVU2479T","이상헌","더불어민주당","liberal",20,-0.284467339515686,-0.284467339515686,"v20260312"
"5DR6334X","윤일규","더불어민주당","liberal",20,-0.437545269727707,-0.437545269727707,"v20260312"
"7W35098M","윤준호","더불어민주당","liberal",20,-0.314532577991486,-0.314532577991486,"v20260312"
"FOK3459D","서삼석","더불어민주당","liberal",20,-0.30967253446579,-0.30967253446579,"v20260312"
"QXD2505Y","이후삼","더불어민주당","liberal",20,-0.348839908838272,-0.348839908838272,"v20260312"
"RD42006Y","송갑석","더불어민주당","liberal",20,-0.468920737504959,-0.468920737504959,"v20260312"
"VE469451","최재성","더불어민주당","liberal",20,-0.325290858745575,-0.325290858745575,"v20260312"
"9LD2641Q","김정호","더불어민주당","liberal",20,-0.42055606842041,-0.42055606842041,"v20260312"
"FJK3396E","맹성규","더불어민주당","liberal",20,-0.304541200399399,-0.304541200399399,"v20260312"
"XSP20229","김성환","더불어민주당","liberal",20,-0.385470449924469,-0.385470449924469,"v20260312"
"BIR8594P","임재훈","바른미래당","independent",20,-0.485369622707367,-0.485369622707367,"v20260312"
"B751170H","여영국","정의당","progressive",20,-0.890790402889252,-0.890790402889252,"v20260312"
"LJK4960Z","정점식","자유한국당","conservative",20,0.205184742808342,0.205184742808342,"v20260312"
"DQL3007B","정은혜","더불어민주당","liberal",20,-0.438424170017242,-0.438424170017242,"v20260312"
"09I2323E","김한정","더불어민주당","liberal",21,-0.361624598503113,-0.347892456788042,"v20260312"
"0VU8517U","황희","더불어민주당","liberal",21,-0.31698340177536,-0.307784090300164,"v20260312"
"0W194007","김영주","더불어민주당","liberal",21,-0.319512695074081,-0.310056561246656,"v20260312"
"14M56632","강기윤","미래통합당","conservative",21,0.472182303667068,0.401250381301977,"v20260312"
"1BX7234U","김경만","더불어시민당","liberal",21,-0.302523732185364,-0.294792643615926,"v20260312"
"1X376850","이영","미래한국당","conservative",21,0.552375376224518,0.473300715515431,"v20260312"
"21N57758","오영훈","더불어민주당","liberal",21,-0.474308550357819,-0.449134573254,"v20260312"
"3ZR4438W","이인영","더불어민주당","liberal",21,-0.457802146673203,-0.434304216164405,"v20260312"
"40S1959J","박영순","더불어민주당","liberal",21,-0.554889500141144,-0.521533399960221,"v20260312"
"4A067125","이광재","더불어민주당","liberal",21,-0.377180397510529,-0.361868732814113,"v20260312"
"6399076T","김민철","더불어민주당","liberal",21,-0.299786001443863,-0.292332899792415,"v20260312"
"8FB1535Y","어기구","더불어민주당","liberal",21,-0.446491718292236,-0.424142239338263,"v20260312"
"A2V51235","배진교","정의당","progressive",21,-0.999563455581665,-0.921055529288236,"v20260312"
"A494529E","천준호","더불어민주당","liberal",21,-0.376860201358795,-0.361581049115128,"v20260312"
"AFH96856","신영대","더불어민주당","liberal",21,-0.354775160551071,-0.341738505107672,"v20260312"
"BM63269Y","전해철","더불어민주당","liberal",21,-0.309764832258224,-0.301298488368899,"v20260312"
"C7E79345","권칠승","더불어민주당","liberal",21,-0.328457772731781,-0.318093363108075,"v20260312"
"CAA7713A","백종헌","미래통합당","conservative",21,0.328807771205902,0.272433980432384,"v20260312"
"CDL93608","조응천","더불어민주당","liberal",21,-0.367116123437881,-0.352826376817209,"v20260312"
"DAN6731C","박성중","미래통합당","conservative",21,1,0.875473904753075,"v20260312"
"DAV7257X","이원택","더불어민주당","liberal",21,-0.361580640077591,-0.347852961864736,"v20260312"
"DPZ7685X","전봉민","미래통합당","conservative",21,0.391257882118225,0.328542958669584,"v20260312"
"FDC3144T","이종성","미래한국당","conservative",21,0.600663959980011,0.516686116365177,"v20260312"
"FU87526G","박수영","미래통합당","conservative",21,0.646638870239258,0.557992772214274,"v20260312"
"G152611B","추경호","미래통합당","conservative",21,0.527723968029022,0.45115239094481,"v20260312"
"GF286398","김병주","더불어시민당","liberal",21,-0.315136343240738,-0.306124580563385,"v20260312"
"GKD32201","이용빈","더불어민주당","liberal",21,-0.434127002954483,-0.413033026982032,"v20260312"
"GX38539O","유동수","더불어민주당","liberal",21,-0.309821993112564,-0.301349845157307,"v20260312"
"HKJ99607","이병훈","더불어민주당","liberal",21,-0.347971767187119,-0.335625922685952,"v20260312"
"I434361W","조태용","미래한국당","conservative",21,0.461910843849182,0.392021877029259,"v20260312"
"JNL7001A","김선교","미래통합당","conservative",21,0.557566583156586,0.477964811583813,"v20260312"
"K5F2023J","이학영","더불어민주당","liberal",21,-0.347565501928329,-0.335260909265945,"v20260312"
"L2I9861C","강대식","미래통합당","conservative",21,0.637313544750214,0.549614332572203,"v20260312"
"LNR7932L","김진애","열린민주당","liberal_minor",21,-1,-0.921447747346941,"v20260312"
"LT72093S","정일영","더불어민주당","liberal",21,-0.3433478474617,-0.331471511949864,"v20260312"
"MR210505","서일준","미래통합당","conservative",21,0.49573940038681,0.422415509880136,"v20260312"
"NQR1206Q","정진석","미래통합당","conservative",21,0.298005133867264,0.244759017444592,"v20260312"
"O7R5461J","윤후덕","더불어민주당","liberal",21,-0.331463754177094,-0.320794119680521,"v20260312"
"Q9H5708M","김진표","더불어민주당","liberal",21,-0.312924087047577,-0.304136955036643,"v20260312"
"QKO6165V","박진","미래통합당","conservative",21,0.44832769036293,0.379817945727638,"v20260312"
"TP066860","정정순","더불어민주당","liberal",21,-0.446578323841095,-0.424220051031231,"v20260312"
"TST4507I","안규백","더불어민주당","liberal",21,-0.356878846883774,-0.343628584867903,"v20260312"
"WJL30106","조정훈","더불어시민당","liberal",21,-0.023354347795248,-0.0439698879089107,"v20260312"
"XR24352K","서영석","더불어민주당","liberal",21,-0.339511334896088,-0.328024555701013,"v20260312"
"XSP20229","김성환","더불어민주당","liberal",21,-0.333055138587952,-0.322223916232864,"v20260312"
"ZYP7962W","김석기","미래통합당","conservative",21,0.433232635259628,0.366255630050254,"v20260312"
"04T3751T","남인순","더불어민주당","liberal",21,-0.381258428096771,-0.365532683543285,"v20260312"
"0827740Q","노웅래","더불어민주당","liberal",21,-0.3390893638134,-0.327645431213492,"v20260312"
"0PK7354M","서동용","더불어민주당","liberal",21,-0.459240943193436,-0.435596918474492,"v20260312"
"0R68099X","이수진","더불어시민당","liberal",21,-0.416963309049606,-0.397612120378187,"v20260312"
"0WL9321T","유정주","더불어시민당","liberal",21,-0.467039495706558,-0.442603612407426,"v20260312"
"0YT3774N","황운하","더불어민주당","liberal",21,-0.482094198465347,-0.456129673084025,"v20260312"
"16D7652C","이원욱","더불어민주당","liberal",21,-0.331727921962738,-0.321031464087427,"v20260312"
"17M85910","소병철","더불어민주당","liberal",21,-0.305082768201828,-0.29709183722917,"v20260312"
"1MU99298","김철민","더불어민주당","liberal",21,-0.370201855897903,-0.355598786552209,"v20260312"
"1WE5693J","김태년","더불어민주당","liberal",21,-0.329378932714462,-0.318920989267039,"v20260312"
"1Y73132H","김상훈","미래통합당","conservative",21,0.380429983139038,0.318814515608358,"v20260312"
"2385336L","정청래","더불어민주당","liberal",21,-0.294983237981796,-0.288017804964964,"v20260312"
"25I8709Q","조오섭","더불어민주당","liberal",21,-0.471619248390198,-0.446718340786674,"v20260312"
"2N793392","홍성국","더불어민주당","liberal",21,-0.296388357877731,-0.289280250147365,"v20260312"
"2NV6751W","장철민","더불어민주당","liberal",21,-0.542061269283295,-0.510007737066918,"v20260312"
"2UD1340H","김성주","더불어민주당","liberal",21,-0.475401520729065,-0.450116564316598,"v20260312"
"3249208I","송옥주","더불어민주당","liberal",21,-0.474422425031662,-0.449236885187528,"v20260312"
"3425169D","정필모","더불어시민당","liberal",21,-0.549715995788574,-0.516885208966038,"v20260312"
"3DK8989T","최춘식","미래통합당","conservative",21,0.467486351728439,0.397031252444105,"v20260312"
"3RW63706","이주환","미래통합당","conservative",21,0.387524038553238,0.325188246495844,"v20260312"
"3TO11703","권인숙","더불어시민당","liberal",21,-0.486539214849472,-0.460123346176312,"v20260312"
"4019850M","박정","더불어민주당","liberal",21,-0.32215690612793,-0.312432281294347,"v20260312"
"4L695580","김원이","더불어민주당","liberal",21,-0.549230456352234,-0.516448970802984,"v20260312"
"4T026790","임오경","더불어민주당","liberal",21,-0.312033087015152,-0.3033364264115,"v20260312"
"4U29186R","문진석","더불어민주당","liberal",21,-0.336175799369812,-0.325027707696756,"v20260312"
"4XG1439M","고영인","더불어민주당","liberal",21,-0.307323962450027,-0.299105462464746,"v20260312"
"52P3934K","김희곤","미래통합당","conservative",21,0.29866349697113,0.245350530902733,"v20260312"
"5765663F","김영진","더불어민주당","liberal",21,-0.316599756479263,-0.307439400030523,"v20260312"
"5KV82250","조경태","미래통합당","conservative",21,0.613248586654663,0.527992910442815,"v20260312"
"5KV96424","강준현","더불어민주당","liberal",21,-0.305409282445908,-0.297385197486623,"v20260312"
"5MD4184K","홍기원","더불어민주당","liberal",21,-0.312018275260925,-0.303323118630563,"v20260312"
"60490713","강병원","더불어민주당","liberal",21,-0.345843285322189,-0.333713565111356,"v20260312"
"66W6739S","허은아","미래한국당","conservative",21,0.572149336338043,0.491066844053309,"v20260312"
"68P7228G","진선미","더불어민주당","liberal",21,-0.351281046867371,-0.338599180841102,"v20260312"
"6AU2417B","박주민","더불어민주당","liberal",21,-0.472291082143784,-0.447321957095889,"v20260312"
"6MO8786S","안병길","미래통합당","conservative",21,0.764909505844116,0.664254305177275,"v20260312"
"6YT83269","이명수","미래통합당","conservative",21,0.323322534561157,0.267505710185467,"v20260312"
"71J2365L","전주혜","미래한국당","conservative",21,0.600635766983032,0.516660786061822,"v20260312"
"7469929V","구자근","미래통합당","conservative",21,0.438186675310135,0.370706640966317,"v20260312"
"7BM2933Y","김영호","더불어민주당","liberal",21,-0.37823823094368,-0.362819154714285,"v20260312"
"7I09543O","이장섭","더불어민주당","liberal",21,-0.321858435869217,-0.312164117459153,"v20260312"
"7JC3239L","윤두현","미래통합당","conservative",21,0.898493111133575,0.784273941532381,"v20260312"
"7O71647Z","양이원영","더불어시민당","liberal",21,-0.59124106168747,-0.55419385397534,"v20260312"
"7R156073","박범계","더불어민주당","liberal",21,-0.348918557167053,-0.33647657639342,"v20260312"
"8348421R","엄태영","미래통합당","conservative",21,0.509738147258759,0.434992835558372,"v20260312"
"8FC9697X","유기홍","더불어민주당","liberal",21,-0.464618355035782,-0.440428312360377,"v20260312"
"8KF7223D","이성만","더불어민주당","liberal",21,-0.389946728944778,-0.373338781500157,"v20260312"
"8P37634C","강득구","더불어민주당","liberal",21,-0.401939570903778,-0.384113880193327,"v20260312"
"8Q88373R","김병기","더불어민주당","liberal",21,-0.343818694353104,-0.331894549436858,"v20260312"
"8SV6917G","주호영","미래통합당","conservative",21,0.626109600067139,0.539548027177228,"v20260312"
"8VY63414","류성걸","미래통합당","conservative",21,0.378201514482498,0.316812323818376,"v20260312"
"9D939735","김성원","미래통합당","conservative",21,0.488829642534256,0.416207363132125,"v20260312"
"9JF4562W","이용선","더불어민주당","liberal",21,-0.396506369113922,-0.379232361225117,"v20260312"
"9L57027L","유경준","미래통합당","conservative",21,0.740391731262207,0.642226045173505,"v20260312"
"9LD2641Q","김정호","더불어민주당","liberal",21,-0.330835342407227,-0.320229516322667,"v20260312"
"9V18755A","양경숙","더불어시민당","liberal",21,-0.359886854887009,-0.346331162223254,"v20260312"
"9YO73104","전재수","더불어민주당","liberal",21,-0.328167915344238,-0.317832937600226,"v20260312"
"A0P4646G","최형두","미래통합당","conservative",21,0.410079717636108,0.345453640556759,"v20260312"
"A3H7195R","박완주","더불어민주당","liberal",21,-0.489236623048782,-0.462546861775258,"v20260312"
"ATB59635","김승원","더불어민주당","liberal",21,-0.329412668943405,-0.318951299947162,"v20260312"
"B7D7534L","김영배","더불어민주당","liberal",21,-0.327786564826965,-0.317490309099463,"v20260312"
"B7H6207C","박대수","미래한국당","conservative",21,0.493557989597321,0.420455597740257,"v20260312"
"B7R2742J","기동민","더불어민주당","liberal",21,-0.34678840637207,-0.334562719350549,"v20260312"
"BLC8630L","박병석","더불어민주당","liberal",21,-0.325170576572418,-0.315139946131345,"v20260312"
"BT62420K","박찬대","더불어민주당","liberal",21,-0.452053397893906,-0.429139190587404,"v20260312"
"CCU1009B","이해식","더불어민주당","liberal",21,-0.431913644075394,-0.41104441073518,"v20260312"
"CFE3998F","이상직","더불어민주당","liberal",21,-0.195717737078667,-0.19883164102527,"v20260312"
"CI15627C","김두관","더불어민주당","liberal",21,-0.581122815608978,-0.545103006245482,"v20260312"
"CNW5754J","송석준","미래통합당","conservative",21,0.336854189634323,0.279663372180327,"v20260312"
"CNZ51556","김예지","미래한국당","conservative",21,0.510326027870178,0.435521023258127,"v20260312"
"CZB4125D","장제원","미래통합당","conservative",21,0.445425897836685,0.377210798817482,"v20260312"
"D4L60530","이수진","더불어민주당","liberal",21,-0.322129517793655,-0.312407673948911,"v20260312"
"D6U6678O","김주영","더불어민주당","liberal",21,-0.372876077890396,-0.358001470252625,"v20260312"
"DAY6557K","정동만","미래통합당","conservative",21,0.412867426872253,0.347958288099853,"v20260312"
"E1J8836Y","김정재","미래통합당","conservative",21,0.404309958219528,0.340269737745229,"v20260312"
"E6U4345C","임종성","더불어민주당","liberal",21,-0.589921712875366,-0.55300847075177,"v20260312"
"E9R4507P","권명호","미래통합당","conservative",21,0.600958406925201,0.51695066541078,"v20260312"
"EH27538E","임이자","미래통합당","conservative",21,0.421757012605667,0.355945232641138,"v20260312"
"EMC8812P","홍석준","미래통합당","conservative",21,0.639614582061768,0.551681724455913,"v20260312"
"EVH1507C","이헌승","미래통합당","conservative",21,0.471201628446579,0.400369283033289,"v20260312"
"F5Y4026Q","신현영","더불어시민당","liberal",21,-0.349630147218704,-0.337115912179036,"v20260312"
"FJK3396E","맹성규","더불어민주당","liberal",21,-0.29823648929596,-0.290940723828035,"v20260312"
"FOK3459D","서삼석","더불어민주당","liberal",21,-0.342530250549316,-0.330736933152588,"v20260312"
"FRN1867O","홍익표","더불어민주당","liberal",21,-0.49568846821785,-0.468343591915405,"v20260312"
"FU53642G","허영","더불어민주당","liberal",21,-0.445685625076294,-0.423417996161594,"v20260312"
"FYI20317","조승래","더불어민주당","liberal",21,-0.37138444185257,-0.356661293705914,"v20260312"
"G1570880","신동근","더불어민주당","liberal",21,-0.416226595640182,-0.396950212239794,"v20260312"
"G7512472","이용우","더불어민주당","liberal",21,-0.505012810230255,-0.476721147942244,"v20260312"
"GAV6441G","장혜영","정의당","progressive",21,-0.981359899044037,-0.90470034684439,"v20260312"
"GDG1847Z","권성동","무소속","independent",21,0.840990364551544,0.732609976338145,"v20260312"
"GE71932C","용혜인","더불어시민당","liberal",21,-0.825496137142181,-0.764662862574788,"v20260312"
"GFF1986K","김병욱","더불어민주당","liberal",21,-0.289522439241409,-0.283111491217783,"v20260312"
"GOC54665","문정복","더불어민주당","liberal",21,-0.366629123687744,-0.352388826619414,"v20260312"
"GP07421U","윤건영","더불어민주당","liberal",21,-0.464951604604721,-0.440727724043367,"v20260312"
"GX22581L","강민국","미래통합당","conservative",21,0.705422043800354,0.610807150889818,"v20260312"
"HSS7466Y","백혜련","더불어민주당","liberal",21,-0.330427348613739,-0.319862949881947,"v20260312"
"HSW1214Q","이종배","미래통합당","conservative",21,0.396453350782394,0.333210883737311,"v20260312"
"HXT76735","박상혁","더불어민주당","liberal",21,-0.366514205932617,-0.352285577518215,"v20260312"
"I0S53762","하태경","미래통합당","conservative",21,0.388991445302963,0.326506653976354,"v20260312"
"I5I2468R","최기상","더불어민주당","liberal",21,-0.405112475156784,-0.38696461036946,"v20260312"
"I7R13867","이개호","더불어민주당","liberal",21,-0.316755533218384,-0.307579359328233,"v20260312"
"ICH23251","최강욱","열린민주당","liberal_minor",21,-0.664503753185272,-0.620017512297103,"v20260312"
"IL74008M","박성준","더불어민주당","liberal",21,-0.289952516555786,-0.283497898836923,"v20260312"
"IN328264","조정식","더불어민주당","liberal",21,-0.303648918867111,-0.295803579771469,"v20260312"
"IOW1101J","김영식","미래통합당","conservative",21,0.683660805225372,0.591255530503869,"v20260312"
"IOW8224X","이형석","더불어민주당","liberal",21,-0.396180808544159,-0.378939857806678,"v20260312"
"J2O8643H","도종환","더불어민주당","liberal",21,-0.453280687332153,-0.430241862069895,"v20260312"
"JC14718Q","윤준병","더불어민주당","liberal",21,-0.525277674198151,-0.49492833436263,"v20260312"
"JEZ3130Q","김형동","미래통합당","conservative",21,0.457832813262939,0.388357926300087,"v20260312"
"JMY9959W","윤관석","더불어민주당","liberal",21,-0.297354370355606,-0.290148174516211,"v20260312"
"JQA21112","한기호","미래통합당","conservative",21,0.918007671833038,0.801807009858423,"v20260312"
"JZY9937U","김윤덕","더불어민주당","liberal",21,-0.334794640541077,-0.323786790594584,"v20260312"
"K3W33496","박광온","더불어민주당","liberal",21,-0.342461913824081,-0.330675535281984,"v20260312"
"KFS1358P","윤영덕","더불어민주당","liberal",21,-0.430337280035019,-0.40962810939731,"v20260312"
"KR14136C","홍영표","더불어민주당","liberal",21,-0.479368269443512,-0.453680532643313,"v20260312"
"KUO3574J","양기대","더불어민주당","liberal",21,-0.297480881214142,-0.290261839566675,"v20260312"
"L7J93733","서범수","미래통합당","conservative",21,0.344040006399155,0.286119547046702,"v20260312"
"L7T64271","김수흥","더불어민주당","liberal",21,-0.319176882505417,-0.309754846808816,"v20260312"
"LM13674V","송재호","더불어민주당","liberal",21,-0.326197504997253,-0.316062601092217,"v20260312"
"LPB30152","최인호","더불어민주당","liberal",21,-0.344947397708893,-0.332908645186265,"v20260312"
"LQW3652K","김웅","미래통합당","conservative",21,0.978656649589539,0.856297740512617,"v20260312"
"M0A1658U","윤호중","더불어민주당","liberal",21,-0.304463565349579,-0.296535507723046,"v20260312"
"M2Q9024I","김종민","더불어민주당","liberal",21,-0.391871422529221,-0.375068043287928,"v20260312"
"M6H1705E","김회재","더불어민주당","liberal",21,-0.293837577104568,-0.286988473546836,"v20260312"
"M7O7878U","신정훈","더불어민주당","liberal",21,-0.437155514955521,-0.415754026376187,"v20260312"
"M7T9712V","최승재","미래한국당","conservative",21,0.675149857997894,0.583608777827401,"v20260312"
"MD083627","정춘숙","더불어민주당","liberal",21,-0.350377827882767,-0.337787673966091,"v20260312"
"MHK9919B","곽상도","미래통합당","conservative",21,0.752926588058472,0.653488122965096,"v20260312"
"MLH1404S","김민석","더불어민주당","liberal",21,-0.34892275929451,-0.336480351840326,"v20260312"
"MNZ4401T","강선우","더불어민주당","liberal",21,-0.515661716461182,-0.486288773031011,"v20260312"
"MRK4871S","유의동","미래통합당","conservative",21,0.606983780860901,0.522364227854309,"v20260312"
"MSY7784L","윤상현","무소속","independent",21,0.26827546954155,0.218048078676321,"v20260312"
"MU69217P","유상범","미래통합당","conservative",21,0.684315264225006,0.591843536277295,"v20260312"
"MY318392","오영환","더불어민주당","liberal",21,-0.368923842906952,-0.354450541944656,"v20260312"
"N4R2421C","박덕흠","미래통합당","conservative",21,0.300705373287201,0.247185076784362,"v20260312"
"N9X9673B","전혜숙","더불어민주당","liberal",21,-0.355355322360992,-0.342259757766657,"v20260312"
"NAL4555X","홍준표","무소속","independent",21,0.567141115665436,0.486567153970758,"v20260312"
"NTT8182Q","김민기","더불어민주당","liberal",21,-0.567885756492615,-0.533210027177321,"v20260312"
"NZF1659U","정운천","미래한국당","conservative",21,0.337440997362137,0.280190595936191,"v20260312"
"O0I2045I","이정문","더불어민주당","liberal",21,-0.301295429468155,-0.293689061741983,"v20260312"
"O6D8329R","민홍철","더불어민주당","liberal",21,-0.437553584575653,-0.416111676335916,"v20260312"
"OFE45081","김용민","더불어민주당","liberal",21,-0.402148067951202,-0.384301206622785,"v20260312"
"OIA3741M","오기형","더불어민주당","liberal",21,-0.434081792831421,-0.41299240745752,"v20260312"
"OSV9142K","이만희","미래통합당","conservative",21,0.479239046573639,0.407590588363037,"v20260312"
"OW53107J","설훈","더불어민주당","liberal",21,-0.42475500702858,-0.404612655780707,"v20260312"
"P0F1530P","김태호","무소속","independent",21,0.396453440189362,0.333210964065968,"v20260312"
"P2N4585G","김승남","더불어민주당","liberal",21,-0.320363342761993,-0.310820834871015,"v20260312"
"P2N50879","강민정","열린민주당","liberal_minor",21,-0.776644885540009,-0.720771926706723,"v20260312"
"PAO22428","송영길","더불어민주당","liberal",21,-0.386392503976822,-0.370145449599479,"v20260312"
"PEP6922S","박용진","더불어민주당","liberal",21,-0.546516358852386,-0.514010460521291,"v20260312"
"PFG2137X","정희용","미래통합당","conservative",21,0.400411576032639,0.336767194065337,"v20260312"
"PO64874I","김홍걸","더불어시민당","liberal",21,-0.536163687705994,-0.504708991051278,"v20260312"
"PZA4062H","양정숙","더불어시민당","liberal",21,-0.415807902812958,-0.396574033136384,"v20260312"
"QD25323M","최혜영","더불어시민당","liberal",21,-0.540054619312286,-0.508204840676372,"v20260312"
"QHL3248U","김남국","더불어민주당","liberal",21,-0.478313565254211,-0.452732922246156,"v20260312"
"QQP4727N","배준영","미래통합당","conservative",21,0.563200116157532,0.483026320297423,"v20260312"
"QUO78839","박재호","더불어민주당","liberal",21,-0.374778181314468,-0.35971043566625,"v20260312"
"RD42006Y","송갑석","더불어민주당","liberal",21,-0.369015723466873,-0.354533093028421,"v20260312"
"RO593601","이동주","더불어시민당","liberal",21,-0.362102091312408,-0.348321465371915,"v20260312"
"RPN2293B","장경태","더불어민주당","liberal",21,-0.327272593975067,-0.317028526423301,"v20260312"
"RQQ3807K","위성곤","더불어민주당","liberal",21,-0.555821478366852,-0.522370745886751,"v20260312"
"S741317G","조명희","미래한국당","conservative",21,0.583550810813904,0.501310622229079,"v20260312"
"S824682L","박홍근","더불어민주당","liberal",21,-0.31898444890976,-0.309581952761502,"v20260312"
"SBK1544B","정찬민","미래통합당","conservative",21,0.406662344932556,0.342383265054605,"v20260312"
"SE233396","윤재갑","더불어민주당","liberal",21,-0.469928592443466,-0.445199352648207,"v20260312"
"SQ36001H","송기헌","더불어민주당","liberal",21,-0.308851897716522,-0.300478252446432,"v20260312"
"SRP7336N","신원식","미래한국당","conservative",21,0.743427574634552,0.64495363151758,"v20260312"
"SU53086M","심상정","정의당","progressive",21,-0.906252503395081,-0.837219294107164,"v20260312"
"SVH3899R","김용판","미래통합당","conservative",21,0.499583601951599,0.425869374393539,"v20260312"
"T465023H","주철현","더불어민주당","liberal",21,-0.271306425333023,-0.266745116314316,"v20260312"
"TJW93720","전용기","더불어시민당","liberal",21,-0.391852498054504,-0.375051040388742,"v20260312"
"TKJ4800F","서영교","더불어민주당","liberal",21,-0.333081185817719,-0.322247318648436,"v20260312"
"TRE2429O","강훈식","더불어민주당","liberal",21,-0.369461089372635,-0.354933236848006,"v20260312"
"TZ228122","민병덕","더불어민주당","liberal",21,-0.416271209716797,-0.396990296239922,"v20260312"
"TZP9391O","이철규","미래통합당","conservative",21,0.593677580356598,0.510409127957626,"v20260312"
"UB114374","한무경","미래한국당","conservative",21,0.820248603820801,0.713974316858269,"v20260312"
"UGH6481E","김상희","더불어민주당","liberal",21,-0.51082307100296,-0.481941439635654,"v20260312"
"UHB5553T","정태호","더불어민주당","liberal",21,-0.348255008459091,-0.33588040387314,"v20260312"
"UQ282145","이재정","더불어민주당","liberal",21,-0.511059165000916,-0.482153560844083,"v20260312"
"USR7059P","정경희","미래한국당","conservative",21,0.908775389194489,0.793512165572665,"v20260312"
"V0O5343U","우상호","더불어민주당","liberal",21,-0.342656672000885,-0.330850517874395,"v20260312"
"V429892C","정성호","더불어민주당","liberal",21,-0.291935652494431,-0.285279668790527,"v20260312"
"VCP96419","허종식","더불어민주당","liberal",21,-0.36876118183136,-0.354304397340314,"v20260312"
"VG24001G","양금희","미래통합당","conservative",21,0.650273561477661,0.561258399906767,"v20260312"
"VRY5522V","민형배","더불어민주당","liberal",21,-0.659326314926147,-0.615365786841987,"v20260312"
"W1Q6753M","이은주","정의당","progressive",21,-0.907405495643616,-0.838255212475213,"v20260312"
"W4X85128","박대출","미래통합당","conservative",21,0.998624980449677,0.874238503552056,"v20260312"
"WCD5518S","고민정","더불어민주당","liberal",21,-0.463653147220612,-0.439561110949449,"v20260312"
"WDS6044S","이채익","미래통합당","conservative",21,0.391521483659744,0.328779794328326,"v20260312"
"WFU14784","서정숙","미래한국당","conservative",21,0.728300333023071,0.631362397523471,"v20260312"
"WHV3448W","양향자","더불어민주당","liberal",21,-0.299816131591797,-0.292359970550017,"v20260312"
"WMG57662","강은미","정의당","progressive",21,-1,-0.921447747346941,"v20260312"
"WTR5885Y","이소영","더불어민주당","liberal",21,-0.529168784618378,-0.498424344645039,"v20260312"
"WVU2479T","이상헌","더불어민주당","liberal",21,-0.362361162900925,-0.348554231045339,"v20260312"
"X1K3667J","김교흥","더불어민주당","liberal",21,-0.346251875162125,-0.33408066707646,"v20260312"
"X3170462","박성민","미래통합당","conservative",21,0.483167976140976,0.411120577667599,"v20260312"
"X7I4680R","김기현","미래통합당","conservative",21,0.39871734380722,0.335244992780567,"v20260312"
"XA42275R","홍정민","더불어민주당","liberal",21,-0.307821840047836,-0.299552785982545,"v20260312"
"XBT9550Q","우원식","더불어민주당","liberal",21,-0.411410093307495,-0.392622773575296,"v20260312"
"XEF29171","안호영","더불어민주당","liberal",21,-0.361312806606293,-0.347612323982869,"v20260312"
"XJC13432","태영호","미래통합당","conservative",21,0.368858098983765,0.308417631011256,"v20260312"
"XPP2564T","한정애","더불어민주당","liberal",21,-0.384009063243866,-0.368004021469706,"v20260312"
"XWX1513T","윤영찬","더불어민주당","liberal",21,-0.348245114088058,-0.335871514168369,"v20260312"
"Z7Y7827F","최종윤","더불어민주당","liberal",21,-0.324522912502289,-0.314558045335894,"v20260312"
"ZA54991S","안민석","더불어민주당","liberal",21,-0.378095358610153,-0.362690789519485,"v20260312"
"ZDP5704Q","윤주경","미래한국당","conservative",21,0.715922772884369,0.620241644616769,"v20260312"
"ZDR63255","소병훈","더불어민주당","liberal",21,-0.584513068199158,-0.548149015388173,"v20260312"
"ZKU88693","김경협","더불어민주당","liberal",21,-0.547481298446655,-0.514877420946246,"v20260312"
"ZRF3039U","윤재옥","미래통합당","conservative",21,0.542117476463318,0.464084394422445,"v20260312"
"0767470D","이낙연","더불어민주당","liberal",21,-0.684262096881866,-0.637769610096125,"v20260312"
"3C23171A","진성준","더불어민주당","liberal",21,-0.584364593029022,-0.548015616264165,"v20260312"
"40E3739H","윤창현","미래한국당","conservative",21,0.386870265007019,0.324600856575459,"v20260312"
"4X525582","배현진","미래통합당","conservative",21,0.604504704475403,0.520136874837153,"v20260312"
"5K93695T","김승수","미래통합당","conservative",21,0.654928088188171,0.565440309819964,"v20260312"
"5UN9725L","이용","미래한국당","conservative",21,0.379263460636139,0.317766440836797,"v20260312"
"6U243644","박형수","미래통합당","conservative",21,0.383775353431702,0.321820199764947,"v20260312"
"AE685067","이규민","더불어민주당","liberal",21,-0.41964402794838,-0.400020641294387,"v20260312"
"BCQ55105","한준호","더불어민주당","liberal",21,-0.496545642614365,-0.469113729531767,"v20260312"
"FH777496","임호선","더불어민주당","liberal",21,-0.447921186685562,-0.425426560691743,"v20260312"
"H5476989","한병도","더불어민주당","liberal",21,-0.327748835086823,-0.317456410405967,"v20260312"
"J9S37905","황보승희","미래통합당","conservative",21,0.50846529006958,0.433849223236739,"v20260312"
"NCP9875N","류호정","정의당","progressive",21,-0.983751833438873,-0.906849406196633,"v20260312"
"UM51067K","인재근","더불어민주당","liberal",21,-0.391649186611176,-0.374868373021423,"v20260312"
"ZYH1940A","이상민","더불어민주당","liberal",21,-0.502296209335327,-0.474280388458139,"v20260312"
"3BC6890E","김미애","미래통합당","conservative",21,0.732075989246368,0.634754676732736,"v20260312"
"6AR6743G","김희국","미래통합당","conservative",21,0.348971903324127,0.290550663231906,"v20260312"
"8X15119P","윤한홍","미래통합당","conservative",21,0.804504752159119,0.699829082889106,"v20260312"
"FGI27280","하영제","미래통합당","conservative",21,0.465125054121017,0.394909719045191,"v20260312"
"Z6R3959C","조해진","미래통합당","conservative",21,0.379467338323593,0.31794961695228,"v20260312"
"6V37131U","고용진","더불어민주당","liberal",21,-0.375444948673248,-0.360309500018202,"v20260312"
"7XY7109I","성일종","미래통합당","conservative",21,0.486854553222656,0.414432822757702,"v20260312"
"8VJ8533R","최연숙","국민의당","independent",21,0.462808400392532,0.392828296422624,"v20260312"
"CT85313K","서병수","미래통합당","conservative",21,0.501535356044769,0.427622948988335,"v20260312"
"D0C85236","박완수","미래통합당","conservative",21,0.411210685968399,0.346469771298825,"v20260312"
"DBA1057Z","이용호","무소속","independent",21,0.274140387773514,0.223317477955728,"v20260312"
"GD131760","홍문표","미래통합당","conservative",21,0.24194124341011,0.194387808112881,"v20260312"
"IUL4848V","윤희숙","미래통합당","conservative",21,0.662257075309753,0.57202511764333,"v20260312"
"KB04377U","김병욱","미래통합당","conservative",21,0.419779092073441,0.354168148525893,"v20260312"
"LG63087O","권영세","미래통합당","conservative",21,0.280388742685318,0.228931380071241,"v20260312"
"LH97552Q","김도읍","미래통합당","conservative",21,0.416802644729614,0.351493927186664,"v20260312"
"LJK4960Z","정점식","미래통합당","conservative",21,0.536438226699829,0.458981810988597,"v20260312"
"MO52543L","변재일","더불어민주당","liberal",21,-0.323951780796051,-0.314044905871324,"v20260312"
"QTW6852F","이태규","국민의당","independent",21,0.42464753985405,0.35854225814044,"v20260312"
"Y7K5946R","지성호","미래한국당","conservative",21,0.506211936473846,0.431824673303733,"v20260312"
"YKW37422","권은희","국민의당","independent",21,0.143503755331039,0.105945581259071,"v20260312"
"YLS4431M","조수진","미래한국당","conservative",21,0.537914931774139,0.460308572649494,"v20260312"
"KNM3215T","윤미향","더불어시민당","liberal",21,-0.781806409358978,-0.725409353660791,"v20260312"
"9VR65006","윤영석","미래통합당","conservative",21,0.327668607234955,0.27141048623004,"v20260312"
"QUM8288K","이달곤","미래통합당","conservative",21,0.47691023349762,0.40549824104304,"v20260312"
"S9U45255","이양수","미래통합당","conservative",21,0.418414562940598,0.352942172554029,"v20260312"
"TVF3669B","김태흠","미래통합당","conservative",21,0.805885255336761,0.701069410914455,"v20260312"
"L5P27909","김은혜","미래통합당","conservative",21,0.780834138393402,0.678561963692049,"v20260312"
"6EN68926","송언석","미래통합당","conservative",21,0.630471587181091,0.54346710172285,"v20260312"
"9S151177","이탄희","더불어민주당","liberal",21,-0.630782425403595,-0.589720220282874,"v20260312"
"FIC9046Z","김의겸","열린민주당","liberal_minor",21,-0.559735000133514,-0.525886891885991,"v20260312"
"6RM29022","최재형","국민의힘","conservative",21,0.627245306968689,0.540568415338146,"v20260312"
"F5U2979W","김학용","국민의힘","conservative",21,0.414657920598984,0.349566976572609,"v20260312"
"NLR6572J","임병헌","무소속","independent",21,0.267363011837006,0.217228271173361,"v20260312"
"VHK3402G","정우택","국민의힘","conservative",21,0.505610704421997,0.431284489857781,"v20260312"
"MQU41854","조은희","국민의힘","conservative",21,0.494858592748642,0.421624138721956,"v20260312"
"JVB6983V","노용호","국민의힘","conservative",21,0.499601006507874,0.425885011705546,"v20260312"
"KFM1081G","장동혁","국민의힘","conservative",21,0.507720232009888,0.433179817756972,"v20260312"
"LBC8144B","김영선","국민의힘","conservative",21,0.477002590894699,0.405581220546312,"v20260312"
"6RD62559","박정하","국민의힘","conservative",21,0.444891393184662,0.376730567326297,"v20260312"
"DWK26447","이인선","국민의힘","conservative",21,0.606898486614227,0.522287594314985,"v20260312"
"IUD9392R","이재명","더불어민주당","liberal",21,-0.320814728736877,-0.311226387486877,"v20260312"
"NUB4941Z","김한규","더불어민주당","liberal",21,-0.409597635269165,-0.390994351028997,"v20260312"
"YTA7297R","최영희","국민의힘","conservative",21,0.353209644556046,0.294358107719721,"v20260312"
"YOG1280B","안철수","국민의힘","conservative",21,0.343559294939041,0.285687646631156,"v20260312"
"6FS10566","강성희","진보당","progressive",21,-0.800596415996552,-0.74229143854587,"v20260312"
"NCO99988","허숙정","더불어민주당","liberal",21,-0.488280177116394,-0.461687532572772,"v20260312"
"F0I5053J","우신구","국민의힘","conservative",21,1,0.875473904753075,"v20260312"
"0YT3774N","황운하","조국혁신당","rebuilding",22,-0.594690322875977,-0.427575468450357,"v20260312"
"2NV6751W","장철민","더불어민주당","liberal",22,-0.511938869953156,-0.373593039600397,"v20260312"
"3LP22204","이재강","더불어민주당","liberal",22,-0.513387203216553,-0.374537851378086,"v20260312"
"4019850M","박정","더불어민주당","liberal",22,-0.47299125790596,-0.348185791486283,"v20260312"
"5MD4184K","홍기원","더불어민주당","liberal",22,-0.488659560680389,-0.358406917639912,"v20260312"
"5TQ6306B","박수현","더불어민주당","liberal",22,-0.525717377662659,-0.382581368938622,"v20260312"
"6I88973D","부승찬","더불어민주당","liberal",22,-0.537013828754425,-0.389950543083359,"v20260312"
"7R156073","박범계","더불어민주당","liberal",22,-0.525143027305603,-0.38220669482488,"v20260312"
"86R9476S","김문수","더불어민주당","liberal",22,-0.488273680210114,-0.358155190760256,"v20260312"
"88O1334C","김성회","더불어민주당","liberal",22,-0.484567910432816,-0.355737753406934,"v20260312"
"8A05621B","김준형","조국혁신당","rebuilding",22,-0.767279744148254,-0.540163173258101,"v20260312"
"8BF5855P","박지원","더불어민주당","liberal",22,-0.489520877599716,-0.358968792720924,"v20260312"
"8O34202I","김영환","더불어민주당","liberal",22,-0.542484819889069,-0.393519512318741,"v20260312"
"8Q88373R","김병기","더불어민주당","liberal",22,-0.479526966810226,-0.35244932316394,"v20260312"
"95J3282H","이광희","더불어민주당","liberal",22,-0.620455622673035,-0.444383311865382,"v20260312"
"9YO73104","전재수","더불어민주당","liberal",22,-0.526532351970673,-0.383113012686774,"v20260312"
"ATB59635","김승원","더불어민주당","liberal",22,-0.485504478216171,-0.35634871795127,"v20260312"
"BCQ55105","한준호","더불어민주당","liberal",22,-0.552445828914642,-0.400017518601462,"v20260312"
"D9I3309M","문대림","더불어민주당","liberal",22,-0.515831232070923,-0.376132199381394,"v20260312"
"DMP1439I","김재원","조국혁신당","rebuilding",22,-0.6811763048172,-0.483994095577247,"v20260312"
"FU53642G","허영","더불어민주당","liberal",22,-0.487222492694855,-0.357469454700693,"v20260312"
"GJ56729D","복기왕","더불어민주당","liberal",22,-0.528346419334412,-0.384296408976908,"v20260312"
"HSS7466Y","백혜련","더불어민주당","liberal",22,-0.499777585268021,-0.365659696292798,"v20260312"
"I7R13867","이개호","더불어민주당","liberal",22,-0.47072622179985,-0.346708208360888,"v20260312"
"JG77046J","이언주","더불어민주당","liberal",22,-0.484833598136902,-0.355911073234871,"v20260312"
"JSA8739I","손명수","더불어민주당","liberal",22,-0.505312085151672,-0.369270095091088,"v20260312"
"M0A1658U","윤호중","더불어민주당","liberal",22,-0.48566061258316,-0.356450571297155,"v20260312"
"M7O7878U","신정훈","더불어민주당","liberal",22,-0.472091197967529,-0.347598642622173,"v20260312"
"MDC3257K","백승아","더불어민주연합","liberal",22,-0.484409302473068,-0.355634286427205,"v20260312"
"N2P9317N","이성윤","더불어민주당","liberal",22,-0.496651858091354,-0.363620646355195,"v20260312"
"NUB4941Z","김한규","더불어민주당","liberal",22,-0.488371014595032,-0.358218686279947,"v20260312"
"P8A4624C","전종덕","더불어민주연합","liberal",22,-0.991074919700623,-0.686154653945304,"v20260312"
"QWL7778X","이준석","개혁신당","centrist",22,0.219280555844307,0.10341369844002,"v20260312"
"RG972910","송재봉","더불어민주당","liberal",22,-0.514951586723328,-0.37555836785684,"v20260312"
"RKS3658I","이재관","더불어민주당","liberal",22,-0.477578699588776,-0.351178382377429,"v20260312"
"RUZ25800","노종면","더불어민주당","liberal",22,-0.58025711774826,-0.41816005106052,"v20260312"
"T6A6557F","황정아","더불어민주당","liberal",22,-0.562083065509796,-0.406304313822971,"v20260312"
"TKJ4800F","서영교","더불어민주당","liberal",22,-0.48729857802391,-0.357519088522423,"v20260312"
"UHB5553T","정태호","더불어민주당","liberal",22,-0.476762026548386,-0.350645630471095,"v20260312"
"W8W95421","이상식","더불어민주당","liberal",22,-0.476386368274689,-0.350400571981903,"v20260312"
"XBT9550Q","우원식","더불어민주당","liberal",22,-0.483066558837891,-0.354758355429144,"v20260312"
"XEF29171","안호영","더불어민주당","liberal",22,-0.510598182678223,-0.372718450056977,"v20260312"
"XSP20229","김성환","더불어민주당","liberal",22,-0.59556120634079,-0.428143584211657,"v20260312"
"YOG1280B","안철수","국민의힘","conservative",22,0.620490849018097,0.36514089887148,"v20260312"
"ZDR63255","소병훈","더불어민주당","liberal",22,-0.516836285591125,-0.376787840197699,"v20260312"
"04T3751T","남인순","더불어민주당","liberal",22,-0.522910237312317,-0.380750147263571,"v20260312"
"0698755I","이해민","조국혁신당","rebuilding",22,-0.653222799301147,-0.465758788892848,"v20260312"
"0R68099X","이수진","더불어민주당","liberal",22,-0.58958375453949,-0.42424422830707,"v20260312"
"0VU8517U","황희","더불어민주당","liberal",22,-0.488604605197906,-0.358371067750656,"v20260312"
"1A82234K","박은정","조국혁신당","rebuilding",22,-0.509586751461029,-0.372058648787147,"v20260312"
"1JI2689F","박용갑","더불어민주당","liberal",22,-0.477744519710541,-0.351286554169088,"v20260312"
"1S05899F","채현일","더불어민주당","liberal",22,-0.477591723203659,-0.351186878256824,"v20260312"
"1WE5693J","김태년","더불어민주당","liberal",22,-0.476033717393875,-0.350170522231596,"v20260312"
"2385336L","정청래","더불어민주당","liberal",22,-0.484431356191635,-0.355648673042199,"v20260312"
"25G2571T","전현희","더불어민주당","liberal",22,-0.477087736129761,-0.350858105221463,"v20260312"
"2S73768V","이훈기","더불어민주당","liberal",22,-0.531498730182648,-0.386352800617989,"v20260312"
"3249208I","송옥주","더불어민주당","liberal",22,-0.555678129196167,-0.402126090883956,"v20260312"
"3C23171A","진성준","더불어민주당","liberal",22,-0.631498456001282,-0.451587039937686,"v20260312"
"3CC88975","김기표","더불어민주당","liberal",22,-0.47404682636261,-0.348874385427473,"v20260312"
"3OQ8273H","양문석","더불어민주당","liberal",22,-0.611084997653961,-0.43827043915433,"v20260312"
"3TP65086","윤종오","진보당","progressive",22,-0.967478156089783,-0.670761442494388,"v20260312"
"3UI95829","김우영","더불어민주당","liberal",22,-0.523485422134399,-0.381125365735718,"v20260312"
"3ZR4438W","이인영","더불어민주당","liberal",22,-0.500554084777832,-0.366166241230196,"v20260312"
"43Q3892U","박희승","더불어민주당","liberal",22,-0.509105265140533,-0.371744553987354,"v20260312"
"4L695580","김원이","더불어민주당","liberal",22,-0.643157780170441,-0.459192932223194,"v20260312"
"4T026790","임오경","더불어민주당","liberal",22,-0.506424486637115,-0.369995763727946,"v20260312"
"4U29186R","문진석","더불어민주당","liberal",22,-0.489928662776947,-0.359234809008716,"v20260312"
"51A45980","서미화","더불어민주연합","liberal",22,-0.512261390686035,-0.373803434124002,"v20260312"
"5762459L","이정헌","더불어민주당","liberal",22,-0.486624836921692,-0.357079577434349,"v20260312"
"5765663F","김영진","더불어민주당","liberal",22,-0.482908546924591,-0.354655277276847,"v20260312"
"57B28032","김재섭","국민의힘","conservative",22,0.62398761510849,0.367421993885675,"v20260312"
"5KV96424","강준현","더불어민주당","liberal",22,-0.480910748243332,-0.353352024930714,"v20260312"
"5N65159P","김윤","더불어민주연합","liberal",22,-0.496989190578461,-0.363840703240493,"v20260312"
"68P7228G","진선미","더불어민주당","liberal",22,-0.488391369581223,-0.358231964736759,"v20260312"
"6AU2417B","박주민","더불어민주당","liberal",22,-0.490765422582626,-0.359780664399517,"v20260312"
"6K79158C","이용우","더불어민주당","liberal",22,-0.597525119781494,-0.429424731718265,"v20260312"
"6VC83722","김현정","더불어민주당","liberal",22,-0.470633536577225,-0.346647745695169,"v20260312"
"6WK3815W","김태선","더불어민주당","liberal",22,-0.522335588932037,-0.380375278736113,"v20260312"
"7BM2933Y","김영호","더불어민주당","liberal",22,-0.482572674751282,-0.354436173018759,"v20260312"
"7GW5372Y","김선민","조국혁신당","rebuilding",22,-0.621935486793518,-0.445348692614239,"v20260312"
"7YC6702R","이건태","더불어민주당","liberal",22,-0.478861778974533,-0.352015391749519,"v20260312"
"7YL9580G","김현","더불어민주당","liberal",22,-0.478580325841904,-0.351831787435998,"v20260312"
"80C5885Z","서왕진","조국혁신당","rebuilding",22,-0.675002217292786,-0.479966465502752,"v20260312"
"8FB1535Y","어기구","더불어민주당","liberal",22,-0.502254247665405,-0.367275332598022,"v20260312"
"8JG4358H","한민수","더불어민주당","liberal",22,-0.476924002170563,-0.350751294325816,"v20260312"
"8P37634C","강득구","더불어민주당","liberal",22,-0.484609067440033,-0.355764601941133,"v20260312"
"8TU8443O","조계원","더불어민주당","liberal",22,-0.535663485527039,-0.389069654535536,"v20260312"
"9HE7226N","정진욱","더불어민주당","liberal",22,-0.507892429828644,-0.370953367928157,"v20260312"
"9JF4562W","이용선","더불어민주당","liberal",22,-0.493272215127945,-0.361415955931443,"v20260312"
"9LD2641Q","김정호","더불어민주당","liberal",22,-0.526788353919983,-0.383280014068936,"v20260312"
"A494529E","천준호","더불어민주당","liberal",22,-0.495156615972519,-0.362645233858586,"v20260312"
"AEO5706C","이강일","더불어민주당","liberal",22,-0.501358211040497,-0.366690808319081,"v20260312"
"AFH96856","신영대","더불어민주당","liberal",22,-0.535261571407318,-0.388807468197952,"v20260312"
"ARP89147","정동영","더불어민주당","liberal",22,-0.52538788318634,-0.382366425134059,"v20260312"
"B7D7534L","김영배","더불어민주당","liberal",22,-0.515817821025848,-0.376123450764168,"v20260312"
"BNV6535N","정혜경","더불어민주연합","liberal",22,-0.964822292327881,-0.66902890522165,"v20260312"
"BRU2690F","오세희","더불어민주연합","liberal",22,-0.520455956459045,-0.379149111428429,"v20260312"
"BT62420K","박찬대","더불어민주당","liberal",22,-0.503784239292145,-0.368273413733933,"v20260312"
"C7E79345","권칠승","더불어민주당","liberal",22,-0.488963842391968,-0.358605414044089,"v20260312"
"CCU1009B","이해식","더불어민주당","liberal",22,-0.503746151924133,-0.368248567661011,"v20260312"
"CIZ8557P","장종태","더불어민주당","liberal",22,-0.499343454837799,-0.365376493832499,"v20260312"
"CK143054","양부남","더불어민주당","liberal",22,-0.504625499248505,-0.368822204771849,"v20260312"
"CST4991F","임광현","더불어민주연합","liberal",22,-0.495733320713043,-0.363021443840685,"v20260312"
"D6U6678O","김주영","더불어민주당","liberal",22,-0.483336359262466,-0.354934358166364,"v20260312"
"DAV7257X","이원택","더불어민주당","liberal",22,-0.487539917230606,-0.357676524749752,"v20260312"
"E2B3753X","박해철","더불어민주당","liberal",22,-0.521457076072693,-0.379802185983681,"v20260312"
"EB16073M","안도걸","더불어민주당","liberal",22,-0.478436201810837,-0.351737768962874,"v20260312"
"EBH1101V","이연희","더불어민주당","liberal",22,-0.552579164505005,-0.400104499298063,"v20260312"
"EFU76868","권향엽","더불어민주당","liberal",22,-0.563783228397369,-0.407413405190797,"v20260312"
"EMH4976E","박지혜","더불어민주당","liberal",22,-0.562601029872894,-0.40664220486162,"v20260312"
"FH777496","임호선","더불어민주당","liberal",22,-0.588944017887115,-0.423826899824007,"v20260312"
"FIE6569O","곽상언","더불어민주당","liberal",22,-0.551152467727661,-0.399173801956165,"v20260312"
"FJK3396E","맹성규","더불어민주당","liberal",22,-0.480698883533478,-0.353213816219911,"v20260312"
"FOK3459D","서삼석","더불어민주당","liberal",22,-0.502974450588226,-0.367745152784442,"v20260312"
"FYI20317","조승래","더불어민주당","liberal",22,-0.499439984560013,-0.365439464435156,"v20260312"
"GE71932C","용혜인","더불어민주연합","liberal",22,-1,-0.691976878150729,"v20260312"
"GF286398","김병주","더불어민주당","liberal",22,-0.473672121763229,-0.348629949062173,"v20260312"
"GOC54665","문정복","더불어민주당","liberal",22,-0.485327243804932,-0.356233100114283,"v20260312"
"GP07421U","윤건영","더불어민주당","liberal",22,-0.493635356426239,-0.361652849044558,"v20260312"
"GRP3908I","문금주","더불어민주당","liberal",22,-0.556546330451965,-0.40269245692181,"v20260312"
"GX38539O","유동수","더불어민주당","liberal",22,-0.539636611938477,-0.391661500433606,"v20260312"
"H5476989","한병도","더불어민주당","liberal",22,-0.485214173793793,-0.35615933955038,"v20260312"
"HFV52269","이병진","더불어민주당","liberal",22,-0.48040634393692,-0.35302297971615,"v20260312"
"HHB5652A","허성무","더불어민주당","liberal",22,-0.520819008350372,-0.379385946217428,"v20260312"
"HVV5250J","박정현","더불어민주당","liberal",22,-0.558030664920807,-0.403660753876409,"v20260312"
"HXT76735","박상혁","더불어민주당","liberal",22,-0.476244360208511,-0.350307933846163,"v20260312"
"I5I2468R","최기상","더불어민주당","liberal",22,-0.515383899211884,-0.37584038439347,"v20260312"
"IC499858","정준호","더불어민주당","liberal",22,-0.483009517192841,-0.354721144643875,"v20260312"
"IL74008M","박성준","더불어민주당","liberal",22,-0.479084402322769,-0.352160618795475,"v20260312"
"IN328264","조정식","더불어민주당","liberal",22,-0.47573971748352,-0.349978733100626,"v20260312"
"IUD9392R","이재명","더불어민주당","liberal",22,-0.500891029834747,-0.366386045377662,"v20260312"
"IUX1829H","김남근","더불어민주당","liberal",22,-0.548699617385864,-0.39757369930686,"v20260312"
"IWR8966I","박균택","더불어민주당","liberal",22,-0.473344743251801,-0.348416385594995,"v20260312"
"J1G57517","모경종","더불어민주당","liberal",22,-0.495672941207886,-0.362982055621796,"v20260312"
"JC14718Q","윤준병","더불어민주당","liberal",22,-0.579690396785736,-0.417790353937911,"v20260312"
"JZY9937U","김윤덕","더불어민주당","liberal",22,-0.50711178779602,-0.370444120640104,"v20260312"
"K5F2023J","이학영","더불어민주당","liberal",22,-0.470664203166962,-0.34666775086656,"v20260312"
"KNP22261","차규근","조국혁신당","rebuilding",22,-0.607050180435181,-0.43563834961702,"v20260312"
"LT72093S","정일영","더불어민주당","liberal",22,-0.48923459649086,-0.358782038905201,"v20260312"
"M4O5221T","박민규","더불어민주당","liberal",22,-0.475802898406982,-0.350019948808447,"v20260312"
"MIS62075","김동아","더불어민주당","liberal",22,-0.591497957706451,-0.425492947605826,"v20260312"
"MLH1404S","김민석","더불어민주당","liberal",22,-0.491691261529922,-0.360384630050073,"v20260312"
"MNZ4401T","강선우","더불어민주당","liberal",22,-0.508258998394012,-0.371192496799007,"v20260312"
"MQK9493H","윤종군","더불어민주당","liberal",22,-0.505019187927246,-0.369079025290867,"v20260312"
"NA61091D","정을호","더불어민주연합","liberal",22,-0.479533433914185,-0.35245354194158,"v20260312"
"NB64509Z","김용만","더불어민주당","liberal",22,-0.490348964929581,-0.359508990672586,"v20260312"
"NPD75153","신장식","조국혁신당","rebuilding",22,-0.738424837589264,-0.52133984284787,"v20260312"
"NXB3178C","김남희","더불어민주당","liberal",22,-0.490635097026825,-0.35969564728145,"v20260312"
"O0I2045I","이정문","더불어민주당","liberal",22,-0.479496479034424,-0.352429434640779,"v20260312"
"O6D8329R","민홍철","더불어민주당","liberal",22,-0.482354670763016,-0.354293959385404,"v20260312"
"O7R5461J","윤후덕","더불어민주당","liberal",22,-0.527774095535278,-0.383923056876436,"v20260312"
"OFE45081","김용민","더불어민주당","liberal",22,-0.487031996250153,-0.357345185453337,"v20260312"
"OIA3741M","오기형","더불어민주당","liberal",22,-0.482285261154175,-0.354248680430915,"v20260312"
"Q129715Y","강유정","더불어민주연합","liberal",22,-0.543978214263916,-0.39449371945031,"v20260312"
"QUR40502","전진숙","더불어민주당","liberal",22,-0.538631319999695,-0.391005704086329,"v20260312"
"RC885085","차지호","더불어민주당","liberal",22,-0.563722491264343,-0.407373783675448,"v20260312"
"RJH6314D","황명선","더불어민주당","liberal",22,-0.500961899757385,-0.36643227695936,"v20260312"
"RPN2293B","장경태","더불어민주당","liberal",22,-0.494458168745041,-0.362189605873444,"v20260312"
"RQQ3807K","위성곤","더불어민주당","liberal",22,-0.578901827335358,-0.417275935245009,"v20260312"
"S824682L","박홍근","더불어민주당","liberal",22,-0.482688963413239,-0.354512033250796,"v20260312"
"SQ36001H","송기헌","더불어민주당","liberal",22,-0.480812400579453,-0.353287868404388,"v20260312"
"T3E4932G","조국","조국혁신당","rebuilding",22,-0.602531313896179,-0.432690493321957,"v20260312"
"T465023H","주철현","더불어민주당","liberal",22,-0.472352385520935,-0.347769026802997,"v20260312"
"T4I4862D","한창민","더불어민주연합","liberal",22,-0.90712183713913,-0.631388348991874,"v20260312"
"T9E37304","위성락","더불어민주연합","liberal",22,-0.483975946903229,-0.355351589442568,"v20260312"
"TJW93720","전용기","더불어민주당","liberal",22,-0.551313936710358,-0.399279135307569,"v20260312"
"TRE2429O","강훈식","더불어민주당","liberal",22,-0.488523334264755,-0.358318051130265,"v20260312"
"TST4507I","안규백","더불어민주당","liberal",22,-0.49183264374733,-0.360476859917009,"v20260312"
"TZ228122","민병덕","더불어민주당","liberal",22,-0.51411896944046,-0.375015214816693,"v20260312"
"URV1689Q","추미애","더불어민주당","liberal",22,-0.537878632545471,-0.39051469280485,"v20260312"
"URX8075K","염태영","더불어민주당","liberal",22,-0.520797967910767,-0.379372220609069,"v20260312"
"V2R7430Z","이춘석","더불어민주당","liberal",22,-0.530960381031036,-0.386001611681157,"v20260312"
"V429892C","정성호","더불어민주당","liberal",22,-0.480041980743408,-0.352785289506799,"v20260312"
"VCP96419","허종식","더불어민주당","liberal",22,-0.481617271900177,-0.353812921527563,"v20260312"
"VRY5522V","민형배","더불어민주당","liberal",22,-0.632018327713013,-0.451926175224118,"v20260312"
"VZA76236","박선원","더불어민주당","liberal",22,-0.524955868721008,-0.382084603011145,"v20260312"
"W3U3344O","이기헌","더불어민주당","liberal",22,-0.554816901683807,-0.401564274127059,"v20260312"
"W8L9421K","안태준","더불어민주당","liberal",22,-0.515306890010834,-0.37579014788922,"v20260312"
"WCD5518S","고민정","더불어민주당","liberal",22,-0.495755881071091,-0.363036160958997,"v20260312"
"WI719547","이주영","개혁신당","centrist",22,0.19255918264389,0.085982166102938,"v20260312"
"WTR5885Y","이소영","더불어민주당","liberal",22,-0.539651095867157,-0.391670948940211,"v20260312"
"X1K3667J","김교흥","더불어민주당","liberal",22,-0.503206670284271,-0.367896639952057,"v20260312"
"XG348314","정춘생","조국혁신당","rebuilding",22,-0.636806130409241,-0.455049470456624,"v20260312"
"XPP2564T","한정애","더불어민주당","liberal",22,-0.528891265392303,-0.384651836132752,"v20260312"
"XR24352K","서영석","더불어민주당","liberal",22,-0.49253711104393,-0.360936415059217,"v20260312"
"YGB8604T","천하람","개혁신당","centrist",22,0.247994169592857,0.12214485730743,"v20260312"
"YM42715P","김준혁","더불어민주당","liberal",22,-0.486364364624023,-0.356909659846444,"v20260312"
"YS38221N","최민희","더불어민주당","liberal",22,-0.479440420866013,-0.352392865420774,"v20260312"
"ZKB18611","조인철","더불어민주당","liberal",22,-0.490535706281662,-0.359630810307118,"v20260312"
"ZW43496R","박홍배","더불어민주연합","liberal",22,-0.590435147285461,-0.424799629411334,"v20260312"
"5K93695T","김승수","국민의힘","conservative",22,0.84636116027832,0.512486082264154,"v20260312"
"7469929V","구자근","국민의힘","conservative",22,0.739984095096588,0.443091622715556,"v20260312"
"HE08888N","김기웅","국민의힘","conservative",22,0.650346636772156,0.38461714830599,"v20260312"
"HRG9655C","김희정","국민의힘","conservative",22,0.833552062511444,0.504130141861785,"v20260312"
"LG63087O","권영세","국민의힘","conservative",22,0.765029311180115,0.459429723709648,"v20260312"
"NQO7187X","강선영","국민의미래","conservative",22,0.794116854667664,0.478404813466696,"v20260312"
"OSV9142K","이만희","국민의힘","conservative",22,0.716352224349976,0.42767550932888,"v20260312"
"PFG2137X","정희용","국민의힘","conservative",22,0.683549463748932,0.406276819303707,"v20260312"
"T2T8225E","강경숙","조국혁신당","rebuilding",22,-0.632530748844147,-0.452260450167646,"v20260312"
"1Y73132H","김상훈","국민의힘","conservative",22,0.625411152839661,0.368350630442181,"v20260312"
"3BC6890E","김미애","국민의힘","conservative",22,0.62586373090744,0.368645867111509,"v20260312"
"3NI5978A","조지연","국민의힘","conservative",22,0.726125955581665,0.43405134603238,"v20260312"
"42K7317Y","강승규","국민의힘","conservative",22,0.721176385879517,0.430822523034754,"v20260312"
"4X525582","배현진","국민의힘","conservative",22,0.667004346847534,0.395483708555827,"v20260312"
"5KV82250","조경태","국민의힘","conservative",22,0.307066202163696,0.160680154062304,"v20260312"
"6RD62559","박정하","국민의힘","conservative",22,0.701446354389191,0.417951751785247,"v20260312"
"6U243644","박형수","국민의힘","conservative",22,0.66070431470871,0.391373919244892,"v20260312"
"8XE7026P","정연욱","국민의힘","conservative",22,0.718402683734894,0.429013114578655,"v20260312"
"9901388T","강명구","국민의힘","conservative",22,0.596377849578857,0.349410923981469,"v20260312"
"9D939735","김성원","국민의힘","conservative",22,0.787786722183228,0.474275388370431,"v20260312"
"A0P4646G","최형두","국민의힘","conservative",22,0.699945747852325,0.416972839841747,"v20260312"
"ANS8383S","김대식","국민의힘","conservative",22,0.680244624614716,0.404120926722705,"v20260312"
"B7789327","인요한","국민의미래","conservative",22,0.644690752029419,0.380927564801117,"v20260312"
"CAA7713A","백종헌","국민의힘","conservative",22,0.632390916347504,0.372903838556884,"v20260312"
"CGW7415Z","정성국","국민의힘","conservative",22,0.711195349693298,0.424311452150308,"v20260312"
"CNZ51556","김예지","국민의미래","conservative",22,0.455920040607452,0.257784089510155,"v20260312"
"DAY6557K","정동만","국민의힘","conservative",22,0.715058863162994,0.426831792683582,"v20260312"
"DWK26447","이인선","국민의힘","conservative",22,0.714502573013306,0.426468900041038,"v20260312"
"E1J8836Y","김정재","국민의힘","conservative",22,0.749919056892395,0.449572637239488,"v20260312"
"EH27538E","임이자","국민의힘","conservative",22,0.695840179920197,0.414294596488225,"v20260312"
"EPI69383","김용태","국민의힘","conservative",22,0.679474949836731,0.403618833859407,"v20260312"
"EVH1507C","이헌승","국민의힘","conservative",22,0.747536242008209,0.448018221813475,"v20260312"
"G152611B","추경호","국민의힘","conservative",22,0.708792448043823,0.422743933239828,"v20260312"
"G6W8250J","박준태","국민의미래","conservative",22,0.742859542369843,0.444967404014346,"v20260312"
"GX22581L","강민국","국민의힘","conservative",22,0.807560563087463,0.487174738436211,"v20260312"
"HS39431V","고동진","국민의힘","conservative",22,0.772007942199707,0.46398219305223,"v20260312"
"HSW1214Q","이종배","국민의힘","conservative",22,0.688559830188751,0.409545302699425,"v20260312"
"JEZ3130Q","김형동","국민의힘","conservative",22,0.609937191009521,0.358256281472846,"v20260312"
"JNL7001A","김선교","국민의힘","conservative",22,0.959605634212494,0.586360455956471,"v20260312"
"JP222486","서천호","국민의힘","conservative",22,0.787952959537506,0.474383832341293,"v20260312"
"JQA21112","한기호","국민의힘","conservative",22,1,0.612711485455579,"v20260312"
"JZV5283U","유영하","국민의힘","conservative",22,0.751195669174194,0.450405427833938,"v20260312"
"KBK8836C","유용원","국민의미래","conservative",22,0.675014197826385,0.400708888238991,"v20260312"
"KFM1081G","장동혁","국민의힘","conservative",22,0.714076399803162,0.426190888426961,"v20260312"
"L2I9861C","강대식","국민의힘","conservative",22,0.830793499946594,0.502330609622465,"v20260312"
"L5P27909","김은혜","국민의힘","conservative",22,0.76785159111023,0.461270821601478,"v20260312"
"L7J93733","서범수","국민의힘","conservative",22,0.583772778511047,0.341188079209168,"v20260312"
"LCZ1711I","김위상","국민의미래","conservative",22,0.604372620582581,0.354626266330597,"v20260312"
"LH97552Q","김도읍","국민의힘","conservative",22,0.730754375457764,0.437070668809495,"v20260312"
"LYY5513O","권영진","국민의힘","conservative",22,0.540454685688019,0.312929773389257,"v20260312"
"ME83002L","조승환","국민의힘","conservative",22,0.793327391147614,0.477889811532646,"v20260312"
"MQU41854","조은희","국민의힘","conservative",22,0.712565779685974,0.425205444182599,"v20260312"
"MR210505","서일준","국민의힘","conservative",22,0.681617677211761,0.405016629595698,"v20260312"
"N378078V","김종양","국민의힘","conservative",22,0.604595184326172,0.354771454493809,"v20260312"
"N4R2421C","박덕흠","국민의힘","conservative",22,0.667602241039276,0.395873741353144,"v20260312"
"NLS46526","이종욱","국민의힘","conservative",22,0.835385024547577,0.505325863981522,"v20260312"
"NX534083","박성훈","국민의힘","conservative",22,0.903990566730499,0.550080290264002,"v20260312"
"P7U7800Z","서지영","국민의힘","conservative",22,0.914060294628143,0.556649218670371,"v20260312"
"PYA8594I","안상훈","국민의미래","conservative",22,0.690037429332733,0.410509205904039,"v20260312"
"Q918403D","한지아","국민의미래","conservative",22,0.615243256092072,0.361717662157716,"v20260312"
"QDU1100U","진종오","국민의미래","conservative",22,0.704821228981018,0.420153331589541,"v20260312"
"QQ429063","서명옥","국민의힘","conservative",22,0.732524931430817,0.438225680697073,"v20260312"
"QQP4727N","배준영","국민의힘","conservative",22,0.638326346874237,0.376775782127496,"v20260312"
"RAJ1024Z","임종득","국민의힘","conservative",22,0.735114753246307,0.439915135890315,"v20260312"
"REG96285","곽규택","국민의힘","conservative",22,0.72473794221878,0.433145883590837,"v20260312"
"ROS6754L","이달희","국민의미래","conservative",22,0.696844696998596,0.414949887359841,"v20260312"
"SLW27496","나경원","국민의힘","conservative",22,0.935224413871765,0.570455508721936,"v20260312"
"TCP9838Y","김민전","국민의미래","conservative",22,0.996055543422699,0.610138342157002,"v20260312"
"TZP9391O","이철규","국민의힘","conservative",22,0.884253442287445,0.537204891968051,"v20260312"
"UOS16250","최보윤","국민의미래","conservative",22,0.815660417079926,0.492458631061649,"v20260312"
"VA04150X","박상웅","국민의힘","conservative",22,0.669225335121155,0.396932557333976,"v20260312"
"VDN5593C","김상욱","국민의힘","conservative",22,-0.368266373872757,-0.279869122697213,"v20260312"
"W4X85128","박대출","국민의힘","conservative",22,1,0.612711485455579,"v20260312"
"WJL30106","조정훈","국민의힘","conservative",22,0.63641357421875,0.375527996014577,"v20260312"
"WXJ8352N","이성권","국민의힘","conservative",22,0.578430116176605,0.337702824519956,"v20260312"
"X3170462","박성민","국민의힘","conservative",22,0.746155560016632,0.447117541949349,"v20260312"
"X639721U","임미애","더불어민주연합","liberal",22,-0.594936668872833,-0.427736170828117,"v20260312"
"Y0X4618N","박수민","국민의힘","conservative",22,0.723594844341278,0.432400190341217,"v20260312"
"ZRF3039U","윤재옥","국민의힘","conservative",22,0.750745475292206,0.450111746474339,"v20260312"
"M2Q9024I","김종민","새로운미래","centrist",22,-0.499564737081528,-0.365520846016732,"v20260312"
"UQ282145","이재정","더불어민주당","liberal",22,-0.575541913509369,-0.415084115009266,"v20260312"
"6EN68926","송언석","국민의힘","conservative",22,0.705038011074066,0.42029474812666,"v20260312"
"7XY7109I","성일종","국민의힘","conservative",22,0.722437024116516,0.431644893054019,"v20260312"
"8348421R","엄태영","국민의힘","conservative",22,0.736307442188263,0.440693179582301,"v20260312"
"8L52480G","이상휘","국민의힘","conservative",22,0.660180032253265,0.391031906635461,"v20260312"
"8UC4779G","우재준","국민의힘","conservative",22,0.637517154216766,0.376247910005437,"v20260312"
"AEJ19639","박정훈","국민의힘","conservative",22,0.632165193557739,0.372756589608281,"v20260312"
"FU87526G","박수영","국민의힘","conservative",22,0.915542364120483,0.557616038080727,"v20260312"
"GDG1847Z","권성동","국민의힘","conservative",22,0.84900712966919,0.514212165001517,"v20260312"
"GJK57930","주진우","국민의힘","conservative",22,0.629302442073822,0.370889090333799,"v20260312"
"GP21946O","박충권","국민의미래","conservative",22,0.819314479827881,0.494842337635221,"v20260312"
"IWK63872","조배숙","국민의미래","conservative",22,0.659530222415924,0.390608006968793,"v20260312"
"LJK4960Z","정점식","국민의힘","conservative",22,0.7370765209198,0.441194883618167,"v20260312"
"MU69217P","유상범","국민의힘","conservative",22,0.792272686958313,0.477201781391232,"v20260312"
"OWD1018N","신동욱","국민의힘","conservative",22,0.796525955200195,0.479976376182472,"v20260312"
"P0F1530P","김태호","국민의힘","conservative",22,0.570427417755127,0.332482310765979,"v20260312"
"RMC1840P","신성범","국민의힘","conservative",22,0.659110605716705,0.390334272456471,"v20260312"
"TQP7167T","김건","국민의미래","conservative",22,0.611684203147888,0.359395934676849,"v20260312"
"UF53617M","최은석","국민의힘","conservative",22,0.933687031269073,0.569452606125865,"v20260312"
"WJG74792","최수진","국민의미래","conservative",22,0.760525524616241,0.456491704748622,"v20260312"
"X7E7893P","김장겸","국민의미래","conservative",22,0.781153857707977,0.469948477821313,"v20260312"
"X7I4680R","김기현","국민의힘","conservative",22,0.753495454788208,0.451905679598634,"v20260312"
"ZYP7962W","김석기","국민의힘","conservative",22,0.724145174026489,0.432759194709438,"v20260312"
"1SR94244","김소희","국민의미래","conservative",22,0.775591731071472,0.466320056871537,"v20260312"
"8SV6917G","주호영","국민의힘","conservative",22,0.739409506320953,0.442716793070842,"v20260312"
"8X15119P","윤한홍","국민의힘","conservative",22,0.951836824417114,0.58129251808692,"v20260312"
"CNW5754J","송석준","국민의힘","conservative",22,0.724490225315094,0.432984286909983,"v20260312"
"9VR65006","윤영석","국민의힘","conservative",22,0.607553064823151,0.356701010626482,"v20260312"
"MSY7784L","윤상현","국민의힘","conservative",22,0.702265799045563,0.418486311739141,"v20260312"
"S9U45255","이양수","국민의힘","conservative",22,0.826002538204193,0.499205253604568,"v20260312"
"YN160848","백선희","조국혁신당","rebuilding",22,-0.629183232784271,-0.450076717542494,"v20260312"
"2KM3589W","손솔","더불어민주연합","liberal",22,-0.96822988986969,-0.671251831651976,"v20260312"
"CC78321E","최혁진","더불어민주연합","liberal",22,-0.578054428100586,-0.416723139284542,"v20260312"
"RBM5454A","이주희","더불어민주당","liberal",22,-0.47527602314949,-0.349676244799686,"v20260312"
